사고번호,사고일시,요일,시군구,사고내용,사망자수,중상자수,경상자수,부상신고자수,사고유형,법규위반,노면상태,기상상태,도로형태,가해운전자 차종,가해운전자 성별,가해운전자 연령,가해운전자 상해정도,피해운전자 차종,피해운전자 성별,피해운전자 연령,피해운전자 상해정도
2012011900100575,2012년 1월 19일 20시,목요일,울산광역시 중구 복산동,경상사고,0,0,1,0,차대차 - 추돌 - 주정차중,안전운전불이행,습기,비,단일로 - 기타,승용,남,44세,상해없음,승용,여,35세,경상
2012011900100576,2012년 1월 19일 20시,목요일,울산광역시 남구 삼산동,경상사고,0,0,1,0,차대사람 - 횡단중,보행자보호의무위반,습기,비,교차로 - 교차로부근,승용,남,35세,상해없음,보행자,남,31세,경상
2012011900100607,2012년 1월 19일 21시,목요일,울산광역시 울주군 온산읍,중상사고,0,1,0,0,차대차 - 추돌 - 진행중,안전운전불이행,습기,비,단일로 - 기타,승용,남,39세,상해없음,승용,남,28세,중상
2012011900100647,2012년 1월 19일 22시,목요일,울산광역시 북구 천곡동,부상신고사고,0,0,0,1,차대사람 - 기타,안전운전불이행,습기,비,단일로 - 기타,승용,남,45세,상해없음,보행자,여,29세,부상신고
2012011900100648,2012년 1월 19일 22시,목요일,울산광역시 남구 삼산동,경상사고,0,0,1,0,차대차 - 측면직각충돌,중앙선침범,습기,비,단일로 - 기타,승용,남,54세,상해없음,승용,여,57세,경상
2012011900100697,2012년 1월 19일 23시,목요일,울산광역시 남구 삼산동,중상사고,0,1,1,0,차대차 - 추돌 - 주정차중,안전운전불이행,습기,비,교차로 - 교차로부근,승용,남,43세,상해없음,승용,남,40세,중상
2012012000100180,2012년 1월 20일 08시,금요일,울산광역시 울주군 삼남면,경상사고,0,0,2,0,차대차 - 측면직각충돌,안전운전불이행,습기,비,단일로 - 기타,승용,남,28세,상해없음,승용,남,39세,경상
2012012000100209,2012년 1월 20일 09시,금요일,울산광역시 북구 양정동,중상사고,0,1,0,0,차대차 - 추돌 - 진행중,안전운전불이행,건조,맑음,단일로 - 기타,화물,남,21세,중상,화물,남,36세,상해없음
2012012000100400,2012년 1월 20일 15시,금요일,울산광역시 중구 태화동,중상사고,0,2,3,0,차대차 - 추돌 - 주정차중,안전거리미확보,건조,맑음,교차로 - 교차로부근,승용,남,37세,중상,승용,여,55세,경상
2012012000100401,2012년 1월 20일 15시,금요일,울산광역시 동구 서부동,경상사고,0,0,1,0,차대차 - 추돌 - 진행중,안전거리미확보,건조,맑음,기타 - 기타,승용,남,56세,상해없음,승용,남,45세,경상
2012012000100467,2012년 1월 20일 17시,금요일,울산광역시 북구 효문동,중상사고,0,4,1,0,차대차 - 추돌 - 주정차중,안전거리미확보,습기,비,단일로 - 교량,승용,여,41세,상해없음,승용,남,45세,중상
2012012000100468,2012년 1월 20일 17시,금요일,울산광역시 동구 화정동,중상사고,0,1,0,0,차대차 - 추돌 - 진행중,안전거리미확보,습기,비,교차로 - 교차로안,승용,남,54세,상해없음,이륜,남,55세,중상
2012012000100535,2012년 1월 20일 18시,금요일,울산광역시 남구 옥동,경상사고,0,0,1,0,차대차 - 추돌 - 주정차중,안전운전불이행,습기,비,교차로 - 교차로부근,화물,남,61세,상해없음,승용,남,40세,경상
2012012000100536,2012년 1월 20일 18시,금요일,울산광역시 남구 신정동,경상사고,0,0,1,0,차대차 - 추돌 - 진행중,안전운전불이행,습기,비,단일로 - 기타,승용,남,65세,상해없음,승용,여,27세,경상
2012012000100537,2012년 1월 20일 18시,금요일,울산광역시 남구 신정동,중상사고,0,1,0,0,차대차 - 측면직각충돌,교차로운행방법위반,습기,흐림,교차로 - 교차로안,승합,남,63세,상해없음,승용,남,28세,상해없음
2012012000100623,2012년 1월 20일 20시,금요일,울산광역시 울주군 청량면,중상사고,0,1,0,0,차대사람 - 횡단중,보행자보호의무위반,습기,비,단일로 - 기타,승용,여,25세,상해없음,보행자,여,44세,중상
2012012000100650,2012년 1월 20일 21시,금요일,울산광역시 동구 전하동,경상사고,0,0,1,0,차대사람 - 기타,안전운전불이행,건조,맑음,단일로 - 기타,승용,남,40세,상해없음,보행자,남,16세,경상
2012012100100022,2012년 1월 21일 00시,토요일,울산광역시 중구 태화동,중상사고,0,2,1,0,차대차 - 추돌 - 진행중,안전운전불이행,건조,흐림,단일로 - 기타,승용,남,33세,상해없음,승용,남,18세,중상
2012012100100048,2012년 1월 21일 01시,토요일,울산광역시 울주군 청량면,중상사고,0,1,1,0,차대차 - 추돌 - 주정차중,안전운전불이행,건조,맑음,교차로 - 교차로부근,승용,남,24세,상해없음,승용,남,64세,중상
2012012100100090,2012년 1월 21일 03시,토요일,울산광역시 남구 삼산동,중상사고,0,1,0,0,차대차 - 추돌 - 주정차중,안전운전불이행,습기,비,교차로 - 교차로부근,승용,남,45세,상해없음,화물,남,45세,기타불명
2012012100100091,2012년 1월 21일 03시,토요일,울산광역시 울주군 삼남면,경상사고,0,0,2,0,차대차 - 측면직각충돌,신호위반,건조,맑음,단일로 - 기타,승용,여,55세,경상,특수,남,74세,경상
2012012100100100,2012년 1월 21일 04시,토요일,울산광역시 중구 서동,경상사고,0,0,1,0,차대차 - 측면직각충돌,교차로운행방법위반,건조,맑음,교차로 - 교차로안,승용,기타불명,기타불명,기타불명,승합,남,26세,경상
2012012100100115,2012년 1월 21일 05시,토요일,울산광역시 남구 야음동,중상사고,0,1,0,0,차대사람 - 횡단중,안전운전불이행,건조,흐림,교차로 - 교차로부근,승용,남,61세,상해없음,보행자,남,42세,중상
2012012100100138,2012년 1월 21일 06시,토요일,울산광역시 남구 무거동,중상사고,0,1,0,0,차대사람 - 횡단중,신호위반,건조,흐림,단일로 - 기타,화물,남,72세,상해없음,보행자,여,21세,중상
2012012100100154,2012년 1월 21일 07시,토요일,울산광역시 남구 달동,경상사고,0,0,1,0,차대차 - 추돌 - 주정차중,안전운전불이행,건조,흐림,단일로 - 기타,화물,남,22세,상해없음,승용,남,31세,경상
2012012100100168,2012년 1월 21일 08시,토요일,울산광역시 울주군 온산읍,부상신고사고,0,0,0,1,차대차 - 추돌 - 진행중,안전운전불이행,건조,맑음,교차로 - 교차로부근,승용,기타불명,기타불명,기타불명,승용,남,33세,부상신고
2012012100100271,2012년 1월 21일 13시,토요일,울산광역시 남구 신정동,경상사고,0,0,1,0,차대차 - 측면직각충돌,신호위반,건조,맑음,교차로 - 교차로안,자전거,남,69세,경상,승용,남,41세,상해없음
2012012100100272,2012년 1월 21일 13시,토요일,울산광역시 동구 서부동,경상사고,0,0,2,0,차대차 - 측면직각충돌,신호위반,습기,비,교차로 - 교차로안,승용,남,56세,상해없음,승용,남,39세,경상
2012012100100273,2012년 1월 21일 13시,토요일,울산광역시 동구 전하동,중상사고,0,1,0,0,차대사람 - 횡단중,신호위반,건조,맑음,교차로 - 교차로안,승용,여,60세,상해없음,보행자,여,13세,중상
2012012100100274,2012년 1월 21일 13시,토요일,울산광역시 울주군 언양읍,부상신고사고,0,0,0,1,차대차 - 추돌 - 주정차중,안전운전불이행,건조,흐림,단일로 - 횡단보도부근,승용,남,50세,상해없음,승용,남,53세,상해없음
2012012100100303,2012년 1월 21일 14시,토요일,울산광역시 동구 일산동,중상사고,0,2,0,0,차대차 - 추돌 - 진행중,안전운전불이행,건조,맑음,교차로 - 교차로안,승용,남,68세,상해없음,승용,남,33세,중상
2012012100100343,2012년 1월 21일 15시,토요일,울산광역시 중구 학성동,경상사고,0,0,1,0,차대차 - 정면충돌,교차로운행방법위반,건조,맑음,교차로 - 교차로안,승용,남,54세,상해없음,승용,여,47세,경상
2012012100100372,2012년 1월 21일 16시,토요일,울산광역시 남구 달동,중상사고,0,2,2,0,차대차 - 추돌 - 주정차중,안전운전불이행,습기,흐림,단일로 - 기타,승용,남,36세,상해없음,승용,남,33세,중상
2012012100100377,2012년 1월 21일 17시,토요일,울산광역시 울주군 언양읍,경상사고,0,0,1,0,차대차 - 기타,안전거리미확보,건조,맑음,단일로 - 기타,승용,남,44세,상해없음,승용,여,26세,경상
2012012100100495,2012년 1월 21일 20시,토요일,울산광역시 북구 천곡동,중상사고,0,1,0,0,차대차 - 정면충돌,중앙선침범,건조,맑음,단일로 - 기타,승용,남,33세,상해없음,승용,여,37세,중상
2012012100100496,2012년 1월 21일 20시,토요일,울산광역시 동구 전하동,경상사고,0,0,1,0,차대사람 - 길가장자리구역통행중,안전운전불이행,건조,맑음,단일로 - 기타,승용,남,48세,상해없음,보행자,여,48세,경상
2012012100100520,2012년 1월 21일 21시,토요일,울산광역시 남구 삼산동,중상사고,0,2,0,0,차대차 - 측면직각충돌,신호위반,건조,맑음,교차로 - 교차로안,승용,남,57세,상해없음,원동기,남,56세,중상
2012012100100545,2012년 1월 21일 22시,토요일,울산광역시 북구 상안동,경상사고,0,0,1,0,차대차 - 추돌 - 주정차중,안전거리미확보,건조,맑음,교차로 - 교차로부근,승용,남,39세,상해없음,승용,여,39세,경상
2012012200100073,2012년 1월 22일 04시,일요일,울산광역시 남구 삼산동,중상사고,0,1,0,1,차대차 - 측면직각충돌,교차로운행방법위반,건조,맑음,교차로 - 교차로안,승용,남,22세,상해없음,승용,남,27세,상해없음
2012012200100100,2012년 1월 22일 07시,일요일,울산광역시 중구 유곡동,중상사고,0,1,0,0,차대사람 - 횡단중,안전운전불이행,건조,맑음,단일로 - 횡단보도상,승용,남,25세,상해없음,보행자,남,69세,중상
2012012200100189,2012년 1월 22일 13시,일요일,울산광역시 남구 두왕동,경상사고,0,0,1,0,차대차 - 측면직각충돌,중앙선침범,건조,맑음,단일로 - 기타,승용,남,25세,상해없음,승용,남,51세,경상
2012012200100272,2012년 1월 22일 17시,일요일,울산광역시 북구 화봉동,경상사고,0,0,1,0,차대차 - 측면직각충돌,중앙선침범,기타,맑음,단일로 - 기타,승용,여,38세,상해없음,승용,남,37세,경상
2012012200100293,2012년 1월 22일 18시,일요일,울산광역시 북구 호계동,중상사고,0,1,0,0,차대차 - 추돌 - 진행중,안전운전불이행,건조,맑음,단일로 - 기타,승용,남,22세,상해없음,농기계,남,44세,중상
2012012200100294,2012년 1월 22일 18시,일요일,울산광역시 울주군 상북면,경상사고,0,0,4,0,차대차 - 기타,안전운전불이행,건조,맑음,단일로 - 기타,승용,남,27세,기타불명,승용,남,49세,경상
2012012200100295,2012년 1월 22일 18시,일요일,울산광역시 울주군 온산읍,부상신고사고,0,0,0,1,차대차 - 추돌 - 주정차중,안전거리미확보,건조,맑음,교차로 - 교차로부근,승용,여,43세,상해없음,승용,여,45세,부상신고
2012012300100022,2012년 1월 23일 01시,월요일,울산광역시 남구 달동,경상사고,0,0,1,0,차대사람 - 길가장자리구역통행중,안전운전불이행,건조,맑음,단일로 - 기타,승용,남,23세,상해없음,보행자,남,49세,경상
2012012300100084,2012년 1월 23일 09시,월요일,울산광역시 중구 태화동,경상사고,0,0,1,0,차대차 - 측면직각충돌,안전운전불이행,건조,맑음,교차로 - 교차로안,승용,남,58세,상해없음,승용,남,57세,상해없음
2012012300100281,2012년 1월 23일 19시,월요일,울산광역시 남구 두왕동,중상사고,0,1,2,0,차대차 - 추돌 - 주정차중,안전운전불이행,건조,맑음,단일로 - 기타,승용,남,23세,상해없음,승용,남,39세,경상
2012012400100050,2012년 1월 24일 03시,화요일,울산광역시 남구 달동,중상사고,0,3,1,0,차대차 - 기타,신호위반,건조,맑음,교차로 - 교차로안,승용,남,47세,상해없음,승용,남,48세,중상
2012012400100145,2012년 1월 24일 13시,화요일,울산광역시 남구 삼산동,경상사고,0,0,1,0,차대사람 - 기타,보행자보호의무위반,건조,맑음,단일로 - 횡단보도상,승용,남,27세,상해없음,보행자,남,27세,경상
2012012400100346,2012년 1월 24일 23시,화요일,울산광역시 남구 달동,경상사고,0,0,2,0,차대차 - 추돌 - 진행중,안전운전불이행,건조,맑음,교차로 - 교차로부근,승용,남,21세,기타불명,승용,남,54세,경상
2012012500100022,2012년 1월 25일 00시,수요일,울산광역시 중구 다운동,경상사고,0,0,1,0,차대사람 - 기타,안전운전불이행,건조,맑음,교차로 - 교차로안,승용,남,48세,상해없음,보행자,남,39세,경상
2012012500100083,2012년 1월 25일 06시,수요일,울산광역시 남구 야음동,중상사고,0,1,0,0,차대차 - 추돌 - 주정차중,신호위반,건조,맑음,교차로 - 교차로안,승용,남,56세,상해없음,자전거,여,41세,중상
2012012500100126,2012년 1월 25일 08시,수요일,울산광역시 중구 태화동,중상사고,0,1,3,0,차대차 - 측면직각충돌,불법유턴,건조,맑음,단일로 - 기타,승용,여,61세,경상,승합,남,47세,경상
2012012500100127,2012년 1월 25일 08시,수요일,울산광역시 북구 화봉동,경상사고,0,0,1,0,차량단독 - 전도전복,안전운전불이행,결빙,맑음,단일로 - 기타,이륜,남,58세,경상,,,,
2012012500100128,2012년 1월 25일 08시,수요일,울산광역시 동구 방어동,중상사고,0,1,1,0,차대차 - 기타,안전운전불이행,건조,맑음,단일로 - 기타,승용,남,41세,중상,화물,남,55세,경상
2012012500100152,2012년 1월 25일 09시,수요일,울산광역시 중구 남외동,중상사고,0,2,0,0,차대차 - 측면직각충돌,교차로운행방법위반,건조,맑음,교차로 - 교차로안,승용,남,54세,상해없음,승용,남,63세,중상
2012012500100197,2012년 1월 25일 11시,수요일,울산광역시 중구 옥교동,경상사고,0,0,2,0,차대차 - 측면직각충돌,교차로운행방법위반,건조,맑음,교차로 - 교차로안,승용,남,26세,상해없음,승용,여,42세,경상
2012012500100198,2012년 1월 25일 11시,수요일,울산광역시 울주군 삼남면,부상신고사고,0,0,0,3,차대차 - 기타,신호위반,건조,맑음,기타 - 기타,승용,여,61세,부상신고,승용,남,43세,부상신고
2012012500100322,2012년 1월 25일 14시,수요일,울산광역시 동구 서부동,중상사고,0,2,0,0,차대차 - 측면직각충돌,중앙선침범,건조,맑음,단일로 - 기타,승용,남,54세,상해없음,승용,남,52세,중상
2012012500100356,2012년 1월 25일 15시,수요일,울산광역시 남구 달동,중상사고,0,1,0,0,차대차 - 측면직각충돌,안전운전불이행,건조,맑음,단일로 - 기타,승용,여,52세,상해없음,승용,남,58세,중상
2012012500100469,2012년 1월 25일 18시,수요일,울산광역시 동구 서부동,중상사고,0,1,0,0,차대사람 - 횡단중,안전운전불이행,건조,맑음,교차로 - 교차로부근,화물,남,44세,상해없음,보행자,여,51세,중상
2012012600100071,2012년 1월 26일 05시,목요일,울산광역시 동구 전하동,경상사고,0,0,1,0,차대차 - 추돌 - 주정차중,안전운전불이행,건조,맑음,단일로 - 기타,승용,남,35세,상해없음,승합,남,45세,경상
2012012600100099,2012년 1월 26일 07시,목요일,울산광역시 남구 신정동,경상사고,0,0,1,0,차대차 - 추돌 - 진행중,안전운전불이행,건조,맑음,교차로 - 교차로부근,승용,남,21세,상해없음,승용,여,32세,경상
2012012600100167,2012년 1월 26일 10시,목요일,울산광역시 북구 화봉동,경상사고,0,0,1,0,차대사람 - 길가장자리구역통행중,안전운전불이행,건조,맑음,단일로 - 기타,이륜,남,79세,상해없음,보행자,남,40세,경상
2012012600100168,2012년 1월 26일 10시,목요일,울산광역시 동구 동부동,중상사고,0,1,0,0,차대차 - 추돌 - 진행중,기타,건조,맑음,교차로 - 교차로부근,승용,남,59세,상해없음,승용,남,59세,기타불명
2012012600100264,2012년 1월 26일 13시,목요일,울산광역시 울주군 언양읍,부상신고사고,0,0,0,1,차대사람 - 횡단중,안전운전불이행,건조,맑음,교차로 - 교차로안,승용,남,40세,상해없음,보행자,남,74세,부상신고
2012012600100265,2012년 1월 26일 13시,목요일,울산광역시 울주군 온산읍,중상사고,0,1,0,0,차량단독 - 공작물충돌,안전운전불이행,건조,맑음,교차로 - 교차로안,승용,남,47세,중상,,,,
2012012600100444,2012년 1월 26일 18시,목요일,울산광역시 울주군 삼남면,경상사고,0,0,1,0,차대차 - 기타,교차로운행방법위반,건조,맑음,교차로 - 교차로안,승용,남,58세,상해없음,이륜,남,18세,경상
2012012600100485,2012년 1월 26일 19시,목요일,울산광역시 남구 무거동,중상사고,0,1,0,1,차대차 - 추돌 - 주정차중,안전운전불이행,건조,맑음,단일로 - 기타,승용,남,53세,상해없음,승용,남,37세,부상신고
2012012600100515,2012년 1월 26일 20시,목요일,울산광역시 울주군 청량면,중상사고,0,1,0,0,차대사람 - 횡단중,안전운전불이행,건조,맑음,단일로 - 기타,화물,남,54세,상해없음,보행자,남,55세,중상
2012012600100546,2012년 1월 26일 21시,목요일,울산광역시 남구 달동,중상사고,0,1,0,0,차대차 - 기타,교차로운행방법위반,건조,맑음,교차로 - 교차로안,승용,여,42세,상해없음,원동기,남,17세,중상
2012012600100591,2012년 1월 26일 23시,목요일,울산광역시 동구 서부동,중상사고,0,1,2,0,차대차 - 추돌 - 주정차중,안전운전불이행,건조,맑음,단일로 - 기타,승용,남,44세,상해없음,승용,남,40세,경상
2012012700100092,2012년 1월 27일 07시,금요일,울산광역시 북구 진장동,경상사고,0,0,2,0,차대차 - 측면직각충돌,안전거리미확보,건조,맑음,단일로 - 기타,승합,남,48세,상해없음,화물,여,69세,경상
2012012700100229,2012년 1월 27일 12시,금요일,울산광역시 북구 연암동,중상사고,0,1,1,0,차대차 - 추돌 - 주정차중,안전거리미확보,건조,맑음,단일로 - 기타,화물,남,37세,중상,화물,남,32세,경상
2012012700100354,2012년 1월 27일 16시,금요일,울산광역시 남구 옥동,중상사고,0,1,0,0,차대사람 - 횡단중,보행자보호의무위반,건조,맑음,교차로 - 교차로안,화물,남,39세,상해없음,보행자,여,20세,중상
2012012700100543,2012년 1월 27일 22시,금요일,울산광역시 울주군 범서읍,경상사고,0,0,4,0,차대차 - 추돌 - 진행중,안전운전불이행,건조,맑음,단일로 - 기타,승용,여,44세,상해없음,승용,남,52세,경상
2012012700100595,2012년 1월 27일 23시,금요일,울산광역시 북구 연암동,중상사고,0,1,3,0,차대차 - 추돌 - 주정차중,기타,건조,맑음,교차로 - 교차로부근,승용,남,18세,상해없음,승용,남,31세,경상
2012012800100032,2012년 1월 28일 00시,토요일,울산광역시 북구 효문동,중상사고,0,1,0,0,차대차 - 추돌 - 주정차중,안전운전불이행,건조,맑음,교차로 - 교차로부근,승용,남,26세,상해없음,승용,남,62세,중상
2012012800100033,2012년 1월 28일 00시,토요일,울산광역시 남구 야음동,중상사고,0,1,0,0,차대차 - 측면직각충돌,차로위반,건조,맑음,교차로 - 교차로안,승용,남,68세,상해없음,승용,남,54세,상해없음
2012012800100204,2012년 1월 28일 10시,토요일,울산광역시 남구 삼산동,경상사고,0,0,1,0,차대차 - 기타,안전운전불이행,건조,맑음,교차로 - 교차로부근,이륜,여,33세,경상,승합,남,51세,상해없음
2012012800100247,2012년 1월 28일 12시,토요일,울산광역시 남구 야음동,사망사고,1,0,0,0,차대차 - 정면충돌,신호위반,건조,맑음,교차로 - 교차로안,승용,남,39세,상해없음,이륜,남,53세,사망
2012012800100299,2012년 1월 28일 14시,토요일,울산광역시 울주군 삼남면,경상사고,0,0,1,0,차대차 - 측면직각충돌,안전운전불이행,건조,맑음,단일로 - 기타,원동기,남,16세,경상,승용,남,21세,상해없음
2012012800100315,2012년 1월 28일 15시,토요일,울산광역시 중구 남외동,경상사고,0,0,1,0,차대차 - 추돌 - 진행중,안전거리미확보,건조,맑음,단일로 - 기타,승합,남,46세,상해없음,승용,여,51세,경상
2012012800100316,2012년 1월 28일 15시,토요일,울산광역시 남구 옥동,경상사고,0,0,1,0,차대사람 - 기타,안전운전불이행,건조,맑음,기타 - 기타,자전거,남,22세,상해없음,보행자,남,3세,경상
2012012800100352,2012년 1월 28일 17시,토요일,울산광역시 남구 삼산동,경상사고,0,0,1,0,차대차 - 기타,신호위반,건조,맑음,교차로 - 교차로안,승용,여,48세,상해없음,이륜,남,52세,경상
2012012800100384,2012년 1월 28일 18시,토요일,울산광역시 북구 신천동,중상사고,0,2,0,0,차대차 - 추돌 - 진행중,신호위반,건조,맑음,교차로 - 교차로안,원동기,남,15세,중상,승용,남,26세,중상
2012012800100409,2012년 1월 28일 19시,토요일,울산광역시 남구 신정동,경상사고,0,0,2,0,차대차 - 추돌 - 주정차중,안전거리미확보,건조,맑음,단일로 - 기타,승용,남,65세,상해없음,승용,남,45세,경상
2012012800100432,2012년 1월 28일 20시,토요일,울산광역시 중구 남외동,경상사고,0,0,2,0,차대차 - 측면직각충돌,중앙선침범,건조,맑음,단일로 - 횡단보도부근,승용,남,25세,상해없음,이륜,남,16세,경상
2012012800100455,2012년 1월 28일 21시,토요일,울산광역시 남구 삼산동,경상사고,0,0,1,0,차대차 - 기타,안전운전불이행,건조,맑음,교차로 - 교차로부근,승용,남,48세,상해없음,이륜,남,28세,경상
2012012800100456,2012년 1월 28일 21시,토요일,울산광역시 남구 야음동,경상사고,0,0,1,0,차대차 - 기타,안전운전불이행,건조,맑음,교차로 - 교차로부근,승용,남,44세,상해없음,승용,남,39세,경상
2012012800100500,2012년 1월 28일 23시,토요일,울산광역시 북구 명촌동,경상사고,0,0,1,0,차대차 - 측면직각충돌,직진우회전진행방해,건조,맑음,교차로 - 교차로안,승합,남,22세,상해없음,승용,여,52세,경상
2012012900100023,2012년 1월 29일 00시,일요일,울산광역시 울주군 온양읍,경상사고,0,0,1,0,차대사람 - 기타,안전운전불이행,건조,맑음,단일로 - 기타,승용,남,65세,상해없음,보행자,여,18세,경상
2012012900100066,2012년 1월 29일 02시,일요일,울산광역시 중구 약사동,중상사고,0,2,0,0,차대차 - 추돌 - 주정차중,안전운전불이행,건조,맑음,교차로 - 교차로부근,승용,남,49세,상해없음,승용,여,45세,중상
2012012900100074,2012년 1월 29일 03시,일요일,울산광역시 남구 신정동,중상사고,0,1,0,0,차대차 - 측면직각충돌,안전운전불이행,건조,맑음,단일로 - 기타,화물,남,50세,상해없음,승용,남,42세,중상
2012012900100140,2012년 1월 29일 08시,일요일,울산광역시 울주군 범서읍,중상사고,0,2,0,0,차대차 - 추돌 - 진행중,안전운전불이행,건조,맑음,단일로 - 기타,승용,남,28세,기타불명,건설기계,남,24세,기타불명
2012012900100141,2012년 1월 29일 08시,일요일,울산광역시 울주군 삼남면,경상사고,0,0,2,0,차대차 - 측면직각충돌,안전운전불이행,건조,맑음,교차로 - 교차로안,승용,남,54세,경상,승용,남,33세,경상
2012012900100184,2012년 1월 29일 11시,일요일,울산광역시 중구 반구동,중상사고,0,1,0,0,차대차 - 측면직각충돌,신호위반,건조,맑음,교차로 - 교차로안,승용,여,52세,상해없음,승용,남,22세,중상
2012012900100277,2012년 1월 29일 16시,일요일,울산광역시 울주군 범서읍,중상사고,0,3,1,0,차대차 - 정면충돌,중앙선침범,건조,맑음,단일로 - 기타,승용,여,51세,상해없음,승용,남,55세,중상
2012012900100299,2012년 1월 29일 17시,일요일,울산광역시 중구 반구동,중상사고,0,1,0,0,차대차 - 추돌 - 진행중,안전운전불이행,건조,맑음,단일로 - 기타,승용,남,26세,상해없음,승합,여,50세,중상
2012012900100358,2012년 1월 29일 19시,일요일,울산광역시 남구 삼산동,경상사고,0,0,1,0,차대사람 - 차도통행중,안전운전불이행,건조,맑음,단일로 - 기타,승용,남,48세,상해없음,보행자,남,47세,경상
2012012900100383,2012년 1월 29일 20시,일요일,울산광역시 울주군 범서읍,중상사고,0,1,0,0,차대차 - 정면충돌,교차로운행방법위반,건조,맑음,단일로 - 기타,승용,남,54세,상해없음,원동기,남,52세,중상
2012013000100015,2012년 1월 30일 01시,월요일,울산광역시 울주군 범서읍,경상사고,0,0,1,0,차대차 - 추돌 - 주정차중,안전운전불이행,건조,맑음,단일로 - 기타,승용,남,43세,상해없음,승용,여,21세,경상
2012013000100028,2012년 1월 30일 02시,월요일,울산광역시 북구 진장동,경상사고,0,0,1,0,차대차 - 추돌 - 주정차중,안전운전불이행,건조,맑음,단일로 - 기타,승용,남,26세,경상,화물,남,46세,기타불명
2012013000100053,2012년 1월 30일 06시,월요일,울산광역시 남구 달동,중상사고,0,1,0,0,차대차 - 측면직각충돌,안전거리미확보,건조,맑음,교차로 - 교차로부근,승용,남,45세,상해없음,승용,남,21세,중상
2012013000100072,2012년 1월 30일 07시,월요일,울산광역시 북구 명촌동,중상사고,0,1,0,0,차대차 - 기타,안전운전불이행,건조,맑음,단일로 - 기타,원동기,남,52세,상해없음,자전거,남,50세,중상
2012013000100073,2012년 1월 30일 07시,월요일,울산광역시 중구 학산동,중상사고,0,1,0,0,차대차 - 측면직각충돌,안전거리미확보,건조,맑음,단일로 - 기타,승용,남,35세,상해없음,이륜,남,30세,중상
2012013000100098,2012년 1월 30일 08시,월요일,울산광역시 중구 학산동,중상사고,0,1,0,0,차대차 - 측면직각충돌,신호위반,건조,맑음,교차로 - 교차로안,승용,남,49세,상해없음,이륜,남,28세,중상
2012013000100197,2012년 1월 30일 12시,월요일,울산광역시 중구 옥교동,중상사고,0,1,0,0,차대차 - 측면직각충돌,안전운전불이행,건조,맑음,단일로 - 기타,화물,남,34세,상해없음,승용,여,37세,중상
2012013000100229,2012년 1월 30일 13시,월요일,울산광역시 남구 삼산동,중상사고,0,2,0,0,차대차 - 기타,신호위반,건조,맑음,교차로 - 교차로안,승용,여,47세,중상,건설기계,남,39세,상해없음
2012013000100255,2012년 1월 30일 14시,월요일,울산광역시 중구 태화동,경상사고,0,0,3,0,차대차 - 측면직각충돌,안전거리미확보,건조,맑음,교차로 - 교차로부근,승용,남,56세,경상,화물,남,48세,경상
2012013000100304,2012년 1월 30일 16시,월요일,울산광역시 북구 중산동,부상신고사고,0,0,0,1,차대차 - 추돌 - 진행중,안전거리미확보,건조,맑음,단일로 - 기타,승합,남,61세,상해없음,승용,여,30세,부상신고
2012013000100375,2012년 1월 30일 18시,월요일,울산광역시 남구 옥동,중상사고,0,1,0,0,차대사람 - 횡단중,안전운전불이행,건조,맑음,교차로 - 교차로부근,화물,남,61세,상해없음,보행자,여,10세,중상
2012013000100376,2012년 1월 30일 18시,월요일,울산광역시 동구 일산동,중상사고,0,1,2,0,차대차 - 측면직각충돌,교차로운행방법위반,건조,맑음,교차로 - 교차로안,승용,남,21세,중상,승용,남,54세,경상
2012013000100410,2012년 1월 30일 19시,월요일,울산광역시 동구 화정동,중상사고,0,1,0,0,차대차 - 기타,안전운전불이행,건조,맑음,단일로 - 기타,원동기,남,31세,상해없음,이륜,남,53세,중상
2012013000100515,2012년 1월 30일 23시,월요일,울산광역시 동구 방어동,중상사고,0,1,1,0,차대차 - 정면충돌,신호위반,건조,맑음,교차로 - 교차로안,이륜,남,18세,상해없음,승용,남,37세,경상
2012013100100127,2012년 1월 31일 08시,화요일,울산광역시 남구 무거동,경상사고,0,0,1,0,차대차 - 추돌 - 진행중,안전거리미확보,건조,맑음,단일로 - 횡단보도부근,승용,남,44세,상해없음,승합,남,29세,경상
2012013100100150,2012년 1월 31일 09시,화요일,울산광역시 동구 전하동,중상사고,0,1,0,0,차대차 - 측면직각충돌,교차로운행방법위반,건조,맑음,교차로 - 교차로안,승용,여,35세,상해없음,원동기,여,52세,중상
2012013100100166,2012년 1월 31일 10시,화요일,울산광역시 남구 옥동,경상사고,0,0,1,0,차대차 - 기타,안전운전불이행,건조,맑음,단일로 - 횡단보도부근,승용,여,34세,상해없음,자전거,남,50세,경상
2012013100100167,2012년 1월 31일 10시,화요일,울산광역시 남구 달동,중상사고,0,2,0,0,차대차 - 기타,안전운전불이행,건조,맑음,단일로 - 기타,승용,남,56세,중상,화물,남,37세,중상