사고번호,사고일시,요일,시군구,사고내용,사망자수,중상자수,경상자수,부상신고자수,사고유형,법규위반,노면상태,기상상태,도로형태,가해운전자 차종,가해운전자 성별,가해운전자 연령,가해운전자 상해정도,피해운전자 차종,피해운전자 성별,피해운전자 연령,피해운전자 상해정도
2012013100100225,2012년 1월 31일 13시,화요일,울산광역시 북구 호계동,경상사고,0,0,1,0,차대차 - 정면충돌,신호위반,건조,맑음,교차로 - 교차로안,승용,남,41세,상해없음,승용,남,46세,경상
2012013100100255,2012년 1월 31일 14시,화요일,울산광역시 중구 성안동,부상신고사고,0,0,0,1,차량단독 - 공작물충돌,안전운전불이행,건조,맑음,단일로 - 기타,승용,남,59세,부상신고,,,,
2012013100100256,2012년 1월 31일 14시,화요일,울산광역시 북구 화봉동,경상사고,0,0,1,0,차대사람 - 횡단중,안전운전불이행,건조,맑음,단일로 - 횡단보도상,특수,남,32세,상해없음,보행자,남,58세,경상
2012013100100344,2012년 1월 31일 16시,화요일,울산광역시 중구 동동,경상사고,0,0,1,0,차대사람 - 횡단중,안전운전불이행,건조,맑음,단일로 - 횡단보도부근,승용,남,33세,상해없음,보행자,남,8세,경상
2012013100100345,2012년 1월 31일 16시,화요일,울산광역시 남구 야음동,중상사고,0,1,0,0,차대차 - 측면직각충돌,안전운전불이행,건조,맑음,교차로 - 교차로부근,승용,남,18세,상해없음,이륜,남,55세,중상
2012013100100386,2012년 1월 31일 17시,화요일,울산광역시 남구 삼산동,경상사고,0,0,1,0,차대차 - 측면직각충돌,안전거리미확보,건조,맑음,단일로 - 기타,이륜,남,53세,경상,승합,남,51세,상해없음
2012013100100387,2012년 1월 31일 17시,화요일,울산광역시 남구 고사동,경상사고,0,0,2,0,차대차 - 추돌 - 주정차중,안전운전불이행,건조,맑음,단일로 - 기타,승용,남,29세,상해없음,승용,남,47세,경상
2012013100100461,2012년 1월 31일 19시,화요일,울산광역시 북구 명촌동,중상사고,0,2,0,0,차대차 - 추돌 - 주정차중,안전운전불이행,건조,맑음,교차로 - 교차로부근,승용,남,21세,상해없음,승용,남,54세,중상
2012013100100462,2012년 1월 31일 19시,화요일,울산광역시 북구 양정동,중상사고,0,1,0,0,차대차 - 기타,안전운전불이행,건조,맑음,교차로 - 교차로부근,이륜,남,17세,중상,승용,남,29세,상해없음
2012013100100607,2012년 1월 31일 23시,화요일,울산광역시 북구 중산동,경상사고,0,0,1,0,차대차 - 측면직각충돌,안전운전불이행,건조,맑음,단일로 - 기타,승용,남,53세,상해없음,승용,남,35세,경상
2012013100100608,2012년 1월 31일 23시,화요일,울산광역시 남구 삼산동,중상사고,0,2,0,0,차대차 - 기타,안전거리미확보,건조,맑음,교차로 - 교차로부근,승용,남,27세,상해없음,승용,여,26세,중상
2012020100100095,2012년 2월 1일 07시,수요일,울산광역시 동구 화정동,중상사고,0,1,0,0,차대사람 - 횡단중,안전운전불이행,건조,맑음,단일로 - 기타,이륜,남,43세,상해없음,보행자,남,32세,중상
2012020100100162,2012년 2월 1일 09시,수요일,울산광역시 북구 정자동,중상사고,0,3,0,0,차대차 - 정면충돌,중앙선침범,건조,맑음,단일로 - 기타,승합,남,59세,상해없음,승용,여,48세,중상
2012020100100195,2012년 2월 1일 10시,수요일,울산광역시 남구 삼산동,경상사고,0,0,1,0,차대차 - 측면직각충돌,안전거리미확보,건조,맑음,단일로 - 기타,화물,여,55세,상해없음,승용,여,50세,경상
2012020100100225,2012년 2월 1일 11시,수요일,울산광역시 북구 효문동,사망사고,1,0,0,0,차량단독 - 전도전복,안전운전불이행,건조,맑음,단일로 - 기타,이륜,남,29세,사망,,,,
2012020100100226,2012년 2월 1일 11시,수요일,울산광역시 북구 진장동,중상사고,0,1,0,0,차대차 - 추돌 - 진행중,안전거리미확보,건조,맑음,단일로 - 기타,승용,여,54세,상해없음,승용,여,50세,중상
2012020100100254,2012년 2월 1일 12시,수요일,울산광역시 울주군 청량면,중상사고,0,4,2,1,차대차 - 추돌 - 진행중,안전거리미확보,건조,맑음,교차로 - 교차로안,승합,남,51세,상해없음,화물,남,42세,상해없음
2012020100100384,2012년 2월 1일 17시,수요일,울산광역시 북구 효문동,경상사고,0,0,1,0,차대차 - 측면직각충돌,안전운전불이행,건조,맑음,교차로 - 교차로부근,승용,남,59세,상해없음,자전거,남,44세,경상
2012020100100418,2012년 2월 1일 18시,수요일,울산광역시 울주군 범서읍,중상사고,0,1,3,0,차대차 - 추돌 - 주정차중,안전운전불이행,건조,맑음,교차로 - 교차로부근,화물,남,55세,상해없음,승용,남,32세,중상
2012020100100419,2012년 2월 1일 18시,수요일,울산광역시 울주군 온산읍,경상사고,0,0,1,0,차대차 - 측면직각충돌,안전운전불이행,건조,맑음,단일로 - 기타,승용,남,50세,상해없음,승용,남,51세,경상
2012020100100448,2012년 2월 1일 19시,수요일,울산광역시 북구 염포동,중상사고,0,1,0,0,차대차 - 정면충돌,중앙선침범,건조,맑음,단일로 - 기타,승합,여,50세,상해없음,이륜,남,31세,중상
2012020100100550,2012년 2월 1일 23시,수요일,울산광역시 남구 삼산동,중상사고,0,1,1,0,차대차 - 정면충돌,중앙선침범,건조,맑음,교차로 - 교차로부근,승용,여,30세,상해없음,승용,남,48세,중상
2012020200100022,2012년 2월 2일 00시,목요일,울산광역시 울주군 온양읍,경상사고,0,0,1,0,차대차 - 추돌 - 주정차중,안전운전불이행,건조,맑음,단일로 - 기타,승용,남,30세,상해없음,승용,여,55세,경상
2012020200100055,2012년 2월 2일 03시,목요일,울산광역시 남구 삼산동,중상사고,0,1,0,0,차량단독 - 공작물충돌,안전운전불이행,건조,맑음,단일로 - 기타,화물,여,40세,중상,,,,
2012020200100078,2012년 2월 2일 05시,목요일,울산광역시 남구 야음동,중상사고,0,1,0,0,차대사람 - 횡단중,보행자보호의무위반,건조,맑음,단일로 - 횡단보도상,승용,남,41세,상해없음,보행자,여,72세,중상
2012020200100115,2012년 2월 2일 07시,목요일,울산광역시 남구 삼산동,경상사고,0,0,3,0,차대차 - 추돌 - 진행중,안전운전불이행,건조,맑음,단일로 - 기타,승용,남,27세,상해없음,승용,여,53세,경상
2012020200100148,2012년 2월 2일 08시,목요일,울산광역시 울주군 웅촌면,중상사고,0,1,1,0,차대차 - 추돌 - 진행중,교차로운행방법위반,건조,맑음,교차로 - 교차로안,승용,남,44세,상해없음,승용,여,26세,중상
2012020200100178,2012년 2월 2일 09시,목요일,울산광역시 동구 서부동,경상사고,0,0,3,0,차대차 - 측면직각충돌,차로위반,건조,맑음,단일로 - 기타,화물,남,42세,상해없음,승용,남,24세,경상
2012020200100205,2012년 2월 2일 10시,목요일,울산광역시 남구 무거동,중상사고,0,1,0,0,차대사람 - 기타,안전운전불이행,건조,맑음,교차로 - 교차로부근,승용,여,52세,상해없음,보행자,남,54세,중상
2012020200100206,2012년 2월 2일 10시,목요일,울산광역시 남구 신정동,중상사고,0,1,0,0,차대차 - 측면직각충돌,안전운전불이행,건조,맑음,단일로 - 기타,승용,남,44세,상해없음,화물,남,40세,중상
2012020200100234,2012년 2월 2일 11시,목요일,울산광역시 남구 삼산동,중상사고,0,1,0,0,차대차 - 측면직각충돌,안전운전불이행,건조,맑음,단일로 - 기타,승용,기타불명,기타불명,기타불명,승합,남,36세,상해없음
2012020200100235,2012년 2월 2일 11시,목요일,울산광역시 울주군 언양읍,사망사고,1,0,0,0,차대차 - 정면충돌,안전운전불이행,건조,맑음,교차로 - 교차로안,승용,남,79세,상해없음,원동기,남,59세,사망
2012020200100393,2012년 2월 2일 16시,목요일,울산광역시 남구 무거동,경상사고,0,0,1,0,차대차 - 추돌 - 진행중,안전거리미확보,건조,맑음,교차로 - 교차로부근,승용,남,50세,상해없음,승용,여,34세,경상
2012020200100394,2012년 2월 2일 16시,목요일,울산광역시 동구 서부동,중상사고,0,1,0,0,차대차 - 정면충돌,중앙선침범,건조,맑음,단일로 - 기타,승용,여,49세,상해없음,원동기,남,17세,중상
2012020200100425,2012년 2월 2일 17시,목요일,울산광역시 북구 효문동,중상사고,0,1,0,0,차대차 - 추돌 - 주정차중,안전운전불이행,건조,맑음,단일로 - 기타,원동기,남,23세,중상,승용,남,51세,상해없음
2012020200100426,2012년 2월 2일 17시,목요일,울산광역시 중구 반구동,경상사고,0,0,3,0,차대사람 - 차도통행중,안전운전불이행,건조,맑음,단일로 - 기타,승합,남,50세,상해없음,보행자,여,83세,경상
2012020200100427,2012년 2월 2일 17시,목요일,울산광역시 울주군 온산읍,경상사고,0,0,1,0,차대사람 - 기타,안전운전불이행,건조,맑음,단일로 - 기타,기타불명,기타불명,기타불명,기타불명,보행자,여,56세,경상
2012020200100451,2012년 2월 2일 18시,목요일,울산광역시 울주군 두서면,중상사고,0,1,0,0,차대차 - 측면직각충돌,불법유턴,건조,맑음,교차로 - 교차로부근,화물,남,53세,상해없음,승용,남,35세,중상
2012020200100486,2012년 2월 2일 19시,목요일,울산광역시 남구 야음동,중상사고,0,1,0,0,차대사람 - 횡단중,신호위반,건조,맑음,교차로 - 교차로안,승용,남,42세,상해없음,보행자,남,11세,중상
2012020200100505,2012년 2월 2일 20시,목요일,울산광역시 중구 복산동,경상사고,0,0,1,0,차대사람 - 횡단중,안전운전불이행,건조,맑음,단일로 - 기타,승용,여,44세,상해없음,보행자,남,28세,경상
2012020200100532,2012년 2월 2일 21시,목요일,울산광역시 북구 매곡동,경상사고,0,0,1,0,차대차 - 측면직각충돌,안전운전불이행,건조,맑음,교차로 - 교차로부근,승합,남,50세,상해없음,승용,남,42세,경상
2012020200100533,2012년 2월 2일 21시,목요일,울산광역시 남구 달동,중상사고,0,2,4,0,차대차 - 기타,안전운전불이행,건조,맑음,단일로 - 기타,승용,남,42세,중상,승용,남,28세,상해없음
2012020200100534,2012년 2월 2일 21시,목요일,울산광역시 남구 삼산동,경상사고,0,0,1,0,차대차 - 기타,신호위반,건조,맑음,교차로 - 교차로안,승용,기타불명,기타불명,기타불명,이륜,남,16세,경상
2012020200100569,2012년 2월 2일 22시,목요일,울산광역시 남구 옥동,경상사고,0,0,3,0,차대차 - 기타,중앙선침범,건조,맑음,교차로 - 교차로부근,승용,남,36세,상해없음,승용,남,41세,경상
2012020200100570,2012년 2월 2일 22시,목요일,울산광역시 남구 달동,경상사고,0,0,2,0,차대차 - 추돌 - 주정차중,안전운전불이행,건조,맑음,단일로 - 기타,승용,남,21세,상해없음,승용,남,22세,경상
2012020200100606,2012년 2월 2일 23시,목요일,울산광역시 남구 신정동,중상사고,0,1,0,0,차대차 - 정면충돌,안전운전불이행,건조,맑음,교차로 - 교차로부근,승용,여,36세,상해없음,이륜,남,42세,중상
2012020300100041,2012년 2월 3일 01시,금요일,울산광역시 중구 다운동,중상사고,0,1,0,0,차대차 - 추돌 - 주정차중,안전운전불이행,건조,맑음,단일로 - 기타,승용,남,43세,상해없음,승용,남,43세,중상
2012020300100208,2012년 2월 3일 10시,금요일,울산광역시 남구 두왕동,중상사고,0,1,1,0,차대차 - 추돌 - 진행중,안전거리미확보,건조,맑음,교차로 - 교차로부근,승용,남,28세,상해없음,화물,남,45세,경상
2012020300100209,2012년 2월 3일 10시,금요일,울산광역시 남구 무거동,경상사고,0,0,2,0,차대차 - 추돌 - 주정차중,안전거리미확보,건조,맑음,교차로 - 교차로부근,화물,남,35세,상해없음,승용,남,52세,경상
2012020300100238,2012년 2월 3일 11시,금요일,울산광역시 남구 야음동,중상사고,0,2,0,0,차대차 - 측면직각충돌,안전거리미확보,건조,맑음,교차로 - 교차로부근,승용,여,20세,상해없음,승합,남,35세,중상
2012020300100269,2012년 2월 3일 12시,금요일,울산광역시 남구 야음동,경상사고,0,0,1,0,차대차 - 측면직각충돌,안전거리미확보,건조,맑음,교차로 - 교차로부근,이륜,남,39세,경상,화물,남,33세,상해없음
2012020300100298,2012년 2월 3일 13시,금요일,울산광역시 북구 호계동,중상사고,0,1,0,0,차대차 - 기타,교차로운행방법위반,건조,맑음,교차로 - 교차로안,승용,남,38세,중상,승용,남,45세,기타불명
2012020300100439,2012년 2월 3일 17시,금요일,울산광역시 동구 전하동,경상사고,0,0,1,0,차대차 - 측면직각충돌,신호위반,건조,맑음,단일로 - 기타,원동기,남,31세,상해없음,이륜,남,36세,경상
2012020300100483,2012년 2월 3일 18시,금요일,울산광역시 북구 연암동,중상사고,0,2,0,0,차대차 - 측면직각충돌,직진우회전진행방해,건조,맑음,교차로 - 교차로안,승용,남,44세,상해없음,승용,남,30세,중상
2012020300100484,2012년 2월 3일 18시,금요일,울산광역시 동구 서부동,중상사고,0,1,0,0,차대차 - 추돌 - 진행중,안전운전불이행,건조,맑음,단일로 - 기타,승용,여,44세,상해없음,이륜,남,22세,중상
2012020300100668,2012년 2월 3일 23시,금요일,울산광역시 남구 야음동,중상사고,0,1,0,0,차대사람 - 횡단중,안전운전불이행,건조,맑음,교차로 - 교차로부근,승용,남,52세,상해없음,보행자,남,48세,중상
2012020400100058,2012년 2월 4일 01시,토요일,울산광역시 중구 복산동,중상사고,0,3,1,0,차대차 - 추돌 - 주정차중,안전운전불이행,건조,맑음,단일로 - 기타,승용,남,31세,상해없음,화물,남,56세,경상
2012020400100099,2012년 2월 4일 03시,토요일,울산광역시 울주군 청량면,사망사고,1,0,0,0,차대차 - 측면직각충돌,중앙선침범,건조,맑음,단일로 - 기타,특수,남,51세,상해없음,승용,남,47세,사망
2012020400100116,2012년 2월 4일 04시,토요일,울산광역시 남구 달동,경상사고,0,0,1,0,차대차 - 추돌 - 진행중,안전운전불이행,건조,맑음,단일로 - 기타,승용,남,30세,상해없음,승용,남,41세,경상
2012020400100117,2012년 2월 4일 04시,토요일,울산광역시 남구 달동,중상사고,0,1,0,0,차대차 - 측면직각충돌,교차로운행방법위반,건조,맑음,교차로 - 교차로안,승용,여,29세,상해없음,승용,남,47세,중상
2012020400100128,2012년 2월 4일 05시,토요일,울산광역시 남구 무거동,중상사고,0,1,2,0,차대차 - 측면직각충돌,신호위반,건조,맑음,교차로 - 교차로안,화물,남,64세,경상,승용,남,53세,경상
2012020400100147,2012년 2월 4일 06시,토요일,울산광역시 동구 화정동,중상사고,0,1,0,0,차대차 - 측면직각충돌,교차로운행방법위반,건조,맑음,교차로 - 교차로안,승용,남,38세,상해없음,원동기,남,65세,중상
2012020400100157,2012년 2월 4일 07시,토요일,울산광역시 동구 전하동,중상사고,0,1,0,0,차대차 - 기타,안전거리미확보,건조,맑음,기타 - 기타,승용,남,61세,상해없음,이륜,남,24세,중상
2012020400100183,2012년 2월 4일 08시,토요일,울산광역시 남구 여천동,경상사고,0,0,1,0,차대차 - 측면직각충돌,직진우회전진행방해,건조,맑음,교차로 - 교차로안,승용,남,21세,상해없음,화물,남,32세,경상
2012020400100436,2012년 2월 4일 17시,토요일,울산광역시 울주군 온산읍,경상사고,0,0,2,0,차대차 - 측면직각충돌,신호위반,건조,맑음,교차로 - 교차로부근,승용,남,51세,경상,승용,여,54세,경상
2012020400100472,2012년 2월 4일 18시,토요일,울산광역시 북구 양정동,중상사고,0,1,1,0,차량단독 - 공작물충돌,안전운전불이행,건조,맑음,단일로 - 기타,승용,남,29세,상해없음,,,,
2012020400100529,2012년 2월 4일 19시,토요일,울산광역시 동구 일산동,경상사고,0,0,1,0,차대차 - 측면직각충돌,교차로운행방법위반,건조,맑음,교차로 - 교차로안,승용,남,68세,상해없음,이륜,남,46세,경상
2012020400100562,2012년 2월 4일 20시,토요일,울산광역시 북구 매곡동,경상사고,0,0,2,0,차대차 - 측면직각충돌,신호위반,건조,맑음,교차로 - 교차로안,승용,남,26세,경상,승용,남,36세,경상
2012020400100596,2012년 2월 4일 21시,토요일,울산광역시 중구 복산동,경상사고,0,0,1,1,차대차 - 추돌 - 진행중,교차로운행방법위반,건조,맑음,교차로 - 교차로안,원동기,남,16세,부상신고,승용,남,49세,상해없음
2012020400100643,2012년 2월 4일 23시,토요일,울산광역시 울주군 범서읍,중상사고,0,1,0,0,차대차 - 측면직각충돌,직진우회전진행방해,건조,맑음,교차로 - 교차로안,승용,남,35세,상해없음,원동기,남,16세,중상
2012020500100083,2012년 2월 5일 02시,일요일,울산광역시 중구 반구동,경상사고,0,0,1,0,차대차 - 추돌 - 진행중,안전운전불이행,건조,맑음,단일로 - 기타,승용,남,37세,상해없음,승용,남,24세,상해없음
2012020500100143,2012년 2월 5일 06시,일요일,울산광역시 중구 반구동,경상사고,0,0,1,0,차량단독 - 기타,안전운전불이행,건조,맑음,단일로 - 기타,승합,남,39세,상해없음,,,,
2012020500100144,2012년 2월 5일 06시,일요일,울산광역시 남구 매암동,중상사고,0,1,0,0,차대차 - 기타,안전운전불이행,건조,맑음,단일로 - 기타,화물,남,40세,상해없음,자전거,남,51세,중상
2012020500100228,2012년 2월 5일 12시,일요일,울산광역시 북구 매곡동,경상사고,0,0,1,0,차대사람 - 기타,안전운전불이행,건조,맑음,단일로 - 기타,승용,남,39세,상해없음,보행자,남,55세,경상
2012020500100229,2012년 2월 5일 12시,일요일,울산광역시 울주군 범서읍,경상사고,0,0,1,0,차대차 - 측면직각충돌,직진우회전진행방해,건조,맑음,교차로 - 교차로안,승용,남,54세,상해없음,승용,남,55세,경상
2012020500100250,2012년 2월 5일 13시,일요일,울산광역시 중구 반구동,경상사고,0,0,2,0,차대차 - 정면충돌,신호위반,건조,맑음,교차로 - 교차로안,승용,남,46세,상해없음,승용,남,51세,경상
2012020500100251,2012년 2월 5일 13시,일요일,울산광역시 남구 삼산동,중상사고,0,1,3,0,차대차 - 측면직각충돌,교차로운행방법위반,건조,흐림,교차로 - 교차로안,승용,남,59세,상해없음,승용,남,47세,경상
2012020500100508,2012년 2월 5일 22시,일요일,울산광역시 남구 야음동,중상사고,0,1,1,0,차대차 - 추돌 - 주정차중,안전거리미확보,건조,맑음,교차로 - 교차로부근,승용,남,35세,상해없음,승용,남,52세,중상
2012020500100525,2012년 2월 5일 23시,일요일,울산광역시 북구 연암동,중상사고,0,1,0,0,차대차 - 측면직각충돌,신호위반,건조,맑음,교차로 - 교차로안,승용,남,61세,상해없음,승용,여,61세,중상
2012020600100017,2012년 2월 6일 00시,월요일,울산광역시 남구 신정동,중상사고,0,1,0,0,차대차 - 추돌 - 진행중,안전운전불이행,건조,맑음,단일로 - 기타,승용,남,37세,상해없음,승용,여,52세,중상
2012020600100086,2012년 2월 6일 06시,월요일,울산광역시 울주군 언양읍,경상사고,0,0,1,1,차대차 - 정면충돌,안전운전불이행,건조,맑음,교차로 - 교차로안,화물,남,42세,경상,승용,남,49세,부상신고
2012020600100209,2012년 2월 6일 10시,월요일,울산광역시 남구 신정동,중상사고,0,2,0,0,차대차 - 측면직각충돌,교차로운행방법위반,건조,맑음,교차로 - 교차로부근,승용,남,41세,상해없음,승용,남,30세,중상
2012020600100234,2012년 2월 6일 11시,월요일,울산광역시 남구 야음동,중상사고,0,1,0,0,차대사람 - 횡단중,안전운전불이행,건조,맑음,단일로 - 기타,승용,여,58세,상해없음,보행자,여,67세,중상
2012020600100352,2012년 2월 6일 16시,월요일,울산광역시 남구 선암동,중상사고,0,2,0,0,차대차 - 측면직각충돌,교차로운행방법위반,건조,맑음,교차로 - 교차로안,승용,남,57세,상해없음,승용,남,37세,중상
2012020600100449,2012년 2월 6일 18시,월요일,울산광역시 울주군 온양읍,경상사고,0,0,1,2,차대차 - 기타,안전운전불이행,습기,비,교차로 - 교차로부근,승용,남,25세,상해없음,승용,남,55세,상해없음
2012020600100450,2012년 2월 6일 18시,월요일,울산광역시 울주군 온산읍,중상사고,0,2,2,0,차대차 - 기타,안전운전불이행,건조,흐림,단일로 - 기타,건설기계,남,43세,상해없음,화물,남,47세,중상
2012020600100497,2012년 2월 6일 19시,월요일,울산광역시 북구 신천동,중상사고,0,1,0,0,차대사람 - 횡단중,신호위반,건조,맑음,교차로 - 교차로안,이륜,남,16세,상해없음,보행자,남,24세,중상
2012020600100498,2012년 2월 6일 19시,월요일,울산광역시 북구 연암동,경상사고,0,0,1,0,차대사람 - 횡단중,안전운전불이행,건조,맑음,교차로 - 교차로안,이륜,남,18세,상해없음,보행자,여,55세,경상
2012020600100499,2012년 2월 6일 19시,월요일,울산광역시 울주군 온양읍,부상신고사고,0,0,0,1,차대차 - 기타,안전거리미확보,습기,비,단일로 - 기타,원동기,남,22세,부상신고,화물,남,49세,상해없음
2012020600100576,2012년 2월 6일 21시,월요일,울산광역시 울주군 청량면,경상사고,0,0,1,0,차대차 - 기타,차로위반,습기,비,단일로 - 기타,승용,여,35세,상해없음,승용,남,35세,경상
2012020600100611,2012년 2월 6일 22시,월요일,울산광역시 중구 태화동,경상사고,0,0,2,0,차대차 - 측면직각충돌,안전운전불이행,건조,맑음,교차로 - 교차로안,승용,남,43세,상해없음,승용,남,25세,경상
2012020600100612,2012년 2월 6일 22시,월요일,울산광역시 남구 신정동,중상사고,0,1,0,0,차대사람 - 기타,안전운전불이행,습기,비,단일로 - 기타,승용,남,52세,상해없음,보행자,여,47세,중상
2012020600100613,2012년 2월 6일 22시,월요일,울산광역시 동구 전하동,중상사고,0,1,0,0,차대사람 - 횡단중,안전운전불이행,습기,비,단일로 - 기타,승용,남,29세,상해없음,보행자,여,49세,중상
2012020600100647,2012년 2월 6일 23시,월요일,울산광역시 남구 삼산동,중상사고,0,1,0,0,차대사람 - 횡단중,안전운전불이행,습기,맑음,교차로 - 교차로안,승용,남,66세,상해없음,보행자,남,25세,중상
2012020600100648,2012년 2월 6일 23시,월요일,울산광역시 남구 삼산동,중상사고,0,2,3,0,차대차 - 추돌 - 진행중,안전거리미확보,습기,비,교차로 - 교차로안,승용,남,37세,상해없음,승용,남,36세,경상
2012020700100010,2012년 2월 7일 00시,화요일,울산광역시 울주군 청량면,경상사고,0,0,1,0,차대차 - 정면충돌,안전운전불이행,건조,맑음,단일로 - 기타,승용,남,42세,상해없음,화물,남,40세,경상
2012020700100029,2012년 2월 7일 00시,화요일,울산광역시 남구 삼산동,중상사고,0,2,0,0,차대차 - 추돌 - 진행중,차로위반,습기,흐림,단일로 - 기타,승용,남,37세,상해없음,승용,남,60세,중상
2012020700100030,2012년 2월 7일 00시,화요일,울산광역시 울주군 온산읍,경상사고,0,0,1,0,차대사람 - 보도통행중,안전운전불이행,습기,흐림,단일로 - 기타,승용,남,30세,기타불명,보행자,남,35세,경상
2012020700100049,2012년 2월 7일 01시,화요일,울산광역시 중구 학산동,경상사고,0,0,1,0,차량단독 - 공작물충돌,안전운전불이행,기타,흐림,교차로 - 교차로부근,승용,남,53세,상해없음,,,,
2012020700100050,2012년 2월 7일 01시,화요일,울산광역시 남구 신정동,중상사고,0,1,1,0,차대차 - 추돌 - 주정차중,안전거리미확보,건조,맑음,교차로 - 교차로부근,승용,남,63세,상해없음,승용,남,54세,중상
2012020700100051,2012년 2월 7일 01시,화요일,울산광역시 울주군 언양읍,중상사고,0,1,0,0,차량단독 - 공작물충돌,안전운전불이행,습기,비,교차로 - 교차로부근,승용,남,23세,중상,,,,
2012020700100120,2012년 2월 7일 06시,화요일,울산광역시 동구 일산동,경상사고,0,0,1,0,차대사람 - 차도통행중,안전운전불이행,건조,맑음,교차로 - 교차로안,승용,남,48세,상해없음,보행자,여,64세,경상
2012020700100148,2012년 2월 7일 07시,화요일,울산광역시 울주군 온산읍,중상사고,0,1,0,0,차량단독 - 공작물충돌,안전운전불이행,결빙,맑음,단일로 - 기타,승용,남,29세,중상,,,,
2012020700100150,2012년 2월 7일 08시,화요일,울산광역시 울주군 언양읍,중상사고,0,1,0,0,차대차 - 기타,기타,건조,맑음,단일로 - 기타,승용,남,41세,중상,화물,남,51세,상해없음
2012020700100189,2012년 2월 7일 09시,화요일,울산광역시 동구 방어동,중상사고,0,1,0,0,차대차 - 추돌 - 진행중,안전운전불이행,건조,맑음,교차로 - 교차로부근,승용,남,61세,상해없음,원동기,여,59세,중상
2012020700100207,2012년 2월 7일 10시,화요일,울산광역시 남구 달동,중상사고,0,2,0,0,차대차 - 측면직각충돌,신호위반,건조,맑음,교차로 - 교차로안,승용,남,28세,상해없음,승용,여,33세,중상
2012020700100290,2012년 2월 7일 13시,화요일,울산광역시 남구 신정동,중상사고,0,2,1,0,차대차 - 추돌 - 주정차중,안전운전불이행,건조,맑음,단일로 - 기타,승용,남,43세,상해없음,승용,여,34세,중상
2012020700100421,2012년 2월 7일 18시,화요일,울산광역시 남구 무거동,중상사고,0,1,0,0,차대차 - 측면직각충돌,안전운전불이행,건조,맑음,교차로 - 교차로안,승합,남,49세,기타불명,승합,남,50세,상해없음
2012020700100422,2012년 2월 7일 18시,화요일,울산광역시 동구 서부동,중상사고,0,1,0,0,차대차 - 기타,안전거리미확보,건조,맑음,단일로 - 기타,승용,남,30세,상해없음,이륜,남,49세,중상
2012020700100423,2012년 2월 7일 18시,화요일,울산광역시 동구 서부동,중상사고,0,1,0,0,차대차 - 측면직각충돌,안전거리미확보,건조,맑음,기타 - 기타,승합,남,55세,상해없음,이륜,남,43세,중상
2012020700100491,2012년 2월 7일 20시,화요일,울산광역시 남구 무거동,중상사고,0,1,0,0,차대사람 - 횡단중,보행자보호의무위반,건조,맑음,교차로 - 교차로안,승용,남,43세,상해없음,보행자,남,46세,중상
2012020700100492,2012년 2월 7일 20시,화요일,울산광역시 남구 삼산동,중상사고,0,1,1,0,차대차 - 측면직각충돌,신호위반,건조,맑음,교차로 - 교차로부근,승용,남,47세,상해없음,이륜,남,22세,경상
2012020800100012,2012년 2월 8일 00시,수요일,울산광역시 남구 신정동,경상사고,0,0,2,0,차대차 - 추돌 - 진행중,안전운전불이행,건조,맑음,교차로 - 교차로부근,승용,남,49세,상해없음,승용,남,42세,경상
2012020800100052,2012년 2월 8일 04시,수요일,울산광역시 중구 다운동,중상사고,0,1,0,0,차대차 - 추돌 - 주정차중,안전운전불이행,건조,맑음,교차로 - 교차로부근,승용,남,26세,상해없음,화물,남,48세,중상
2012020800100069,2012년 2월 8일 06시,수요일,울산광역시 남구 삼산동,중상사고,0,1,0,0,차대차 - 정면충돌,신호위반,건조,맑음,교차로 - 교차로안,화물,남,29세,상해없음,승용,남,63세,상해없음
2012020800100140,2012년 2월 8일 09시,수요일,울산광역시 북구 명촌동,중상사고,0,1,0,0,차대차 - 기타,안전거리미확보,기타,맑음,단일로 - 기타,승용,남,55세,상해없음,승용,여,29세,중상
2012020800100170,2012년 2월 8일 10시,수요일,울산광역시 남구 무거동,경상사고,0,0,1,0,차대차 - 측면직각충돌,안전운전불이행,건조,맑음,단일로 - 기타,승용,남,39세,상해없음,원동기,남,18세,경상
2012020800100201,2012년 2월 8일 11시,수요일,울산광역시 남구 달동,중상사고,0,1,0,0,차대차 - 추돌 - 진행중,안전거리미확보,건조,맑음,교차로 - 교차로안,승용,남,42세,상해없음,승용,여,53세,중상
2012020800100226,2012년 2월 8일 12시,수요일,울산광역시 울주군 범서읍,중상사고,0,1,0,0,차대차 - 기타,교차로운행방법위반,건조,맑음,교차로 - 교차로안,승용,여,52세,상해없음,원동기,남,25세,중상
2012020800100380,2012년 2월 8일 17시,수요일,울산광역시 중구 약사동,경상사고,0,0,1,0,차량단독 - 전도전복,안전운전불이행,건조,맑음,단일로 - 기타,원동기,남,37세,경상,,,,
2012020800100381,2012년 2월 8일 17시,수요일,울산광역시 남구 달동,중상사고,0,1,0,0,차대차 - 측면직각충돌,안전거리미확보,건조,맑음,교차로 - 교차로부근,이륜,남,62세,중상,승용,남,35세,상해없음
2012020800100429,2012년 2월 8일 18시,수요일,울산광역시 북구 명촌동,중상사고,0,3,1,0,차대차 - 추돌 - 진행중,안전거리미확보,건조,맑음,교차로 - 교차로부근,승용,남,54세,상해없음,승용,남,43세,중상