사고번호,사고일시,요일,시군구,사고내용,사망자수,중상자수,경상자수,부상신고자수,사고유형,법규위반,노면상태,기상상태,도로형태,가해운전자 차종,가해운전자 성별,가해운전자 연령,가해운전자 상해정도,피해운전자 차종,피해운전자 성별,피해운전자 연령,피해운전자 상해정도
2012021700100108,2012년 2월 17일 07시,금요일,울산광역시 북구 명촌동,중상사고,0,1,0,0,차대차 - 추돌 - 진행중,교차로운행방법위반,건조,맑음,교차로 - 교차로안,화물,남,60세,상해없음,원동기,남,40세,중상
2012021700100234,2012년 2월 17일 13시,금요일,울산광역시 중구 성안동,경상사고,0,0,1,0,차대차 - 측면직각충돌,안전운전불이행,건조,맑음,단일로 - 기타,승용,남,36세,상해없음,건설기계,남,42세,기타불명
2012021700100235,2012년 2월 17일 13시,금요일,울산광역시 울주군 두서면,경상사고,0,0,1,0,차대차 - 추돌 - 주정차중,안전운전불이행,건조,맑음,단일로 - 기타,승용,남,47세,경상,화물,남,53세,기타불명
2012021700100261,2012년 2월 17일 14시,금요일,울산광역시 동구 전하동,경상사고,0,0,1,0,차대사람 - 횡단중,안전운전불이행,건조,맑음,단일로 - 횡단보도상,승용,여,42세,상해없음,보행자,남,8세,경상
2012021700100285,2012년 2월 17일 15시,금요일,울산광역시 중구 다운동,경상사고,0,0,1,0,차량단독 - 도로외이탈 - 기타,기타,건조,맑음,단일로 - 기타,승용,남,60세,상해없음,,,,
2012021700100314,2012년 2월 17일 16시,금요일,울산광역시 남구 달동,중상사고,0,1,0,0,차대사람 - 횡단중,안전운전불이행,건조,맑음,교차로 - 교차로부근,승용,여,36세,상해없음,보행자,남,19세,중상
2012021700100396,2012년 2월 17일 19시,금요일,울산광역시 남구 신정동,경상사고,0,0,1,0,차대차 - 추돌 - 주정차중,안전운전불이행,건조,맑음,단일로 - 기타,승용,남,57세,상해없음,승용,여,30세,경상
2012021700100517,2012년 2월 17일 23시,금요일,울산광역시 남구 삼산동,중상사고,0,1,0,0,차대차 - 추돌 - 진행중,신호위반,건조,맑음,교차로 - 교차로안,승용,남,40세,상해없음,승용,남,40세,중상
2012021700100518,2012년 2월 17일 23시,금요일,울산광역시 남구 삼산동,경상사고,0,0,1,0,차대사람 - 횡단중,안전운전불이행,건조,맑음,교차로 - 교차로부근,승용,여,55세,상해없음,보행자,남,69세,경상
2012021800100079,2012년 2월 18일 02시,토요일,울산광역시 북구 진장동,중상사고,0,1,1,0,차대차 - 추돌 - 주정차중,안전운전불이행,건조,맑음,교차로 - 교차로부근,승용,남,49세,경상,승용,남,39세,중상
2012021800100119,2012년 2월 18일 05시,토요일,울산광역시 남구 옥동,중상사고,0,1,0,0,차대차 - 정면충돌,중앙선침범,건조,맑음,단일로 - 기타,승용,남,22세,상해없음,승용,여,58세,중상
2012021800100184,2012년 2월 18일 09시,토요일,울산광역시 울주군 청량면,중상사고,0,2,0,0,차대차 - 측면직각충돌,신호위반,건조,맑음,단일로 - 기타,화물,남,29세,상해없음,승용,남,62세,중상
2012021800100206,2012년 2월 18일 10시,토요일,울산광역시 중구 태화동,중상사고,0,1,0,0,차대사람 - 길가장자리구역통행중,안전운전불이행,건조,맑음,교차로 - 교차로부근,화물,남,41세,상해없음,보행자,여,48세,중상
2012021800100257,2012년 2월 18일 12시,토요일,울산광역시 울주군 온산읍,경상사고,0,0,4,0,차대차 - 추돌 - 진행중,교차로운행방법위반,건조,맑음,교차로 - 교차로안,승용,남,53세,상해없음,화물,남,28세,상해없음
2012021800100311,2012년 2월 18일 14시,토요일,울산광역시 북구 신천동,경상사고,0,0,1,0,차대사람 - 기타,안전운전불이행,건조,맑음,단일로 - 기타,기타불명,기타불명,기타불명,기타불명,보행자,여,21세,경상
2012021800100369,2012년 2월 18일 16시,토요일,울산광역시 동구 서부동,중상사고,0,1,1,0,차대차 - 추돌 - 진행중,중앙선침범,건조,맑음,교차로 - 교차로안,이륜,남,17세,경상,화물,남,38세,상해없음
2012021800100370,2012년 2월 18일 16시,토요일,울산광역시 울주군 언양읍,경상사고,0,0,1,0,차대사람 - 횡단중,신호위반,건조,맑음,교차로 - 교차로부근,승용,여,46세,상해없음,보행자,여,23세,경상
2012021800100431,2012년 2월 18일 18시,토요일,울산광역시 울주군 범서읍,중상사고,0,1,0,0,차대사람 - 횡단중,안전운전불이행,건조,맑음,단일로 - 기타,승용,여,34세,상해없음,보행자,남,11세,중상
2012021800100468,2012년 2월 18일 19시,토요일,울산광역시 중구 다운동,중상사고,0,1,0,0,차대사람 - 길가장자리구역통행중,안전운전불이행,건조,맑음,단일로 - 기타,승용,남,39세,상해없음,보행자,남,69세,중상
2012021800100558,2012년 2월 18일 22시,토요일,울산광역시 남구 달동,중상사고,0,1,0,0,차대차 - 측면직각충돌,중앙선침범,건조,맑음,교차로 - 교차로부근,승용,남,59세,상해없음,이륜,남,24세,중상
2012021800100559,2012년 2월 18일 22시,토요일,울산광역시 남구 신정동,중상사고,0,2,0,0,차대차 - 측면직각충돌,신호위반,건조,맑음,교차로 - 교차로안,승용,남,54세,상해없음,승용,남,32세,중상
2012021900100117,2012년 2월 19일 07시,일요일,울산광역시 북구 염포동,경상사고,0,0,1,0,차대차 - 기타,안전거리미확보,건조,맑음,단일로 - 기타,승용,남,51세,상해없음,승합,남,56세,상해없음
2012021900100118,2012년 2월 19일 07시,일요일,울산광역시 동구 일산동,중상사고,0,1,0,0,차대차 - 기타,안전거리미확보,건조,맑음,단일로 - 기타,승용,남,49세,상해없음,이륜,남,32세,중상
2012021900100179,2012년 2월 19일 11시,일요일,울산광역시 중구 남외동,중상사고,0,1,0,0,차대차 - 측면직각충돌,안전운전불이행,건조,맑음,단일로 - 기타,승용,남,35세,상해없음,자전거,남,16세,중상
2012021900100216,2012년 2월 19일 13시,일요일,울산광역시 울주군 언양읍,중상사고,0,1,0,0,차대차 - 측면직각충돌,교차로운행방법위반,건조,맑음,교차로 - 교차로안,승용,여,53세,상해없음,이륜,남,84세,중상
2012021900100238,2012년 2월 19일 14시,일요일,울산광역시 중구 성안동,중상사고,0,1,0,0,차대차 - 측면직각충돌,안전운전불이행,건조,맑음,단일로 - 기타,승용,여,51세,상해없음,이륜,남,55세,중상
2012021900100365,2012년 2월 19일 19시,일요일,울산광역시 북구 명촌동,중상사고,0,1,0,0,차대차 - 기타,안전거리미확보,기타,맑음,단일로 - 기타,승용,남,47세,상해없음,원동기,남,53세,중상
2012021900100366,2012년 2월 19일 19시,일요일,울산광역시 남구 삼산동,경상사고,0,0,1,0,차대차 - 추돌 - 주정차중,안전거리미확보,건조,맑음,교차로 - 교차로부근,승용,남,35세,상해없음,승용,여,43세,경상
2012021900100373,2012년 2월 19일 20시,일요일,울산광역시 남구 무거동,중상사고,0,2,4,0,차대차 - 기타,신호위반,건조,맑음,단일로 - 기타,승용,남,64세,상해없음,승용,여,56세,중상
2012021900100403,2012년 2월 19일 20시,일요일,울산광역시 북구 호계동,경상사고,0,0,1,0,차대차 - 측면직각충돌,안전거리미확보,건조,맑음,단일로 - 기타,승용,남,52세,상해없음,이륜,남,16세,경상
2012021900100457,2012년 2월 19일 22시,일요일,울산광역시 북구 화봉동,경상사고,0,0,2,0,차대차 - 기타,안전운전불이행,건조,맑음,단일로 - 기타,승용,여,45세,상해없음,승용,남,32세,경상
2012022000100035,2012년 2월 20일 03시,월요일,울산광역시 남구 무거동,중상사고,0,1,0,0,차대차 - 측면직각충돌,신호위반,건조,맑음,교차로 - 교차로안,승용,남,58세,상해없음,화물,남,43세,중상
2012022000100094,2012년 2월 20일 07시,월요일,울산광역시 울주군 온산읍,중상사고,0,2,1,0,차대차 - 측면직각충돌,직진우회전진행방해,건조,맑음,교차로 - 교차로안,승용,남,62세,상해없음,원동기,남,32세,경상
2012022000100164,2012년 2월 20일 09시,월요일,울산광역시 북구 연암동,중상사고,0,2,1,0,차대차 - 측면직각충돌,안전운전불이행,건조,맑음,교차로 - 교차로부근,화물,남,44세,상해없음,승용,남,49세,경상
2012022000100293,2012년 2월 20일 14시,월요일,울산광역시 북구 명촌동,경상사고,0,0,1,0,차대사람 - 횡단중,안전운전불이행,건조,맑음,교차로 - 교차로안,승합,여,33세,상해없음,보행자,여,36세,경상
2012022000100294,2012년 2월 20일 14시,월요일,울산광역시 남구 삼산동,중상사고,0,1,0,0,차대차 - 추돌 - 주정차중,안전거리미확보,건조,맑음,교차로 - 교차로부근,승용,남,49세,상해없음,승용,여,39세,상해없음
2012022000100295,2012년 2월 20일 14시,월요일,울산광역시 동구 동부동,중상사고,0,1,0,0,차대사람 - 기타,안전운전불이행,건조,맑음,단일로 - 기타,승용,여,43세,상해없음,보행자,여,58세,중상
2012022000100296,2012년 2월 20일 14시,월요일,울산광역시 울주군 온양읍,경상사고,0,0,1,0,차량단독 - 기타,안전운전불이행,건조,맑음,단일로 - 기타,승합,남,54세,상해없음,,,,
2012022000100321,2012년 2월 20일 15시,월요일,울산광역시 남구 무거동,중상사고,0,1,0,0,차대차 - 추돌 - 주정차중,안전거리미확보,건조,맑음,단일로 - 횡단보도부근,화물,남,40세,상해없음,승용,여,54세,중상
2012022000100322,2012년 2월 20일 15시,월요일,울산광역시 동구 전하동,중상사고,0,1,0,0,차대차 - 측면직각충돌,안전운전불이행,건조,맑음,교차로 - 교차로부근,화물,남,48세,상해없음,이륜,남,28세,중상
2012022000100381,2012년 2월 20일 17시,월요일,울산광역시 울주군 온산읍,경상사고,0,0,1,2,차대차 - 기타,중앙선침범,건조,맑음,기타 - 기타,승용,여,40세,상해없음,승용,남,26세,경상
2012022000100413,2012년 2월 20일 18시,월요일,울산광역시 남구 여천동,경상사고,0,0,1,0,차대차 - 측면직각충돌,신호위반,건조,맑음,교차로 - 교차로안,승용,여,53세,상해없음,이륜,남,29세,경상
2012022000100455,2012년 2월 20일 19시,월요일,울산광역시 중구 학성동,사망사고,1,0,0,0,차대사람 - 횡단중,안전운전불이행,건조,맑음,단일로 - 기타,승용,남,37세,상해없음,보행자,여,72세,사망
2012022000100456,2012년 2월 20일 19시,월요일,울산광역시 북구 진장동,부상신고사고,0,0,0,1,차대차 - 기타,안전운전불이행,건조,맑음,교차로 - 교차로부근,기타불명,기타불명,기타불명,기타불명,자전거,남,6세,부상신고
2012022000100457,2012년 2월 20일 19시,월요일,울산광역시 북구 명촌동,부상신고사고,0,0,0,1,차대차 - 측면직각충돌,안전거리미확보,건조,맑음,단일로 - 교량,승용,남,46세,상해없음,승용,여,39세,부상신고
2012022000100458,2012년 2월 20일 19시,월요일,울산광역시 남구 신정동,경상사고,0,0,1,0,차대차 - 정면충돌,교차로운행방법위반,건조,맑음,교차로 - 교차로안,승용,남,41세,상해없음,이륜,남,16세,경상
2012022000100492,2012년 2월 20일 20시,월요일,울산광역시 남구 무거동,중상사고,0,2,1,0,차대차 - 추돌 - 주정차중,안전운전불이행,건조,맑음,단일로 - 횡단보도부근,원동기,남,14세,중상,승용,여,29세,중상
2012022000100493,2012년 2월 20일 20시,월요일,울산광역시 울주군 삼남면,경상사고,0,0,1,0,차량단독 - 기타,안전운전불이행,건조,맑음,단일로 - 기타,승용,남,54세,경상,,,,
2012022000100620,2012년 2월 20일 23시,월요일,울산광역시 남구 삼산동,경상사고,0,0,2,0,차대차 - 추돌 - 주정차중,안전운전불이행,건조,맑음,단일로 - 기타,승용,남,46세,상해없음,승용,여,25세,경상
2012022100100028,2012년 2월 21일 00시,화요일,울산광역시 남구 야음동,중상사고,0,1,0,0,차대차 - 추돌 - 진행중,안전운전불이행,건조,맑음,단일로 - 기타,원동기,남,35세,중상,승용,남,34세,기타불명
2012022100100070,2012년 2월 21일 02시,화요일,울산광역시 동구 화정동,경상사고,0,0,2,1,차대차 - 추돌 - 주정차중,안전운전불이행,건조,맑음,교차로 - 교차로부근,승용,남,29세,상해없음,승용,남,25세,경상
2012022100100126,2012년 2월 21일 06시,화요일,울산광역시 남구 부곡동,경상사고,0,0,2,0,차대차 - 추돌 - 주정차중,안전거리미확보,건조,맑음,단일로 - 기타,승용,남,52세,상해없음,승용,남,30세,경상
2012022100100183,2012년 2월 21일 08시,화요일,울산광역시 남구 달동,중상사고,0,1,0,0,차대차 - 측면직각충돌,신호위반,건조,맑음,단일로 - 횡단보도상,승용,남,38세,상해없음,자전거,남,49세,중상
2012022100100204,2012년 2월 21일 09시,화요일,울산광역시 울주군 언양읍,중상사고,0,1,0,0,차대차 - 기타,안전거리미확보,건조,맑음,교차로 - 교차로부근,원동기,남,79세,중상,화물,남,45세,상해없음
2012022100100205,2012년 2월 21일 09시,화요일,울산광역시 울주군 웅촌면,경상사고,0,0,2,0,차대차 - 추돌 - 주정차중,안전거리미확보,건조,맑음,단일로 - 기타,승용,남,27세,상해없음,승용,남,41세,상해없음
2012022100100233,2012년 2월 21일 10시,화요일,울산광역시 중구 성남동,경상사고,0,0,1,0,차대차 - 측면직각충돌,신호위반,건조,맑음,단일로 - 기타,자전거,남,53세,경상,승용,남,58세,상해없음
2012022100100281,2012년 2월 21일 12시,화요일,울산광역시 중구 복산동,경상사고,0,0,1,0,차대차 - 측면직각충돌,안전거리미확보,건조,맑음,교차로 - 교차로안,화물,남,66세,상해없음,승용,여,34세,경상
2012022100100312,2012년 2월 21일 13시,화요일,울산광역시 울주군 청량면,중상사고,0,1,0,0,차대사람 - 길가장자리구역통행중,안전운전불이행,건조,흐림,단일로 - 기타,화물,남,36세,상해없음,보행자,여,84세,중상
2012022100100373,2012년 2월 21일 15시,화요일,울산광역시 남구 두왕동,경상사고,0,0,1,0,차대차 - 추돌 - 주정차중,안전운전불이행,습기,비,교차로 - 교차로부근,승용,남,57세,상해없음,승용,여,47세,경상
2012022100100396,2012년 2월 21일 16시,화요일,울산광역시 울주군 범서읍,중상사고,0,3,1,0,차대차 - 측면직각충돌,교차로운행방법위반,습기,비,교차로 - 교차로안,승용,여,55세,경상,승용,여,40세,중상
2012022100100429,2012년 2월 21일 17시,화요일,울산광역시 울주군 온양읍,중상사고,0,1,1,1,차대차 - 측면직각충돌,안전거리미확보,습기,비,교차로 - 교차로부근,승용,여,22세,상해없음,승합,남,35세,경상
2012022100100478,2012년 2월 21일 18시,화요일,울산광역시 중구 서동,중상사고,0,1,0,0,차대차 - 추돌 - 주정차중,안전운전불이행,습기,비,교차로 - 교차로부근,승용,남,63세,상해없음,승용,여,27세,중상
2012022100100479,2012년 2월 21일 18시,화요일,울산광역시 북구 호계동,경상사고,0,0,2,1,차대차 - 측면직각충돌,직진우회전진행방해,건조,맑음,교차로 - 교차로안,승용,남,27세,부상신고,승용,남,38세,경상
2012022100100480,2012년 2월 21일 18시,화요일,울산광역시 북구 효문동,중상사고,0,1,2,0,차대차 - 측면직각충돌,중앙선침범,습기,비,단일로 - 기타,승용,남,27세,경상,승용,여,30세,경상
2012022100100527,2012년 2월 21일 19시,화요일,울산광역시 울주군 서생면,중상사고,0,1,2,0,차대차 - 측면직각충돌,중앙선침범,습기,비,단일로 - 기타,승용,남,41세,상해없음,승용,남,49세,경상
2012022100100528,2012년 2월 21일 19시,화요일,울산광역시 울주군 두서면,중상사고,0,1,0,0,차대차 - 측면직각충돌,신호위반,건조,맑음,교차로 - 교차로안,이륜,남,50세,중상,승용,남,46세,상해없음
2012022100100565,2012년 2월 21일 20시,화요일,울산광역시 동구 방어동,경상사고,0,0,2,0,차대차 - 측면직각충돌,중앙선침범,습기,비,교차로 - 교차로부근,이륜,남,49세,경상,이륜,남,24세,경상
2012022100100600,2012년 2월 21일 21시,화요일,울산광역시 북구 신천동,중상사고,0,1,0,0,차대차 - 측면직각충돌,신호위반,건조,흐림,교차로 - 교차로안,이륜,남,18세,중상,승용,남,42세,상해없음
2012022100100635,2012년 2월 21일 22시,화요일,울산광역시 북구 염포동,경상사고,0,0,1,0,차대차 - 추돌 - 진행중,교차로운행방법위반,습기,비,교차로 - 교차로안,승용,남,50세,상해없음,승용,남,23세,경상
2012022100100636,2012년 2월 21일 22시,화요일,울산광역시 울주군 언양읍,부상신고사고,0,0,0,1,차대차 - 추돌 - 주정차중,안전거리미확보,습기,흐림,교차로 - 교차로부근,승용,남,28세,상해없음,화물,남,47세,부상신고
2012022100100683,2012년 2월 21일 23시,화요일,울산광역시 남구 두왕동,중상사고,0,1,0,0,차대차 - 기타,차로위반,건조,맑음,단일로 - 기타,승용,남,32세,상해없음,승용,여,35세,중상
2012022100100684,2012년 2월 21일 23시,화요일,울산광역시 동구 화정동,경상사고,0,0,1,0,차대차 - 측면직각충돌,교차로운행방법위반,건조,맑음,교차로 - 교차로안,승용,남,52세,상해없음,원동기,남,39세,경상
2012022200100053,2012년 2월 22일 01시,수요일,울산광역시 울주군 언양읍,부상신고사고,0,0,0,1,차대차 - 추돌 - 주정차중,안전운전불이행,건조,흐림,단일로 - 기타,승용,남,22세,부상신고,화물,남,42세,기타불명
2012022200100210,2012년 2월 22일 09시,수요일,울산광역시 남구 신정동,경상사고,0,0,1,0,차대차 - 측면직각충돌,안전운전불이행,건조,맑음,단일로 - 기타,승용,여,45세,상해없음,승용,여,30세,경상
2012022200100229,2012년 2월 22일 10시,수요일,울산광역시 울주군 상북면,경상사고,0,0,1,0,차대차 - 측면직각충돌,교차로운행방법위반,건조,흐림,교차로 - 교차로안,승용,남,51세,상해없음,화물,여,52세,경상
2012022200100283,2012년 2월 22일 13시,수요일,울산광역시 남구 야음동,중상사고,0,1,0,0,차대차 - 측면직각충돌,안전운전불이행,건조,흐림,교차로 - 교차로안,자전거,남,46세,중상,승용,여,28세,상해없음
2012022200100338,2012년 2월 22일 15시,수요일,울산광역시 중구 태화동,경상사고,0,0,1,0,차대차 - 측면직각충돌,안전운전불이행,건조,흐림,교차로 - 교차로안,승용,남,63세,상해없음,이륜,남,21세,경상
2012022200100384,2012년 2월 22일 17시,수요일,울산광역시 중구 우정동,경상사고,0,0,1,0,차대차 - 측면직각충돌,안전운전불이행,건조,맑음,단일로 - 기타,승용,남,49세,상해없음,자전거,남,46세,경상
2012022200100419,2012년 2월 22일 18시,수요일,울산광역시 중구 태화동,경상사고,0,0,1,0,차대차 - 추돌 - 주정차중,안전운전불이행,건조,맑음,단일로 - 기타,승용,남,60세,상해없음,승용,남,62세,경상
2012022200100420,2012년 2월 22일 18시,수요일,울산광역시 남구 무거동,중상사고,0,1,0,0,차대차 - 측면직각충돌,안전운전불이행,건조,맑음,교차로 - 교차로안,승용,남,47세,상해없음,이륜,남,16세,중상
2012022200100460,2012년 2월 22일 19시,수요일,울산광역시 중구 복산동,중상사고,0,1,0,0,차대차 - 기타,안전운전불이행,건조,맑음,단일로 - 기타,승용,남,68세,기타불명,자전거,여,55세,중상
2012022200100491,2012년 2월 22일 20시,수요일,울산광역시 북구 명촌동,중상사고,0,1,1,0,차대차 - 측면직각충돌,안전운전불이행,건조,맑음,교차로 - 교차로부근,승용,여,43세,상해없음,이륜,남,16세,중상
2012022300100027,2012년 2월 23일 00시,목요일,울산광역시 동구 방어동,경상사고,0,0,1,0,차대차 - 측면직각충돌,교차로운행방법위반,건조,맑음,교차로 - 교차로안,승용,남,59세,상해없음,승용,남,27세,경상
2012022300100044,2012년 2월 23일 01시,목요일,울산광역시 남구 삼산동,중상사고,0,1,0,0,차대사람 - 횡단중,안전운전불이행,건조,맑음,단일로 - 기타,승용,남,28세,상해없음,보행자,여,53세,중상
2012022300100047,2012년 2월 23일 02시,목요일,울산광역시 울주군 두서면,경상사고,0,0,1,0,차대차 - 기타,안전거리미확보,건조,맑음,단일로 - 기타,승용,남,29세,상해없음,화물,남,39세,경상
2012022300100053,2012년 2월 23일 02시,목요일,울산광역시 울주군 범서읍,경상사고,0,0,1,0,차대사람 - 기타,안전운전불이행,건조,맑음,단일로 - 기타,승용,남,57세,기타불명,보행자,남,30세,경상
2012022300100074,2012년 2월 23일 04시,목요일,울산광역시 북구 호계동,경상사고,0,0,1,0,차대차 - 추돌 - 진행중,안전운전불이행,건조,맑음,단일로 - 기타,승용,남,26세,상해없음,승용,남,52세,경상
2012022300100113,2012년 2월 23일 07시,목요일,울산광역시 남구 무거동,중상사고,0,1,0,0,차대사람 - 횡단중,보행자보호의무위반,건조,흐림,단일로 - 횡단보도상,승용,남,28세,상해없음,보행자,여,21세,중상
2012022300100192,2012년 2월 23일 10시,목요일,울산광역시 동구 방어동,중상사고,0,1,0,0,차대사람 - 기타,안전운전불이행,건조,맑음,단일로 - 기타,화물,남,44세,상해없음,보행자,남,9세,중상
2012022300100207,2012년 2월 23일 11시,목요일,울산광역시 중구 다운동,경상사고,0,0,1,0,차대차 - 측면직각충돌,안전운전불이행,건조,맑음,단일로 - 기타,승용,남,24세,상해없음,자전거,남,14세,경상
2012022300100260,2012년 2월 23일 13시,목요일,울산광역시 남구 달동,경상사고,0,0,1,0,차대차 - 측면직각충돌,안전거리미확보,건조,맑음,단일로 - 기타,승합,남,32세,상해없음,승용,남,46세,경상
2012022300100313,2012년 2월 23일 15시,목요일,울산광역시 동구 방어동,경상사고,0,0,1,0,차대차 - 추돌 - 진행중,중앙선침범,건조,맑음,단일로 - 기타,화물,남,57세,상해없음,승용,남,30세,경상
2012022300100431,2012년 2월 23일 20시,목요일,울산광역시 동구 방어동,중상사고,0,1,0,0,차대차 - 정면충돌,중앙선침범,건조,맑음,교차로 - 교차로부근,승용,남,50세,상해없음,이륜,남,52세,중상
2012022300100481,2012년 2월 23일 22시,목요일,울산광역시 중구 남외동,부상신고사고,0,0,0,1,차대사람 - 기타,안전운전불이행,건조,맑음,단일로 - 기타,승용,남,49세,상해없음,보행자,남,27세,부상신고
2012022400100028,2012년 2월 24일 00시,금요일,울산광역시 중구 복산동,중상사고,0,2,0,0,차대차 - 추돌 - 주정차중,안전운전불이행,건조,맑음,단일로 - 기타,승용,남,38세,상해없음,승용,여,22세,중상
2012022400100045,2012년 2월 24일 01시,금요일,울산광역시 동구 화정동,경상사고,0,0,4,1,차대차 - 추돌 - 주정차중,안전운전불이행,건조,맑음,단일로 - 기타,승용,남,43세,상해없음,승용,남,34세,경상
2012022400100058,2012년 2월 24일 02시,금요일,울산광역시 남구 신정동,중상사고,0,2,0,0,차대차 - 측면직각충돌,중앙선침범,건조,맑음,교차로 - 교차로부근,승용,남,40세,상해없음,승용,남,35세,중상
2012022400100059,2012년 2월 24일 02시,금요일,울산광역시 남구 삼산동,중상사고,0,1,0,0,차대차 - 측면직각충돌,교차로운행방법위반,건조,맑음,교차로 - 교차로안,승용,남,52세,상해없음,승용,남,65세,중상
2012022400100310,2012년 2월 24일 14시,금요일,울산광역시 중구 다운동,중상사고,0,1,0,0,차대차 - 측면직각충돌,교차로운행방법위반,건조,맑음,교차로 - 교차로안,화물,남,23세,상해없음,원동기,남,79세,중상
2012022400100470,2012년 2월 24일 19시,금요일,울산광역시 남구 달동,경상사고,0,0,1,0,차대차 - 측면직각충돌,안전운전불이행,건조,맑음,교차로 - 교차로부근,승합,남,50세,상해없음,이륜,남,49세,경상
2012022400100514,2012년 2월 24일 20시,금요일,울산광역시 북구 연암동,중상사고,0,1,0,0,차대사람 - 횡단중,안전운전불이행,건조,맑음,단일로 - 기타,승용,남,45세,상해없음,보행자,남,33세,중상
2012022400100515,2012년 2월 24일 20시,금요일,울산광역시 울주군 온산읍,경상사고,0,0,2,0,차대차 - 추돌 - 진행중,기타,건조,맑음,단일로 - 기타,승용,남,33세,상해없음,승합,남,34세,상해없음
2012022400100552,2012년 2월 24일 21시,금요일,울산광역시 중구 학산동,경상사고,0,0,1,0,차대차 - 기타,안전운전불이행,건조,맑음,단일로 - 기타,승용,남,28세,기타불명,승용,남,26세,경상
2012022400100553,2012년 2월 24일 21시,금요일,울산광역시 북구 호계동,경상사고,0,0,1,0,차대사람 - 기타,안전운전불이행,건조,맑음,단일로 - 기타,승용,남,43세,상해없음,보행자,여,47세,경상
2012022400100554,2012년 2월 24일 21시,금요일,울산광역시 남구 삼산동,중상사고,0,1,0,0,차대사람 - 횡단중,안전운전불이행,건조,맑음,단일로 - 횡단보도부근,승용,여,51세,상해없음,보행자,남,39세,중상
2012022400100594,2012년 2월 24일 22시,금요일,울산광역시 중구 복산동,중상사고,0,1,0,0,차대사람 - 횡단중,신호위반,기타,맑음,교차로 - 교차로부근,원동기,남,21세,상해없음,보행자,남,49세,중상
2012022400100632,2012년 2월 24일 23시,금요일,울산광역시 중구 남외동,중상사고,0,1,0,0,차대차 - 측면직각충돌,안전거리미확보,건조,맑음,교차로 - 교차로안,승용,남,63세,상해없음,원동기,남,16세,중상
2012022500100066,2012년 2월 25일 01시,토요일,울산광역시 중구 복산동,중상사고,0,1,0,0,차대차 - 측면직각충돌,안전운전불이행,건조,맑음,단일로 - 기타,자전거,남,23세,중상,승용,남,41세,상해없음
2012022500100151,2012년 2월 25일 05시,토요일,울산광역시 북구 신천동,경상사고,0,0,1,0,차량단독 - 전도전복,안전운전불이행,건조,맑음,교차로 - 교차로부근,이륜,남,34세,경상,,,,
2012022500100152,2012년 2월 25일 05시,토요일,울산광역시 남구 달동,중상사고,0,1,0,0,차량단독 - 공작물충돌,교차로운행방법위반,건조,맑음,교차로 - 교차로안,승용,남,26세,중상,,,,
2012022500100178,2012년 2월 25일 06시,토요일,울산광역시 중구 반구동,중상사고,0,3,0,0,차량단독 - 공작물충돌,안전운전불이행,건조,맑음,교차로 - 교차로부근,승용,남,18세,중상,,,,
2012022500100196,2012년 2월 25일 07시,토요일,울산광역시 동구 일산동,경상사고,0,0,1,0,차대사람 - 횡단중,안전운전불이행,건조,맑음,단일로 - 기타,승용,남,55세,상해없음,보행자,남,39세,경상
2012022500100217,2012년 2월 25일 08시,토요일,울산광역시 중구 태화동,경상사고,0,0,1,0,차대차 - 측면직각충돌,안전거리미확보,건조,맑음,단일로 - 기타,승용,남,46세,상해없음,승용,남,26세,경상
2012022500100234,2012년 2월 25일 09시,토요일,울산광역시 북구 호계동,중상사고,0,1,0,0,차대차 - 측면직각충돌,신호위반,건조,맑음,교차로 - 교차로안,화물,남,45세,상해없음,승용,남,52세,중상
2012022500100235,2012년 2월 25일 09시,토요일,울산광역시 중구 태화동,경상사고,0,0,1,0,차대차 - 측면직각충돌,직진우회전진행방해,건조,맑음,단일로 - 기타,승용,남,45세,상해없음,이륜,남,37세,경상
2012022500100258,2012년 2월 25일 11시,토요일,울산광역시 울주군 두서면,중상사고,0,1,0,0,차대차 - 추돌 - 진행중,안전운전불이행,건조,맑음,단일로 - 기타,승용,남,18세,상해없음,화물,남,27세,중상
2012022500100375,2012년 2월 25일 16시,토요일,울산광역시 울주군 웅촌면,경상사고,0,0,2,3,차대차 - 추돌 - 주정차중,안전운전불이행,건조,맑음,단일로 - 기타,화물,남,26세,상해없음,승용,남,36세,경상
2012022500100403,2012년 2월 25일 17시,토요일,울산광역시 남구 삼산동,경상사고,0,0,2,0,차대차 - 기타,안전운전불이행,건조,맑음,교차로 - 교차로안,승합,남,53세,상해없음,승용,여,30세,상해없음
2012022500100449,2012년 2월 25일 18시,토요일,울산광역시 동구 방어동,중상사고,0,1,0,0,차대사람 - 기타,중앙선침범,건조,맑음,단일로 - 기타,승용,남,56세,상해없음,보행자,여,61세,중상
2012022500100488,2012년 2월 25일 19시,토요일,울산광역시 남구 무거동,중상사고,0,1,0,0,차대차 - 기타,안전운전불이행,건조,맑음,단일로 - 기타,승용,남,26세,상해없음,승합,남,55세,상해없음
2012022500100489,2012년 2월 25일 19시,토요일,울산광역시 남구 신정동,중상사고,0,1,0,0,차대차 - 추돌 - 주정차중,안전운전불이행,건조,맑음,교차로 - 교차로부근,승용,기타불명,기타불명,기타불명,승용,남,51세,중상