사고번호,사고일시,요일,시군구,사고내용,사망자수,중상자수,경상자수,부상신고자수,사고유형,법규위반,노면상태,기상상태,도로형태,가해운전자 차종,가해운전자 성별,가해운전자 연령,가해운전자 상해정도,피해운전자 차종,피해운전자 성별,피해운전자 연령,피해운전자 상해정도
2012033000100715,2012년 3월 30일 23시,금요일,울산광역시 남구 달동,경상사고,0,0,1,0,차대차 - 측면직각충돌,직진우회전진행방해,습기,비,교차로 - 교차로안,승용,남,39세,상해없음,승용,여,38세,상해없음
2012033100100032,2012년 3월 31일 00시,토요일,울산광역시 남구 달동,경상사고,0,0,1,0,차대차 - 정면충돌,중앙선침범,습기,비,교차로 - 교차로부근,승용,남,45세,상해없음,승용,남,35세,경상
2012033100100033,2012년 3월 31일 00시,토요일,울산광역시 울주군 웅촌면,경상사고,0,0,1,0,차대사람 - 기타,안전운전불이행,습기,비,단일로 - 기타,승용,남,49세,상해없음,보행자,남,45세,경상
2012033100100063,2012년 3월 31일 01시,토요일,울산광역시 동구 화정동,경상사고,0,0,1,0,차대차 - 측면직각충돌,신호위반,습기,비,교차로 - 교차로안,승용,남,51세,상해없음,승용,남,33세,경상
2012033100100082,2012년 3월 31일 02시,토요일,울산광역시 남구 삼산동,중상사고,0,1,0,0,차대차 - 측면직각충돌,교차로운행방법위반,건조,흐림,교차로 - 교차로안,승용,남,61세,상해없음,승용,남,65세,중상
2012033100100132,2012년 3월 31일 05시,토요일,울산광역시 북구 양정동,중상사고,0,1,0,0,차대사람 - 횡단중,신호위반,건조,맑음,교차로 - 교차로안,승용,남,23세,상해없음,보행자,여,69세,중상
2012033100100199,2012년 3월 31일 09시,토요일,울산광역시 중구 옥교동,중상사고,0,2,0,0,차대차 - 측면직각충돌,교차로운행방법위반,건조,맑음,교차로 - 교차로안,승용,남,23세,기타불명,승용,여,45세,중상
2012033100100272,2012년 3월 31일 12시,토요일,울산광역시 울주군 웅촌면,부상신고사고,0,0,0,1,차량단독 - 도로외이탈 - 추락,안전운전불이행,건조,맑음,단일로 - 기타,화물,남,71세,부상신고,,,,
2012033100100341,2012년 3월 31일 14시,토요일,울산광역시 중구 학성동,경상사고,0,0,1,0,차대차 - 측면직각충돌,차로위반,건조,맑음,단일로 - 기타,승용,남,65세,상해없음,화물,남,38세,경상
2012033100100511,2012년 3월 31일 19시,토요일,울산광역시 남구 달동,경상사고,0,0,1,0,차대차 - 측면직각충돌,신호위반,건조,맑음,교차로 - 교차로안,승용,남,67세,상해없음,원동기,남,45세,경상
2012033100100560,2012년 3월 31일 20시,토요일,울산광역시 중구 우정동,사망사고,1,0,0,0,차대사람 - 횡단중,안전운전불이행,건조,맑음,단일로 - 기타,승용,남,42세,상해없음,보행자,남,39세,사망
2012033100100561,2012년 3월 31일 20시,토요일,울산광역시 남구 무거동,중상사고,0,1,0,0,차대차 - 추돌 - 진행중,신호위반,건조,맑음,교차로 - 교차로안,이륜,남,17세,중상,승용,남,46세,상해없음
2012033100100562,2012년 3월 31일 20시,토요일,울산광역시 남구 삼산동,경상사고,0,0,2,0,차대차 - 측면직각충돌,안전거리미확보,건조,흐림,교차로 - 교차로부근,승용,남,31세,경상,승용,남,56세,경상
2012033100100596,2012년 3월 31일 21시,토요일,울산광역시 남구 무거동,경상사고,0,0,2,0,차대차 - 기타,안전운전불이행,건조,맑음,단일로 - 기타,승용,남,49세,경상,승용,여,22세,경상
2012033100100629,2012년 3월 31일 22시,토요일,울산광역시 남구 무거동,중상사고,0,1,0,0,차대차 - 추돌 - 주정차중,안전운전불이행,건조,맑음,교차로 - 교차로부근,승용,남,39세,상해없음,승용,남,27세,중상
2012033100100630,2012년 3월 31일 22시,토요일,울산광역시 북구 염포동,경상사고,0,0,2,0,차대차 - 추돌 - 주정차중,안전운전불이행,건조,맑음,교차로 - 교차로부근,승용,남,60세,상해없음,승용,남,31세,경상
2012033100100660,2012년 3월 31일 23시,토요일,울산광역시 중구 우정동,사망사고,1,0,0,0,차대사람 - 차도통행중,안전운전불이행,건조,맑음,교차로 - 교차로부근,승용,남,58세,상해없음,보행자,남,40세,사망
2012040100100035,2012년 4월 1일 00시,일요일,울산광역시 북구 화봉동,중상사고,0,1,0,0,차대차 - 측면직각충돌,직진우회전진행방해,건조,맑음,교차로 - 교차로안,승용,남,54세,상해없음,승용,여,51세,중상
2012040100100036,2012년 4월 1일 00시,일요일,울산광역시 중구 우정동,경상사고,0,0,3,0,차대차 - 측면직각충돌,안전운전불이행,건조,맑음,단일로 - 기타,승용,남,27세,경상,이륜,남,16세,경상
2012040100100037,2012년 4월 1일 00시,일요일,울산광역시 중구 성남동,경상사고,0,0,2,0,차대차 - 측면직각충돌,안전거리미확보,건조,맑음,단일로 - 기타,승용,남,61세,상해없음,승용,남,29세,경상
2012040100100064,2012년 4월 1일 01시,일요일,울산광역시 남구 신정동,경상사고,0,0,1,0,차대차 - 기타,안전운전불이행,건조,맑음,단일로 - 기타,승용,남,50세,상해없음,승용,남,66세,상해없음
2012040100100085,2012년 4월 1일 02시,일요일,울산광역시 남구 달동,중상사고,0,4,0,0,차대차 - 측면직각충돌,안전운전불이행,건조,맑음,교차로 - 교차로안,승용,남,60세,중상,승용,남,28세,중상
2012040100100104,2012년 4월 1일 03시,일요일,울산광역시 남구 삼산동,중상사고,0,1,2,0,차대차 - 추돌 - 주정차중,안전운전불이행,건조,맑음,단일로 - 기타,승용,남,33세,상해없음,승용,남,53세,중상
2012040100100116,2012년 4월 1일 04시,일요일,울산광역시 남구 신정동,경상사고,0,0,3,0,차대차 - 정면충돌,신호위반,건조,맑음,교차로 - 교차로안,승용,남,29세,상해없음,승용,남,52세,경상
2012040100100150,2012년 4월 1일 07시,일요일,울산광역시 남구 달동,경상사고,0,0,4,0,차대차 - 측면직각충돌,안전운전불이행,건조,맑음,교차로 - 교차로부근,승용,남,23세,상해없음,화물,남,51세,경상
2012040100100205,2012년 4월 1일 10시,일요일,울산광역시 남구 달동,중상사고,0,1,0,0,차대차 - 추돌 - 주정차중,안전운전불이행,건조,맑음,단일로 - 기타,승용,여,23세,상해없음,승용,여,42세,중상
2012040100100224,2012년 4월 1일 11시,일요일,울산광역시 중구 성안동,중상사고,0,1,0,0,차대차 - 추돌 - 주정차중,안전운전불이행,건조,맑음,교차로 - 교차로부근,원동기,남,23세,중상,승용,남,52세,기타불명
2012040100100248,2012년 4월 1일 12시,일요일,울산광역시 울주군 삼남면,경상사고,0,0,1,0,차대차 - 기타,중앙선침범,건조,맑음,단일로 - 기타,화물,남,42세,상해없음,승용,남,68세,경상
2012040100100307,2012년 4월 1일 14시,일요일,울산광역시 북구 구유동,경상사고,0,0,2,0,차대차 - 측면직각충돌,중앙선침범,건조,맑음,단일로 - 기타,승용,여,30세,상해없음,화물,남,61세,경상
2012040100100308,2012년 4월 1일 14시,일요일,울산광역시 울주군 삼남면,경상사고,0,0,3,0,차대차 - 추돌 - 진행중,안전운전불이행,건조,맑음,교차로 - 교차로부근,화물,남,62세,상해없음,승용,남,33세,경상
2012040100100457,2012년 4월 1일 19시,일요일,울산광역시 남구 삼산동,중상사고,0,1,0,0,차대사람 - 기타,안전운전불이행,건조,맑음,단일로 - 기타,승합,남,48세,상해없음,보행자,남,52세,중상
2012040100100458,2012년 4월 1일 19시,일요일,울산광역시 북구 염포동,경상사고,0,0,1,0,차대차 - 기타,안전운전불이행,건조,맑음,단일로 - 기타,승용,남,53세,상해없음,승용,남,28세,상해없음
2012040100100459,2012년 4월 1일 19시,일요일,울산광역시 울주군 청량면,중상사고,0,1,1,0,차대차 - 기타,안전거리미확보,건조,맑음,단일로 - 기타,승용,여,47세,상해없음,승용,남,57세,상해없음
2012040100100544,2012년 4월 1일 22시,일요일,울산광역시 북구 신천동,경상사고,0,0,3,0,차대차 - 측면직각충돌,안전운전불이행,건조,맑음,단일로 - 기타,승용,남,31세,기타불명,승용,남,40세,경상
2012040100100545,2012년 4월 1일 22시,일요일,울산광역시 남구 달동,중상사고,0,1,0,0,차대사람 - 횡단중,안전운전불이행,건조,맑음,단일로 - 기타,승용,남,62세,상해없음,보행자,남,37세,중상
2012040100100546,2012년 4월 1일 22시,일요일,울산광역시 남구 야음동,경상사고,0,0,2,1,차대차 - 정면충돌,신호위반,건조,맑음,교차로 - 교차로안,승용,남,39세,상해없음,승용,남,27세,경상
2012040200100046,2012년 4월 2일 06시,월요일,울산광역시 북구 효문동,경상사고,0,0,1,0,차대사람 - 횡단중,보행자보호의무위반,건조,맑음,단일로 - 횡단보도상,승용,남,53세,상해없음,보행자,남,64세,경상
2012040200100047,2012년 4월 2일 06시,월요일,울산광역시 중구 우정동,경상사고,0,0,1,0,차대차 - 기타,안전운전불이행,건조,맑음,교차로 - 교차로부근,승용,남,37세,상해없음,자전거,남,53세,경상
2012040200100119,2012년 4월 2일 08시,월요일,울산광역시 울주군 범서읍,중상사고,0,1,0,1,차대차 - 측면직각충돌,신호위반,건조,맑음,교차로 - 교차로안,승용,여,51세,부상신고,승용,여,20세,중상
2012040200100147,2012년 4월 2일 09시,월요일,울산광역시 북구 중산동,중상사고,0,2,0,0,차대차 - 추돌 - 주정차중,안전운전불이행,건조,맑음,단일로 - 기타,승용,남,62세,기타불명,승용,남,60세,중상
2012040200100148,2012년 4월 2일 09시,월요일,울산광역시 남구 신정동,경상사고,0,0,1,0,차대사람 - 횡단중,보행자보호의무위반,건조,맑음,단일로 - 기타,승용,남,57세,상해없음,보행자,여,54세,경상
2012040200100223,2012년 4월 2일 12시,월요일,울산광역시 남구 달동,중상사고,0,1,0,0,차대사람 - 보도통행중,기타,건조,맑음,기타 - 기타,화물,남,44세,상해없음,보행자,여,89세,중상
2012040200100277,2012년 4월 2일 14시,월요일,울산광역시 북구 매곡동,경상사고,0,0,1,0,차대사람 - 횡단중,안전운전불이행,건조,맑음,단일로 - 횡단보도상,승용,남,57세,상해없음,보행자,여,27세,경상
2012040200100307,2012년 4월 2일 15시,월요일,울산광역시 울주군 두동면,중상사고,0,1,0,0,차량단독 - 기타,안전운전불이행,건조,맑음,단일로 - 기타,이륜,남,72세,중상,,,,
2012040200100488,2012년 4월 2일 19시,월요일,울산광역시 북구 연암동,경상사고,0,0,1,0,차대사람 - 횡단중,안전운전불이행,습기,비,교차로 - 교차로부근,승용,남,33세,상해없음,보행자,남,37세,경상
2012040200100539,2012년 4월 2일 20시,월요일,울산광역시 중구 성안동,부상신고사고,0,0,0,1,차대차 - 추돌 - 진행중,안전운전불이행,건조,맑음,단일로 - 기타,이륜,남,18세,부상신고,승용,여,41세,상해없음
2012040200100540,2012년 4월 2일 20시,월요일,울산광역시 남구 삼산동,경상사고,0,0,1,0,차대차 - 측면직각충돌,안전거리미확보,건조,맑음,단일로 - 기타,승용,남,44세,상해없음,승용,남,41세,경상
2012040200100655,2012년 4월 2일 22시,월요일,울산광역시 울주군 삼남면,중상사고,0,1,0,0,차대차 - 기타,안전운전불이행,습기,비,교차로 - 교차로부근,승용,여,43세,상해없음,화물,남,36세,상해없음
2012040300100035,2012년 4월 3일 00시,화요일,울산광역시 남구 삼산동,경상사고,0,0,1,0,차대차 - 추돌 - 주정차중,안전운전불이행,습기,비,교차로 - 교차로부근,승용,남,35세,상해없음,승용,남,72세,경상
2012040300100036,2012년 4월 3일 00시,화요일,울산광역시 울주군 범서읍,중상사고,0,1,2,1,차대차 - 기타,안전거리미확보,습기,비,단일로 - 기타,승용,남,59세,부상신고,승용,남,37세,중상
2012040300100065,2012년 4월 3일 01시,화요일,울산광역시 동구 화정동,중상사고,0,1,0,0,차대차 - 정면충돌,안전운전불이행,건조,맑음,단일로 - 기타,승용,여,25세,상해없음,화물,남,53세,중상
2012040300100085,2012년 4월 3일 02시,화요일,울산광역시 중구 남외동,중상사고,0,1,0,0,차대차 - 측면직각충돌,신호위반,습기,비,교차로 - 교차로안,승용,남,26세,상해없음,승용,남,26세,중상
2012040300100086,2012년 4월 3일 02시,화요일,울산광역시 울주군 범서읍,경상사고,0,0,1,0,차대차 - 추돌 - 진행중,안전운전불이행,습기,비,교차로 - 교차로부근,화물,남,56세,상해없음,승용,남,44세,상해없음
2012040300100116,2012년 4월 3일 04시,화요일,울산광역시 남구 달동,중상사고,0,1,3,0,차대차 - 측면직각충돌,직진우회전진행방해,습기,비,교차로 - 교차로안,승용,남,54세,상해없음,승용,남,38세,경상
2012040300100131,2012년 4월 3일 05시,화요일,울산광역시 남구 야음동,경상사고,0,0,1,0,차대사람 - 횡단중,안전운전불이행,습기,비,단일로 - 기타,승용,남,39세,상해없음,보행자,여,45세,경상
2012040300100148,2012년 4월 3일 06시,화요일,울산광역시 울주군 서생면,경상사고,0,0,1,0,차대차 - 기타,교차로운행방법위반,습기,비,교차로 - 교차로안,승용,남,21세,상해없음,승용,남,37세,경상
2012040300100177,2012년 4월 3일 07시,화요일,울산광역시 동구 방어동,경상사고,0,0,1,0,차대차 - 기타,안전운전불이행,건조,맑음,단일로 - 기타,승용,남,31세,상해없음,이륜,남,36세,경상
2012040300100399,2012년 4월 3일 15시,화요일,울산광역시 울주군 온양읍,경상사고,0,0,1,0,차대차 - 기타,안전운전불이행,건조,흐림,단일로 - 기타,승용,남,43세,상해없음,승용,여,26세,경상
2012040300100467,2012년 4월 3일 17시,화요일,울산광역시 중구 다운동,경상사고,0,0,1,0,차대차 - 추돌 - 주정차중,안전운전불이행,건조,맑음,교차로 - 교차로부근,승용,남,54세,상해없음,승용,여,38세,기타불명
2012040300100522,2012년 4월 3일 19시,화요일,울산광역시 중구 성남동,부상신고사고,0,0,0,1,차대사람 - 기타,안전운전불이행,건조,맑음,교차로 - 교차로안,승용,남,18세,상해없음,보행자,남,17세,부상신고
2012040300100578,2012년 4월 3일 21시,화요일,울산광역시 북구 화봉동,경상사고,0,0,1,0,차대차 - 측면직각충돌,교차로운행방법위반,건조,맑음,교차로 - 교차로부근,승용,남,37세,상해없음,자전거,남,36세,경상
2012040300100579,2012년 4월 3일 21시,화요일,울산광역시 남구 신정동,경상사고,0,0,1,0,차대차 - 기타,안전운전불이행,건조,맑음,단일로 - 기타,승용,남,49세,상해없음,이륜,남,18세,경상
2012040300100644,2012년 4월 3일 23시,화요일,울산광역시 남구 삼산동,경상사고,0,0,1,0,차대차 - 기타,안전운전불이행,건조,맑음,단일로 - 기타,승용,남,45세,상해없음,승용,남,43세,경상
2012040300100645,2012년 4월 3일 23시,화요일,울산광역시 동구 화정동,중상사고,0,1,1,0,차대차 - 추돌 - 주정차중,안전운전불이행,건조,맑음,단일로 - 기타,승용,여,41세,상해없음,승용,남,57세,중상
2012040400100023,2012년 4월 4일 00시,수요일,울산광역시 남구 삼산동,경상사고,0,0,4,0,차대차 - 추돌 - 진행중,안전운전불이행,건조,맑음,단일로 - 기타,승용,남,37세,상해없음,승용,여,44세,경상
2012040400100096,2012년 4월 4일 07시,수요일,울산광역시 남구 신정동,경상사고,0,0,1,0,차대차 - 측면직각충돌,교차로운행방법위반,건조,맑음,교차로 - 교차로안,승용,남,48세,상해없음,자전거,남,16세,경상
2012040400100177,2012년 4월 4일 10시,수요일,울산광역시 중구 우정동,경상사고,0,0,2,1,차대차 - 측면직각충돌,안전운전불이행,건조,맑음,단일로 - 기타,승용,남,78세,부상신고,승용,남,50세,기타불명
2012040400100263,2012년 4월 4일 14시,수요일,울산광역시 중구 반구동,중상사고,0,1,0,0,차대차 - 기타,안전운전불이행,건조,맑음,단일로 - 기타,특수,남,32세,상해없음,승용,여,46세,중상
2012040400100332,2012년 4월 4일 16시,수요일,울산광역시 울주군 청량면,경상사고,0,0,2,0,차대차 - 측면직각충돌,차로위반,건조,맑음,단일로 - 기타,화물,남,49세,경상,건설기계,남,32세,경상
2012040400100371,2012년 4월 4일 17시,수요일,울산광역시 울주군 온산읍,경상사고,0,0,1,0,차대차 - 측면직각충돌,신호위반,건조,맑음,교차로 - 교차로안,승용,남,55세,상해없음,승용,남,57세,경상
2012040400100537,2012년 4월 4일 22시,수요일,울산광역시 중구 태화동,경상사고,0,0,3,0,차대차 - 측면직각충돌,차로위반,건조,맑음,단일로 - 교량,승용,남,44세,상해없음,승용,남,35세,경상
2012040500100026,2012년 4월 5일 00시,목요일,울산광역시 남구 달동,중상사고,0,1,0,0,차대사람 - 기타,보행자보호의무위반,건조,맑음,교차로 - 교차로안,승용,여,27세,상해없음,보행자,남,39세,중상
2012040500100027,2012년 4월 5일 00시,목요일,울산광역시 남구 삼산동,경상사고,0,0,1,0,차대차 - 측면직각충돌,신호위반,건조,맑음,교차로 - 교차로안,승용,남,27세,상해없음,승합,여,60세,경상
2012040500100028,2012년 4월 5일 00시,목요일,울산광역시 울주군 청량면,중상사고,0,1,3,0,차대차 - 추돌 - 주정차중,신호위반,건조,맑음,교차로 - 교차로부근,승용,남,37세,중상,승용,남,40세,경상
2012040500100060,2012년 4월 5일 02시,목요일,울산광역시 동구 동부동,경상사고,0,0,1,0,차대차 - 기타,안전운전불이행,건조,맑음,단일로 - 기타,화물,남,53세,상해없음,이륜,남,33세,경상
2012040500100080,2012년 4월 5일 04시,목요일,울산광역시 동구 전하동,경상사고,0,0,2,0,차대차 - 측면직각충돌,교차로운행방법위반,건조,맑음,교차로 - 교차로안,승용,남,54세,상해없음,승용,여,36세,경상
2012040500100128,2012년 4월 5일 07시,목요일,울산광역시 북구 효문동,경상사고,0,0,1,0,차대차 - 기타,안전운전불이행,건조,맑음,단일로 - 기타,기타불명,기타불명,기타불명,기타불명,승합,남,53세,상해없음
2012040500100207,2012년 4월 5일 10시,목요일,울산광역시 동구 방어동,경상사고,0,0,1,0,차대차 - 측면직각충돌,교차로운행방법위반,건조,맑음,교차로 - 교차로안,승용,남,63세,상해없음,승용,여,29세,경상
2012040500100229,2012년 4월 5일 11시,목요일,울산광역시 남구 달동,중상사고,0,1,0,0,차대차 - 정면충돌,안전운전불이행,건조,맑음,교차로 - 교차로부근,승용,남,60세,상해없음,원동기,여,39세,중상
2012040500100230,2012년 4월 5일 11시,목요일,울산광역시 동구 전하동,중상사고,0,2,1,0,차대차 - 추돌 - 주정차중,안전운전불이행,건조,맑음,단일로 - 기타,승용,여,40세,상해없음,승용,남,41세,경상
2012040500100258,2012년 4월 5일 12시,목요일,울산광역시 울주군 웅촌면,중상사고,0,1,0,0,차량단독 - 공작물충돌,안전운전불이행,건조,맑음,단일로 - 기타,승용,남,22세,중상,,,,
2012040500100381,2012년 4월 5일 16시,목요일,울산광역시 북구 연암동,경상사고,0,0,6,0,차대사람 - 횡단중,안전운전불이행,건조,맑음,단일로 - 횡단보도부근,승합,남,48세,상해없음,보행자,여,7세,경상
2012040500100382,2012년 4월 5일 16시,목요일,울산광역시 중구 우정동,중상사고,0,1,0,0,차대사람 - 기타,안전운전불이행,건조,맑음,단일로 - 기타,승용,남,46세,상해없음,보행자,여,37세,중상
2012040500100533,2012년 4월 5일 20시,목요일,울산광역시 울주군 상북면,중상사고,0,1,0,0,차량단독 - 기타,안전운전불이행,건조,맑음,단일로 - 기타,원동기,남,48세,중상,,,,
2012040500100564,2012년 4월 5일 21시,목요일,울산광역시 동구 서부동,중상사고,0,1,2,0,차대차 - 추돌 - 주정차중,안전운전불이행,건조,맑음,교차로 - 교차로부근,승용,여,53세,상해없음,승합,여,47세,경상
2012040500100565,2012년 4월 5일 21시,목요일,울산광역시 울주군 온산읍,중상사고,0,1,0,0,차대사람 - 길가장자리구역통행중,중앙선침범,건조,맑음,단일로 - 기타,원동기,남,24세,상해없음,보행자,여,71세,중상
2012040600100081,2012년 4월 6일 05시,금요일,울산광역시 중구 서동,중상사고,0,5,0,0,차대차 - 추돌 - 진행중,안전운전불이행,건조,맑음,단일로 - 기타,화물,남,67세,중상,승용,남,28세,중상
2012040600100217,2012년 4월 6일 10시,금요일,울산광역시 중구 학성동,중상사고,0,2,0,0,차대차 - 측면직각충돌,교차로운행방법위반,건조,맑음,교차로 - 교차로안,승용,남,66세,상해없음,승용,남,69세,중상
2012040600100258,2012년 4월 6일 12시,금요일,울산광역시 남구 신정동,경상사고,0,0,2,0,차대차 - 측면직각충돌,신호위반,건조,맑음,교차로 - 교차로안,승용,남,60세,상해없음,승용,남,43세,경상
2012040600100282,2012년 4월 6일 13시,금요일,울산광역시 북구 상안동,경상사고,0,0,1,0,차대차 - 측면직각충돌,안전운전불이행,건조,맑음,교차로 - 교차로안,승용,여,44세,상해없음,이륜,남,36세,경상
2012040600100378,2012년 4월 6일 16시,금요일,울산광역시 울주군 청량면,중상사고,0,1,0,1,차대차 - 기타,안전운전불이행,건조,맑음,교차로 - 교차로부근,농기계,남,74세,부상신고,승합,남,55세,상해없음
2012040600100458,2012년 4월 6일 18시,금요일,울산광역시 중구 태화동,부상신고사고,0,0,0,2,차대차 - 측면직각충돌,직진우회전진행방해,건조,맑음,교차로 - 교차로안,화물,여,59세,기타불명,승용,남,29세,부상신고
2012040600100459,2012년 4월 6일 18시,금요일,울산광역시 남구 신정동,경상사고,0,0,2,0,차대차 - 측면직각충돌,중앙선침범,건조,맑음,단일로 - 기타,승용,여,50세,경상,화물,남,54세,경상
2012040600100509,2012년 4월 6일 19시,금요일,울산광역시 북구 명촌동,중상사고,0,1,0,0,차대차 - 측면직각충돌,안전운전불이행,건조,맑음,단일로 - 기타,승용,남,28세,상해없음,이륜,남,51세,중상
2012040600100510,2012년 4월 6일 19시,금요일,울산광역시 남구 야음동,경상사고,0,0,1,0,차대사람 - 횡단중,안전운전불이행,건조,맑음,단일로 - 기타,이륜,남,16세,상해없음,보행자,남,14세,경상
2012040600100511,2012년 4월 6일 19시,금요일,울산광역시 울주군 삼남면,중상사고,0,1,0,0,차대차 - 기타,신호위반,건조,맑음,교차로 - 교차로안,화물,남,65세,상해없음,승용,여,36세,중상
2012040600100512,2012년 4월 6일 19시,금요일,울산광역시 울주군 온양읍,중상사고,0,1,0,0,차대차 - 기타,안전운전불이행,건조,맑음,단일로 - 기타,승합,남,45세,상해없음,화물,남,45세,중상
2012040600100576,2012년 4월 6일 21시,금요일,울산광역시 중구 복산동,중상사고,0,1,3,0,차대차 - 추돌 - 주정차중,안전운전불이행,건조,맑음,교차로 - 교차로부근,승용,남,48세,상해없음,승용,여,51세,상해없음
2012040700100028,2012년 4월 7일 00시,토요일,울산광역시 중구 반구동,경상사고,0,0,1,0,차대사람 - 횡단중,안전운전불이행,건조,맑음,단일로 - 기타,승용,여,42세,상해없음,보행자,남,35세,경상
2012040700100048,2012년 4월 7일 01시,토요일,울산광역시 남구 달동,경상사고,0,0,1,0,차대사람 - 기타,안전운전불이행,건조,맑음,단일로 - 기타,승용,남,22세,상해없음,보행자,남,36세,경상
2012040700100049,2012년 4월 7일 01시,토요일,울산광역시 울주군 청량면,경상사고,0,0,1,0,차량단독 - 공작물충돌,안전운전불이행,건조,맑음,단일로 - 기타,승용,기타불명,기타불명,기타불명,,,,
2012040700100095,2012년 4월 7일 04시,토요일,울산광역시 울주군 언양읍,부상신고사고,0,0,0,1,차량단독 - 기타,안전운전불이행,건조,맑음,단일로 - 기타,승용,남,24세,부상신고,,,,
2012040700100393,2012년 4월 7일 15시,토요일,울산광역시 북구 진장동,중상사고,0,1,2,1,차대차 - 추돌 - 진행중,안전운전불이행,건조,맑음,단일로 - 기타,승용,남,36세,부상신고,승용,여,36세,경상
2012040700100430,2012년 4월 7일 16시,토요일,울산광역시 울주군 서생면,경상사고,0,0,1,0,차대차 - 기타,안전운전불이행,건조,맑음,단일로 - 기타,화물,남,57세,상해없음,승용,여,43세,경상
2012040700100579,2012년 4월 7일 20시,토요일,울산광역시 북구 천곡동,중상사고,0,1,0,0,차대차 - 측면직각충돌,안전운전불이행,건조,맑음,단일로 - 기타,승용,여,39세,상해없음,이륜,남,19세,중상
2012040700100580,2012년 4월 7일 20시,토요일,울산광역시 울주군 두동면,부상신고사고,0,0,0,1,차대사람 - 기타,안전운전불이행,건조,맑음,교차로 - 교차로부근,승용,남,37세,상해없음,보행자,남,56세,부상신고
2012040700100618,2012년 4월 7일 21시,토요일,울산광역시 동구 서부동,경상사고,0,0,1,0,차대차 - 추돌 - 진행중,안전운전불이행,건조,맑음,단일로 - 기타,승용,남,53세,상해없음,승용,남,50세,경상
2012040700100678,2012년 4월 7일 23시,토요일,울산광역시 울주군 온양읍,중상사고,0,1,0,0,차대사람 - 횡단중,안전운전불이행,건조,맑음,교차로 - 교차로부근,승용,남,54세,상해없음,보행자,남,56세,중상
2012040800100032,2012년 4월 8일 00시,일요일,울산광역시 중구 반구동,경상사고,0,0,1,0,차대차 - 측면직각충돌,안전운전불이행,건조,맑음,교차로 - 교차로안,승용,남,51세,상해없음,승용,여,54세,상해없음
2012040800100058,2012년 4월 8일 01시,일요일,울산광역시 중구 반구동,중상사고,0,2,0,0,차대차 - 측면직각충돌,직진우회전진행방해,건조,맑음,교차로 - 교차로안,승용,남,38세,기타불명,승용,남,48세,중상
2012040800100127,2012년 4월 8일 06시,일요일,울산광역시 울주군 언양읍,경상사고,0,0,2,0,차대차 - 측면직각충돌,교차로운행방법위반,건조,맑음,교차로 - 교차로안,승합,남,56세,상해없음,승합,남,54세,상해없음
2012040800100141,2012년 4월 8일 07시,일요일,울산광역시 북구 명촌동,경상사고,0,0,1,0,차대차 - 측면직각충돌,신호위반,건조,맑음,교차로 - 교차로안,자전거,남,44세,경상,승용,남,46세,상해없음
2012040800100216,2012년 4월 8일 11시,일요일,울산광역시 울주군 언양읍,경상사고,0,0,1,0,차대사람 - 기타,보행자보호의무위반,건조,맑음,단일로 - 기타,승용,남,54세,기타불명,보행자,여,56세,경상
2012040800100430,2012년 4월 8일 17시,일요일,울산광역시 중구 성남동,중상사고,0,1,1,0,차대차 - 기타,중앙선침범,건조,맑음,교차로 - 교차로부근,승용,남,26세,상해없음,승용,남,28세,중상
2012040800100431,2012년 4월 8일 17시,일요일,울산광역시 동구 주전동,경상사고,0,0,4,0,차대차 - 추돌 - 주정차중,안전운전불이행,건조,맑음,단일로 - 기타,승용,남,52세,경상,승용,남,38세,기타불명
2012040800100432,2012년 4월 8일 17시,일요일,울산광역시 울주군 언양읍,중상사고,0,1,4,0,차대차 - 추돌 - 진행중,안전거리미확보,건조,맑음,단일로 - 기타,승용,남,52세,상해없음,승용,여,49세,중상
2012040800100457,2012년 4월 8일 18시,일요일,울산광역시 중구 태화동,경상사고,0,0,1,0,차대사람 - 차도통행중,안전운전불이행,건조,맑음,단일로 - 기타,승용,남,42세,기타불명,보행자,남,21세,경상
2012040800100458,2012년 4월 8일 18시,일요일,울산광역시 중구 남외동,경상사고,0,0,1,0,차대차 - 측면직각충돌,안전운전불이행,건조,맑음,단일로 - 기타,이륜,남,17세,상해없음,자전거,남,51세,경상
2012040800100459,2012년 4월 8일 18시,일요일,울산광역시 북구 효문동,경상사고,0,0,1,0,차대차 - 추돌 - 주정차중,안전운전불이행,건조,맑음,교차로 - 교차로부근,승용,남,55세,상해없음,승용,남,47세,상해없음
2012040800100460,2012년 4월 8일 18시,일요일,울산광역시 동구 방어동,경상사고,0,0,1,0,차대사람 - 기타,안전운전불이행,건조,맑음,단일로 - 기타,이륜,남,25세,상해없음,보행자,여,16세,경상
2012040800100461,2012년 4월 8일 18시,일요일,울산광역시 울주군 범서읍,중상사고,0,3,0,0,차대차 - 추돌 - 진행중,안전거리미확보,건조,맑음,단일로 - 기타,승용,여,34세,상해없음,승용,남,49세,중상
2012040800100495,2012년 4월 8일 19시,일요일,울산광역시 중구 옥교동,부상신고사고,0,0,0,1,차대차 - 측면직각충돌,안전운전불이행,건조,맑음,단일로 - 기타,이륜,남,18세,부상신고,승합,남,44세,상해없음