사고번호,사고일시,요일,시군구,사고내용,사망자수,중상자수,경상자수,부상신고자수,사고유형,법규위반,노면상태,기상상태,도로형태,가해운전자 차종,가해운전자 성별,가해운전자 연령,가해운전자 상해정도,피해운전자 차종,피해운전자 성별,피해운전자 연령,피해운전자 상해정도
2012041700100578,2012년 4월 17일 22시,화요일,울산광역시 남구 삼산동,중상사고,0,1,1,0,차대차 - 추돌 - 진행중,교차로운행방법위반,건조,맑음,교차로 - 교차로안,승용,남,40세,상해없음,승용,남,42세,경상
2012041700100579,2012년 4월 17일 22시,화요일,울산광역시 남구 삼산동,중상사고,0,2,0,0,차대차 - 측면직각충돌,중앙선침범,건조,맑음,단일로 - 기타,승용,남,33세,중상,승용,남,44세,중상
2012041800100025,2012년 4월 18일 00시,수요일,울산광역시 북구 중산동,경상사고,0,0,1,0,차대차 - 측면직각충돌,안전운전불이행,건조,맑음,단일로 - 기타,승용,남,35세,상해없음,승용,여,46세,경상
2012041800100026,2012년 4월 18일 00시,수요일,울산광역시 북구 양정동,경상사고,0,0,1,0,차량단독 - 전도전복,안전운전불이행,건조,맑음,단일로 - 기타,이륜,남,17세,경상,,,,
2012041800100089,2012년 4월 18일 06시,수요일,울산광역시 중구 우정동,중상사고,0,1,0,0,차대차 - 측면직각충돌,신호위반,건조,맑음,교차로 - 교차로안,승용,남,39세,상해없음,승용,남,35세,중상
2012041800100111,2012년 4월 18일 07시,수요일,울산광역시 동구 화정동,경상사고,0,0,1,0,차대사람 - 횡단중,신호위반,건조,맑음,단일로 - 횡단보도상,이륜,남,53세,상해없음,보행자,남,64세,경상
2012041800100155,2012년 4월 18일 08시,수요일,울산광역시 울주군 범서읍,중상사고,0,1,2,1,차대차 - 추돌 - 진행중,안전거리미확보,건조,맑음,단일로 - 기타,화물,남,34세,경상,승용,여,29세,중상
2012041800100172,2012년 4월 18일 09시,수요일,울산광역시 북구 호계동,경상사고,0,0,2,0,차대차 - 추돌 - 주정차중,안전운전불이행,건조,맑음,단일로 - 기타,승용,남,48세,기타불명,승용,여,26세,경상
2012041800100221,2012년 4월 18일 11시,수요일,울산광역시 남구 신정동,경상사고,0,0,2,0,차대차 - 추돌 - 진행중,안전거리미확보,건조,맑음,단일로 - 횡단보도부근,승용,여,40세,경상,승용,여,61세,경상
2012041800100222,2012년 4월 18일 11시,수요일,울산광역시 북구 양정동,중상사고,0,1,0,0,차량단독 - 기타,기타,건조,맑음,단일로 - 기타,승합,남,44세,상해없음,,,,
2012041800100256,2012년 4월 18일 12시,수요일,울산광역시 남구 옥동,중상사고,0,1,1,0,차대차 - 측면직각충돌,신호위반,건조,맑음,교차로 - 교차로안,화물,남,29세,경상,승용,여,53세,중상
2012041800100316,2012년 4월 18일 14시,수요일,울산광역시 중구 우정동,경상사고,0,0,1,1,차대차 - 기타,안전거리미확보,건조,맑음,단일로 - 기타,이륜,남,41세,부상신고,승용,남,61세,상해없음
2012041800100353,2012년 4월 18일 15시,수요일,울산광역시 남구 부곡동,경상사고,0,0,1,0,차대차 - 측면직각충돌,교차로운행방법위반,건조,맑음,교차로 - 교차로안,승용,여,25세,경상,화물,미분류,기타불명,기타불명
2012041800100445,2012년 4월 18일 18시,수요일,울산광역시 중구 학성동,중상사고,0,1,1,0,차대사람 - 기타,안전운전불이행,건조,맑음,단일로 - 횡단보도부근,승용,남,36세,상해없음,보행자,여,25세,중상
2012041800100446,2012년 4월 18일 18시,수요일,울산광역시 울주군 온산읍,중상사고,0,1,5,0,차대차 - 추돌 - 진행중,안전거리미확보,건조,맑음,교차로 - 교차로부근,승합,남,62세,상해없음,승용,여,28세,경상
2012041800100476,2012년 4월 18일 19시,수요일,울산광역시 북구 중산동,중상사고,0,1,0,0,차대사람 - 횡단중,보행자보호의무위반,건조,맑음,단일로 - 횡단보도상,이륜,남,53세,상해없음,보행자,여,51세,중상
2012041900100024,2012년 4월 19일 00시,목요일,울산광역시 북구 염포동,중상사고,0,1,0,0,차대차 - 추돌 - 진행중,안전운전불이행,건조,맑음,교차로 - 교차로부근,승용,남,54세,상해없음,승용,남,48세,중상
2012041900100077,2012년 4월 19일 04시,목요일,울산광역시 남구 신정동,중상사고,0,2,0,0,차대차 - 측면직각충돌,차로위반,건조,맑음,교차로 - 교차로부근,승용,남,50세,상해없음,승용,남,41세,중상
2012041900100128,2012년 4월 19일 07시,목요일,울산광역시 울주군 온산읍,경상사고,0,0,1,0,차대차 - 추돌 - 주정차중,중앙선침범,건조,맑음,교차로 - 교차로부근,승용,남,50세,상해없음,승용,여,37세,경상
2012041900100179,2012년 4월 19일 09시,목요일,울산광역시 남구 무거동,중상사고,0,1,0,0,차대차 - 추돌 - 진행중,안전거리미확보,건조,맑음,교차로 - 교차로부근,승용,남,63세,상해없음,승용,남,28세,상해없음
2012041900100256,2012년 4월 19일 12시,목요일,울산광역시 남구 신정동,경상사고,0,0,1,0,차대사람 - 기타,안전운전불이행,건조,맑음,단일로 - 횡단보도상,승용,남,68세,상해없음,보행자,남,56세,경상
2012041900100310,2012년 4월 19일 14시,목요일,울산광역시 울주군 범서읍,경상사고,0,0,1,0,차대차 - 추돌 - 주정차중,안전운전불이행,건조,맑음,단일로 - 기타,화물,남,67세,상해없음,승용,남,51세,상해없음
2012041900100331,2012년 4월 19일 15시,목요일,울산광역시 남구 선암동,경상사고,0,0,1,0,차대차 - 추돌 - 진행중,안전운전불이행,건조,맑음,단일로 - 기타,건설기계,남,46세,상해없음,승용,여,62세,경상
2012041900100332,2012년 4월 19일 15시,목요일,울산광역시 동구 서부동,경상사고,0,0,3,0,차대차 - 추돌 - 주정차중,안전운전불이행,건조,맑음,단일로 - 기타,화물,남,39세,상해없음,승용,여,28세,경상
2012041900100361,2012년 4월 19일 16시,목요일,울산광역시 중구 반구동,경상사고,0,0,2,0,차대차 - 추돌 - 진행중,안전운전불이행,건조,맑음,교차로 - 교차로부근,승용,남,32세,상해없음,승용,남,41세,경상
2012041900100477,2012년 4월 19일 19시,목요일,울산광역시 울주군 온산읍,경상사고,0,0,1,0,차대차 - 정면충돌,중앙선침범,건조,맑음,단일로 - 기타,승용,남,37세,상해없음,승용,남,63세,경상
2012041900100587,2012년 4월 19일 22시,목요일,울산광역시 중구 다운동,중상사고,0,1,0,0,차대차 - 기타,안전운전불이행,습기,비,교차로 - 교차로안,화물,남,58세,상해없음,원동기,남,19세,중상
2012041900100588,2012년 4월 19일 22시,목요일,울산광역시 남구 무거동,경상사고,0,0,1,0,차대차 - 추돌 - 진행중,안전운전불이행,습기,비,교차로 - 교차로안,승용,남,40세,상해없음,승합,남,56세,상해없음
2012041900100589,2012년 4월 19일 22시,목요일,울산광역시 남구 달동,경상사고,0,0,1,0,차대사람 - 횡단중,보행자보호의무위반,습기,비,교차로 - 교차로부근,승용,여,25세,상해없음,보행자,남,17세,경상
2012041900100625,2012년 4월 19일 23시,목요일,울산광역시 중구 태화동,경상사고,0,0,1,0,차대차 - 추돌 - 주정차중,안전운전불이행,습기,비,단일로 - 기타,승용,남,49세,상해없음,승용,여,41세,경상
2012041900100626,2012년 4월 19일 23시,목요일,울산광역시 중구 다운동,경상사고,0,0,1,0,차대차 - 추돌 - 주정차중,중앙선침범,기타,비,교차로 - 교차로안,승용,남,51세,상해없음,승용,여,42세,경상
2012041900100627,2012년 4월 19일 23시,목요일,울산광역시 중구 태화동,경상사고,0,0,1,0,차대차 - 측면직각충돌,안전거리미확보,습기,비,단일로 - 기타,승용,남,44세,상해없음,이륜,남,16세,경상
2012041900100628,2012년 4월 19일 23시,목요일,울산광역시 중구 우정동,중상사고,0,1,0,0,차대차 - 기타,안전운전불이행,습기,비,단일로 - 기타,승용,남,49세,상해없음,자전거,남,53세,중상
2012041900100629,2012년 4월 19일 23시,목요일,울산광역시 동구 화정동,중상사고,0,1,0,0,차대차 - 추돌 - 진행중,안전운전불이행,습기,비,단일로 - 기타,승용,남,50세,상해없음,승용,남,66세,중상
2012042000100113,2012년 4월 20일 06시,금요일,울산광역시 중구 우정동,경상사고,0,0,3,0,차대차 - 추돌 - 주정차중,안전운전불이행,건조,흐림,단일로 - 기타,승용,남,22세,상해없음,승용,남,59세,상해없음
2012042000100145,2012년 4월 20일 07시,금요일,울산광역시 북구 신천동,중상사고,0,1,0,0,차대차 - 추돌 - 진행중,안전운전불이행,건조,흐림,단일로 - 기타,승용,남,32세,기타불명,화물,남,51세,중상
2012042000100146,2012년 4월 20일 07시,금요일,울산광역시 동구 서부동,경상사고,0,0,1,0,차대차 - 추돌 - 진행중,안전거리미확보,건조,맑음,단일로 - 기타,승용,남,47세,상해없음,이륜,남,56세,경상
2012042000100193,2012년 4월 20일 08시,금요일,울산광역시 중구 다운동,중상사고,0,1,0,0,차대사람 - 기타,기타,습기,비,단일로 - 기타,승합,남,47세,상해없음,보행자,여,63세,중상
2012042000100232,2012년 4월 20일 09시,금요일,울산광역시 동구 서부동,중상사고,0,1,0,0,차대차 - 정면충돌,중앙선침범,건조,맑음,단일로 - 기타,승용,여,53세,상해없음,승용,남,34세,중상
2012042000100262,2012년 4월 20일 10시,금요일,울산광역시 남구 달동,중상사고,0,1,1,0,차대차 - 측면직각충돌,안전운전불이행,건조,흐림,교차로 - 교차로안,이륜,남,23세,경상,이륜,남,28세,중상
2012042000100429,2012년 4월 20일 16시,금요일,울산광역시 남구 야음동,경상사고,0,0,1,0,차대사람 - 횡단중,신호위반,건조,맑음,교차로 - 교차로안,승용,남,43세,상해없음,보행자,남,2세,경상
2012042000100430,2012년 4월 20일 16시,금요일,울산광역시 울주군 범서읍,중상사고,0,1,0,0,차량단독 - 기타,교차로운행방법위반,건조,흐림,교차로 - 교차로안,승합,남,51세,상해없음,,,,
2012042000100469,2012년 4월 20일 17시,금요일,울산광역시 동구 화정동,경상사고,0,0,1,0,차대사람 - 횡단중,안전운전불이행,건조,맑음,교차로 - 교차로안,승용,여,29세,상해없음,보행자,여,16세,경상
2012042000100511,2012년 4월 20일 18시,금요일,울산광역시 울주군 온산읍,경상사고,0,0,1,0,차대차 - 추돌 - 진행중,안전운전불이행,건조,맑음,단일로 - 기타,화물,남,64세,상해없음,건설기계,남,46세,상해없음
2012042000100587,2012년 4월 20일 20시,금요일,울산광역시 북구 신천동,중상사고,0,1,0,0,차대사람 - 횡단중,안전운전불이행,건조,맑음,단일로 - 횡단보도상,승용,남,42세,상해없음,보행자,여,46세,중상
2012042000100588,2012년 4월 20일 20시,금요일,울산광역시 동구 화정동,중상사고,0,1,0,0,차대사람 - 횡단중,신호위반,건조,맑음,단일로 - 기타,이륜,남,54세,상해없음,보행자,여,17세,중상
2012042100100079,2012년 4월 21일 02시,토요일,울산광역시 북구 효문동,경상사고,0,0,2,0,차대차 - 추돌 - 주정차중,안전운전불이행,습기,비,교차로 - 교차로부근,화물,남,34세,상해없음,승용,남,43세,경상
2012042100100080,2012년 4월 21일 02시,토요일,울산광역시 동구 일산동,경상사고,0,0,3,0,차대차 - 기타,신호위반,건조,맑음,교차로 - 교차로안,승용,남,35세,상해없음,승용,여,30세,경상
2012042100100125,2012년 4월 21일 04시,토요일,울산광역시 북구 창평동,중상사고,0,1,1,0,차대차 - 측면직각충돌,신호위반,습기,비,교차로 - 교차로안,화물,남,56세,상해없음,승용,여,44세,중상
2012042100100205,2012년 4월 21일 08시,토요일,울산광역시 울주군 언양읍,중상사고,0,1,0,0,차대사람 - 기타,보행자보호의무위반,습기,비,단일로 - 횡단보도상,승용,남,68세,상해없음,보행자,여,75세,중상
2012042100100238,2012년 4월 21일 09시,토요일,울산광역시 울주군 삼남면,경상사고,0,0,1,0,차대사람 - 길가장자리구역통행중,안전운전불이행,습기,비,단일로 - 기타,승합,남,53세,상해없음,보행자,여,51세,경상
2012042100100299,2012년 4월 21일 11시,토요일,울산광역시 북구 명촌동,중상사고,0,3,1,0,차대차 - 측면직각충돌,안전운전불이행,습기,비,단일로 - 기타,화물,남,43세,상해없음,승용,여,45세,중상
2012042100100339,2012년 4월 21일 12시,토요일,울산광역시 남구 무거동,중상사고,0,2,0,0,차대차 - 정면충돌,중앙선침범,습기,비,단일로 - 기타,승용,남,27세,상해없음,승합,남,37세,중상
2012042100100412,2012년 4월 21일 14시,토요일,울산광역시 남구 신정동,중상사고,0,1,0,0,차대차 - 측면직각충돌,교차로운행방법위반,습기,비,교차로 - 교차로안,승용,남,68세,중상,승용,여,42세,상해없음
2012042100100497,2012년 4월 21일 16시,토요일,울산광역시 울주군 온산읍,경상사고,0,0,1,0,차대차 - 기타,중앙선침범,습기,비,단일로 - 기타,승용,남,36세,상해없음,승용,남,55세,경상
2012042100100504,2012년 4월 21일 17시,토요일,울산광역시 울주군 청량면,중상사고,0,2,0,0,차대차 - 추돌 - 진행중,안전운전불이행,습기,비,단일로 - 교량,승용,여,50세,상해없음,승용,여,57세,중상
2012042100100654,2012년 4월 21일 19시,토요일,울산광역시 북구 신천동,경상사고,0,0,1,0,차대사람 - 횡단중,신호위반,건조,맑음,교차로 - 교차로안,승합,남,56세,상해없음,보행자,여,12세,경상
2012042100100655,2012년 4월 21일 19시,토요일,울산광역시 북구 호계동,경상사고,0,0,3,1,차대차 - 정면충돌,교차로운행방법위반,습기,비,단일로 - 기타,승용,남,55세,부상신고,승용,남,22세,경상
2012042100100718,2012년 4월 21일 20시,토요일,울산광역시 북구 신천동,경상사고,0,0,1,0,차대차 - 추돌 - 주정차중,안전운전불이행,습기,비,단일로 - 기타,승용,남,38세,상해없음,승용,남,40세,경상
2012042100100719,2012년 4월 21일 20시,토요일,울산광역시 중구 복산동,경상사고,0,0,1,0,차대차 - 추돌 - 진행중,안전운전불이행,습기,비,교차로 - 교차로부근,승용,남,51세,상해없음,승용,남,43세,경상
2012042100100720,2012년 4월 21일 20시,토요일,울산광역시 울주군 온산읍,경상사고,0,0,1,0,차대차 - 기타,안전운전불이행,습기,비,단일로 - 기타,승용,남,33세,상해없음,화물,남,39세,기타불명
2012042100100790,2012년 4월 21일 21시,토요일,울산광역시 울주군 온양읍,중상사고,0,1,0,0,차대차 - 측면직각충돌,신호위반,습기,비,교차로 - 교차로안,승용,남,24세,상해없음,승용,남,32세,중상
2012042100100852,2012년 4월 21일 22시,토요일,울산광역시 남구 신정동,중상사고,0,1,0,0,차대차 - 측면직각충돌,안전거리미확보,건조,맑음,단일로 - 기타,승용,남,57세,상해없음,이륜,남,16세,중상
2012042100100914,2012년 4월 21일 23시,토요일,울산광역시 남구 삼산동,경상사고,0,0,1,0,차대차 - 측면직각충돌,안전운전불이행,습기,비,교차로 - 교차로부근,승용,남,49세,상해없음,승용,남,51세,경상
2012042100100915,2012년 4월 21일 23시,토요일,울산광역시 동구 방어동,중상사고,0,2,0,0,차대차 - 기타,안전운전불이행,습기,비,교차로 - 교차로안,승용,남,60세,상해없음,승용,여,49세,중상
2012042100100916,2012년 4월 21일 23시,토요일,울산광역시 동구 동부동,경상사고,0,0,1,0,차량단독 - 공작물충돌,안전운전불이행,습기,비,단일로 - 기타,승용,남,34세,상해없음,,,,
2012042100100917,2012년 4월 21일 23시,토요일,울산광역시 울주군 언양읍,부상신고사고,0,0,0,1,차대사람 - 기타,안전운전불이행,습기,비,단일로 - 기타,승용,남,48세,상해없음,보행자,남,62세,부상신고
2012042100100918,2012년 4월 21일 23시,토요일,울산광역시 울주군 웅촌면,부상신고사고,0,0,0,2,차대차 - 추돌 - 주정차중,안전운전불이행,습기,비,교차로 - 교차로부근,승용,남,40세,상해없음,승용,여,21세,부상신고
2012042200100057,2012년 4월 22일 00시,일요일,울산광역시 중구 학성동,중상사고,0,1,0,0,차대사람 - 길가장자리구역통행중,안전운전불이행,습기,비,교차로 - 교차로안,승용,남,40세,상해없음,보행자,남,51세,중상
2012042200100126,2012년 4월 22일 02시,일요일,울산광역시 중구 성남동,경상사고,0,0,2,0,차대사람 - 보도통행중,교차로운행방법위반,습기,비,교차로 - 교차로안,승용,남,26세,상해없음,보행자,남,35세,경상
2012042200100156,2012년 4월 22일 03시,일요일,울산광역시 중구 반구동,사망사고,1,0,0,0,차량단독 - 기타,안전운전불이행,습기,비,단일로 - 기타,원동기,남,43세,사망,,,,
2012042200100157,2012년 4월 22일 03시,일요일,울산광역시 남구 무거동,부상신고사고,0,0,0,2,차대사람 - 길가장자리구역통행중,안전운전불이행,습기,비,단일로 - 기타,승용,남,35세,상해없음,보행자,남,25세,부상신고
2012042200100158,2012년 4월 22일 03시,일요일,울산광역시 남구 신정동,중상사고,0,1,0,0,차대차 - 추돌 - 주정차중,안전운전불이행,습기,비,교차로 - 교차로안,승용,남,55세,상해없음,승용,여,30세,중상
2012042200100242,2012년 4월 22일 08시,일요일,울산광역시 중구 다운동,경상사고,0,0,4,0,차대차 - 추돌 - 진행중,안전운전불이행,건조,맑음,단일로 - 기타,승용,남,31세,기타불명,승용,남,61세,경상
2012042200100419,2012년 4월 22일 16시,일요일,울산광역시 중구 태화동,경상사고,0,0,4,0,차대차 - 추돌 - 주정차중,안전운전불이행,건조,맑음,단일로 - 교량,승용,남,48세,상해없음,승용,남,52세,경상
2012042200100420,2012년 4월 22일 16시,일요일,울산광역시 동구 화정동,경상사고,0,0,1,0,차대사람 - 기타,안전운전불이행,건조,맑음,교차로 - 교차로부근,승용,남,52세,상해없음,보행자,남,13세,경상
2012042200100451,2012년 4월 22일 17시,일요일,울산광역시 울주군 범서읍,경상사고,0,0,1,0,차대차 - 기타,안전운전불이행,건조,흐림,단일로 - 기타,승용,여,45세,상해없음,자전거,여,9세,경상
2012042200100533,2012년 4월 22일 19시,일요일,울산광역시 남구 신정동,중상사고,0,1,0,0,차대차 - 추돌 - 진행중,안전운전불이행,건조,맑음,단일로 - 기타,승용,남,48세,상해없음,승용,남,49세,중상
2012042200100619,2012년 4월 22일 21시,일요일,울산광역시 울주군 온양읍,중상사고,0,1,0,0,차대차 - 기타,안전운전불이행,건조,맑음,교차로 - 교차로안,승용,기타불명,기타불명,기타불명,승용,남,41세,중상
2012042200100662,2012년 4월 22일 23시,일요일,울산광역시 중구 반구동,중상사고,0,1,0,0,차대차 - 추돌 - 주정차중,안전운전불이행,건조,맑음,교차로 - 교차로부근,이륜,남,34세,중상,승합,남,41세,상해없음
2012042200100663,2012년 4월 22일 23시,일요일,울산광역시 남구 달동,경상사고,0,0,1,0,차대차 - 측면직각충돌,신호위반,건조,맑음,교차로 - 교차로안,이륜,남,17세,경상,승용,남,44세,상해없음
2012042200100664,2012년 4월 22일 23시,일요일,울산광역시 울주군 온산읍,경상사고,0,0,1,0,차대차 - 기타,안전운전불이행,건조,맑음,단일로 - 기타,승용,남,32세,상해없음,이륜,남,45세,경상
2012042300100010,2012년 4월 23일 00시,월요일,울산광역시 중구 우정동,경상사고,0,0,1,0,차대차 - 기타,안전운전불이행,건조,맑음,교차로 - 교차로안,기타불명,기타불명,기타불명,기타불명,승용,남,59세,상해없음
2012042300100025,2012년 4월 23일 01시,월요일,울산광역시 남구 달동,경상사고,0,0,1,0,차대사람 - 횡단중,안전운전불이행,건조,맑음,교차로 - 교차로부근,승용,남,57세,상해없음,보행자,여,24세,경상
2012042300100097,2012년 4월 23일 07시,월요일,울산광역시 남구 삼산동,중상사고,0,2,0,0,차대차 - 추돌 - 주정차중,안전운전불이행,건조,맑음,단일로 - 기타,승용,남,30세,중상,승용,남,58세,중상
2012042300100228,2012년 4월 23일 12시,월요일,울산광역시 동구 전하동,경상사고,0,0,1,1,차대차 - 측면직각충돌,신호위반,건조,맑음,교차로 - 교차로안,승용,여,39세,상해없음,이륜,남,33세,부상신고
2012042300100256,2012년 4월 23일 13시,월요일,울산광역시 중구 약사동,중상사고,0,2,0,0,차대차 - 추돌 - 주정차중,안전거리미확보,건조,맑음,교차로 - 교차로부근,승용,남,37세,상해없음,승용,남,36세,중상
2012042300100292,2012년 4월 23일 14시,월요일,울산광역시 남구 신정동,경상사고,0,0,1,0,차대차 - 측면직각충돌,안전거리미확보,건조,맑음,교차로 - 교차로부근,이륜,남,71세,경상,승용,남,48세,상해없음
2012042300100333,2012년 4월 23일 15시,월요일,울산광역시 울주군 삼동면,중상사고,0,1,0,0,차대차 - 측면직각충돌,직진우회전진행방해,건조,맑음,교차로 - 교차로안,승용,남,34세,상해없음,승용,남,59세,중상
2012042300100357,2012년 4월 23일 16시,월요일,울산광역시 동구 화정동,경상사고,0,0,2,0,차대차 - 측면직각충돌,신호위반,건조,맑음,교차로 - 교차로안,승용,남,54세,상해없음,승합,여,49세,경상
2012042300100436,2012년 4월 23일 18시,월요일,울산광역시 동구 화정동,경상사고,0,0,1,0,차대차 - 측면직각충돌,안전운전불이행,건조,맑음,교차로 - 교차로부근,승용,여,27세,상해없음,자전거,남,52세,경상
2012042300100469,2012년 4월 23일 19시,월요일,울산광역시 중구 남외동,경상사고,0,0,1,0,차대사람 - 횡단중,보행자보호의무위반,건조,맑음,단일로 - 횡단보도상,승용,남,50세,상해없음,보행자,남,6세,경상
2012042300100505,2012년 4월 23일 20시,월요일,울산광역시 북구 호계동,경상사고,0,0,2,0,차대차 - 측면직각충돌,교차로운행방법위반,건조,맑음,교차로 - 교차로안,승용,남,45세,상해없음,승용,여,28세,경상
2012042300100549,2012년 4월 23일 21시,월요일,울산광역시 남구 야음동,경상사고,0,0,1,0,차대사람 - 횡단중,안전운전불이행,건조,맑음,단일로 - 기타,이륜,남,47세,상해없음,보행자,남,71세,경상
2012042300100550,2012년 4월 23일 21시,월요일,울산광역시 동구 방어동,중상사고,0,1,0,0,차대사람 - 기타,안전운전불이행,건조,맑음,교차로 - 교차로안,승용,남,26세,상해없음,보행자,남,30세,중상
2012042300100575,2012년 4월 23일 22시,월요일,울산광역시 남구 야음동,중상사고,0,1,2,0,차대차 - 측면직각충돌,신호위반,건조,맑음,교차로 - 교차로안,승용,남,40세,상해없음,승용,남,50세,중상
2012042400100110,2012년 4월 24일 07시,화요일,울산광역시 북구 상안동,중상사고,0,1,0,0,차대차 - 추돌 - 주정차중,안전운전불이행,건조,맑음,단일로 - 기타,승용,남,43세,상해없음,화물,남,34세,중상
2012042400100111,2012년 4월 24일 07시,화요일,울산광역시 울주군 온산읍,중상사고,0,3,0,0,차대차 - 추돌 - 진행중,중앙선침범,건조,맑음,단일로 - 기타,승용,남,28세,중상,승용,남,42세,중상
2012042400100148,2012년 4월 24일 08시,화요일,울산광역시 북구 달천동,중상사고,0,1,0,0,차대차 - 측면직각충돌,안전운전불이행,건조,맑음,단일로 - 기타,이륜,여,22세,중상,승용,남,49세,상해없음
2012042400100149,2012년 4월 24일 08시,화요일,울산광역시 북구 염포동,중상사고,0,1,0,0,차대차 - 기타,안전운전불이행,건조,맑음,단일로 - 기타,승용,남,58세,상해없음,이륜,남,48세,중상
2012042400100252,2012년 4월 24일 12시,화요일,울산광역시 남구 신정동,경상사고,0,0,2,0,차대차 - 추돌 - 주정차중,안전운전불이행,건조,맑음,단일로 - 기타,승용,남,53세,상해없음,승용,남,63세,경상
2012042400100253,2012년 4월 24일 12시,화요일,울산광역시 남구 달동,중상사고,0,1,0,0,차대차 - 기타,안전운전불이행,건조,맑음,교차로 - 교차로안,화물,남,34세,상해없음,이륜,남,52세,중상
2012042400100279,2012년 4월 24일 13시,화요일,울산광역시 남구 달동,중상사고,0,1,0,0,차대사람 - 기타,안전운전불이행,습기,맑음,단일로 - 기타,승용,남,59세,상해없음,보행자,남,72세,중상
2012042400100351,2012년 4월 24일 15시,화요일,울산광역시 남구 무거동,경상사고,0,0,1,0,차대차 - 기타,안전운전불이행,건조,맑음,단일로 - 기타,화물,남,41세,상해없음,승용,여,44세,경상
2012042400100387,2012년 4월 24일 16시,화요일,울산광역시 울주군 서생면,경상사고,0,0,1,0,차대차 - 추돌 - 진행중,안전운전불이행,건조,맑음,단일로 - 기타,이륜,남,33세,경상,승합,남,46세,상해없음
2012042400100480,2012년 4월 24일 18시,화요일,울산광역시 남구 신정동,경상사고,0,0,1,0,차대차 - 추돌 - 진행중,안전거리미확보,건조,맑음,교차로 - 교차로안,이륜,남,16세,상해없음,승용,남,55세,경상
2012042400100513,2012년 4월 24일 19시,화요일,울산광역시 동구 일산동,중상사고,0,1,0,0,차대차 - 정면충돌,교차로운행방법위반,건조,맑음,교차로 - 교차로안,승합,남,32세,상해없음,이륜,남,18세,중상
2012042400100543,2012년 4월 24일 20시,화요일,울산광역시 중구 반구동,중상사고,0,2,0,0,차대차 - 측면직각충돌,직진우회전진행방해,건조,맑음,교차로 - 교차로부근,승용,여,46세,중상,이륜,남,41세,중상
2012042400100544,2012년 4월 24일 20시,화요일,울산광역시 중구 우정동,경상사고,0,0,2,0,차대차 - 기타,안전운전불이행,건조,맑음,교차로 - 교차로안,승용,남,56세,상해없음,승용,남,57세,경상
2012042400100545,2012년 4월 24일 20시,화요일,울산광역시 동구 방어동,경상사고,0,0,1,0,차대차 - 측면직각충돌,안전운전불이행,건조,맑음,단일로 - 횡단보도상,승용,남,68세,기타불명,자전거,남,33세,경상
2012042400100622,2012년 4월 24일 22시,화요일,울산광역시 중구 남외동,중상사고,0,1,0,0,차대차 - 기타,안전운전불이행,건조,맑음,단일로 - 기타,화물,남,28세,상해없음,자전거,여,67세,중상
2012042400100623,2012년 4월 24일 22시,화요일,울산광역시 남구 무거동,경상사고,0,0,1,0,차대차 - 측면직각충돌,차로위반,건조,맑음,교차로 - 교차로안,이륜,남,24세,상해없음,승용,남,32세,경상
2012042400100624,2012년 4월 24일 22시,화요일,울산광역시 동구 방어동,경상사고,0,0,2,0,차대차 - 측면직각충돌,안전운전불이행,건조,맑음,교차로 - 교차로안,화물,남,40세,상해없음,승용,남,31세,경상
2012042400100625,2012년 4월 24일 22시,화요일,울산광역시 동구 동부동,경상사고,0,0,4,0,차대차 - 측면직각충돌,교차로운행방법위반,건조,맑음,교차로 - 교차로안,승용,남,37세,상해없음,승용,남,25세,경상
2012042400100658,2012년 4월 24일 23시,화요일,울산광역시 동구 화정동,경상사고,0,0,3,0,차대차 - 정면충돌,중앙선침범,건조,맑음,단일로 - 기타,승용,여,40세,상해없음,승용,남,37세,경상
2012042500100091,2012년 4월 25일 06시,수요일,울산광역시 중구 옥교동,사망사고,1,0,0,0,차대차 - 추돌 - 진행중,안전거리미확보,건조,맑음,교차로 - 교차로부근,승용,여,27세,사망,승합,남,64세,상해없음
2012042500100115,2012년 4월 25일 07시,수요일,울산광역시 북구 양정동,중상사고,0,1,0,0,차대차 - 정면충돌,중앙선침범,건조,맑음,교차로 - 교차로부근,승용,남,41세,상해없음,이륜,남,29세,중상
2012042500100349,2012년 4월 25일 15시,수요일,울산광역시 남구 신정동,중상사고,0,1,0,0,차대사람 - 기타,안전운전불이행,건조,맑음,교차로 - 교차로안,승합,남,61세,상해없음,보행자,여,67세,중상
2012042500100415,2012년 4월 25일 17시,수요일,울산광역시 남구 신정동,경상사고,0,0,1,0,차대차 - 추돌 - 주정차중,안전운전불이행,습기,비,단일로 - 기타,승용,남,65세,상해없음,승용,남,36세,경상
2012042500100416,2012년 4월 25일 17시,수요일,울산광역시 울주군 웅촌면,중상사고,0,1,0,0,차대차 - 측면직각충돌,차로위반,습기,비,단일로 - 기타,승용,남,58세,중상,승합,남,58세,상해없음
2012042500100498,2012년 4월 25일 19시,수요일,울산광역시 중구 교동,경상사고,0,0,2,0,차대차 - 측면직각충돌,직진우회전진행방해,습기,비,교차로 - 교차로안,건설기계,남,60세,상해없음,승용,남,37세,경상