사고번호,사고일시,요일,시군구,사고내용,사망자수,중상자수,경상자수,부상신고자수,사고유형,법규위반,노면상태,기상상태,도로형태,가해운전자 차종,가해운전자 성별,가해운전자 연령,가해운전자 상해정도,피해운전자 차종,피해운전자 성별,피해운전자 연령,피해운전자 상해정도
2012051600100242,2012년 5월 16일 11시,수요일,울산광역시 남구 신정동,경상사고,0,0,1,0,차대사람 - 길가장자리구역통행중,안전운전불이행,건조,맑음,단일로 - 기타,승용,여,32세,상해없음,보행자,여,21세,경상
2012051600100364,2012년 5월 16일 15시,수요일,울산광역시 울주군 범서읍,중상사고,0,2,0,0,차대차 - 정면충돌,중앙선침범,건조,맑음,단일로 - 기타,승용,남,25세,상해없음,승용,남,60세,중상
2012051600100405,2012년 5월 16일 16시,수요일,울산광역시 북구 양정동,경상사고,0,0,2,0,차대차 - 기타,신호위반,건조,맑음,교차로 - 교차로부근,승용,남,51세,상해없음,승용,남,19세,경상
2012051600100478,2012년 5월 16일 18시,수요일,울산광역시 북구 호계동,중상사고,0,1,0,0,차대사람 - 기타,안전운전불이행,건조,맑음,단일로 - 기타,승용,기타불명,기타불명,기타불명,보행자,남,17세,중상
2012051600100510,2012년 5월 16일 19시,수요일,울산광역시 동구 일산동,경상사고,0,0,1,0,차대차 - 기타,안전운전불이행,건조,맑음,단일로 - 기타,승용,남,28세,상해없음,승합,남,47세,상해없음
2012051600100511,2012년 5월 16일 19시,수요일,울산광역시 울주군 삼동면,중상사고,0,1,0,0,차대사람 - 횡단중,안전운전불이행,건조,맑음,단일로 - 기타,승용,남,48세,상해없음,보행자,남,6세,중상
2012051600100548,2012년 5월 16일 20시,수요일,울산광역시 중구 태화동,중상사고,0,1,0,0,차대사람 - 횡단중,안전운전불이행,건조,맑음,교차로 - 교차로부근,승용,여,43세,상해없음,보행자,여,72세,중상
2012051600100618,2012년 5월 16일 22시,수요일,울산광역시 남구 무거동,중상사고,0,1,0,0,차대차 - 기타,신호위반,건조,맑음,교차로 - 교차로안,이륜,남,17세,중상,승합,남,49세,상해없음
2012051600100649,2012년 5월 16일 23시,수요일,울산광역시 남구 성암동,경상사고,0,0,1,0,차량단독 - 공작물충돌,안전운전불이행,건조,맑음,교차로 - 교차로안,승용,남,36세,경상,,,,
2012051700100038,2012년 5월 17일 01시,목요일,울산광역시 울주군 상북면,사망사고,1,0,0,0,차량단독 - 전도전복,안전운전불이행,건조,맑음,단일로 - 기타,승용,남,22세,사망,,,,
2012051700100051,2012년 5월 17일 02시,목요일,울산광역시 남구 옥동,중상사고,0,1,0,0,차량단독 - 전도전복,안전운전불이행,건조,맑음,단일로 - 기타,원동기,남,24세,중상,,,,
2012051700100123,2012년 5월 17일 07시,목요일,울산광역시 중구 성안동,중상사고,0,1,0,0,차대차 - 측면직각충돌,안전운전불이행,습기,맑음,단일로 - 기타,이륜,남,46세,중상,화물,남,46세,상해없음
2012051700100124,2012년 5월 17일 07시,목요일,울산광역시 북구 시례동,경상사고,0,0,1,0,차대차 - 측면직각충돌,안전거리미확보,건조,맑음,단일로 - 기타,원동기,남,66세,경상,승합,남,31세,상해없음
2012051700100156,2012년 5월 17일 08시,목요일,울산광역시 중구 태화동,중상사고,0,1,3,0,차대차 - 추돌 - 진행중,안전운전불이행,건조,맑음,교차로 - 교차로부근,승용,남,65세,상해없음,승용,여,39세,중상
2012051700100262,2012년 5월 17일 12시,목요일,울산광역시 중구 태화동,부상신고사고,0,0,0,1,차대차 - 측면직각충돌,안전운전불이행,건조,맑음,교차로 - 교차로부근,자전거,남,72세,부상신고,승용,남,31세,상해없음
2012051700100359,2012년 5월 17일 15시,목요일,울산광역시 남구 신정동,경상사고,0,0,2,0,차대차 - 기타,안전운전불이행,건조,맑음,단일로 - 기타,승용,남,58세,상해없음,승용,남,31세,경상
2012051700100506,2012년 5월 17일 19시,목요일,울산광역시 중구 다운동,부상신고사고,0,0,0,1,차대차 - 측면직각충돌,안전운전불이행,건조,맑음,교차로 - 교차로안,승합,남,43세,상해없음,자전거,남,13세,부상신고
2012051700100507,2012년 5월 17일 19시,목요일,울산광역시 북구 염포동,중상사고,0,1,0,0,차대차 - 측면직각충돌,안전거리미확보,건조,맑음,단일로 - 기타,이륜,남,17세,중상,승용,남,53세,상해없음
2012051700100540,2012년 5월 17일 20시,목요일,울산광역시 북구 상안동,경상사고,0,0,1,0,차대차 - 기타,안전운전불이행,건조,맑음,단일로 - 기타,승용,남,52세,상해없음,원동기,남,17세,경상
2012051700100541,2012년 5월 17일 20시,목요일,울산광역시 동구 전하동,부상신고사고,0,0,0,1,차대차 - 측면직각충돌,신호위반,건조,맑음,교차로 - 교차로안,승용,여,31세,상해없음,이륜,남,57세,부상신고
2012051700100568,2012년 5월 17일 21시,목요일,울산광역시 남구 옥동,경상사고,0,0,1,0,차량단독 - 기타,안전운전불이행,건조,맑음,교차로 - 교차로안,승용,남,47세,상해없음,,,,
2012051700100632,2012년 5월 17일 23시,목요일,울산광역시 남구 무거동,중상사고,0,1,0,0,차대사람 - 기타,안전운전불이행,건조,맑음,단일로 - 기타,승용,남,40세,상해없음,보행자,여,31세,중상
2012051800100025,2012년 5월 18일 01시,금요일,울산광역시 중구 학성동,중상사고,0,1,0,0,차대차 - 기타,안전운전불이행,건조,맑음,단일로 - 기타,승용,남,49세,중상,승용,남,31세,상해없음
2012051800100026,2012년 5월 18일 01시,금요일,울산광역시 남구 달동,경상사고,0,0,1,0,차대사람 - 횡단중,안전운전불이행,건조,맑음,교차로 - 교차로안,승용,남,46세,상해없음,보행자,남,40세,경상
2012051800100120,2012년 5월 18일 07시,금요일,울산광역시 울주군 온양읍,중상사고,0,1,0,0,차대사람 - 기타,보행자보호의무위반,건조,맑음,교차로 - 교차로부근,승용,남,37세,상해없음,보행자,여,30세,중상
2012051800100165,2012년 5월 18일 08시,금요일,울산광역시 남구 무거동,경상사고,0,0,1,0,차대차 - 측면직각충돌,안전거리미확보,건조,맑음,교차로 - 교차로안,승용,남,23세,상해없음,승합,남,58세,경상
2012051800100199,2012년 5월 18일 09시,금요일,울산광역시 남구 달동,중상사고,0,1,1,0,차대차 - 측면직각충돌,직진우회전진행방해,건조,맑음,교차로 - 교차로안,승용,남,44세,경상,승용,여,54세,중상
2012051800100200,2012년 5월 18일 09시,금요일,울산광역시 동구 방어동,중상사고,0,1,0,0,차대사람 - 횡단중,보행자보호의무위반,건조,맑음,단일로 - 횡단보도상,화물,남,56세,상해없음,보행자,여,63세,중상
2012051800100293,2012년 5월 18일 12시,금요일,울산광역시 남구 야음동,경상사고,0,0,1,0,차대사람 - 차도통행중,안전운전불이행,건조,맑음,교차로 - 교차로안,승용,여,49세,상해없음,보행자,남,53세,경상
2012051800100397,2012년 5월 18일 15시,금요일,울산광역시 남구 신정동,중상사고,0,1,0,0,차대차 - 기타,안전운전불이행,건조,맑음,교차로 - 교차로부근,승용,여,56세,상해없음,자전거,여,55세,중상
2012051800100398,2012년 5월 18일 15시,금요일,울산광역시 남구 달동,경상사고,0,0,2,0,차대차 - 추돌 - 진행중,안전운전불이행,건조,맑음,교차로 - 교차로안,이륜,남,16세,경상,승용,여,39세,상해없음
2012051800100399,2012년 5월 18일 15시,금요일,울산광역시 동구 서부동,중상사고,0,1,3,0,차대차 - 추돌 - 주정차중,안전운전불이행,건조,맑음,단일로 - 기타,승용,여,56세,중상,승용,남,57세,경상
2012051800100442,2012년 5월 18일 16시,금요일,울산광역시 중구 옥교동,중상사고,0,1,0,0,차대사람 - 길가장자리구역통행중,안전운전불이행,건조,맑음,단일로 - 기타,승합,남,52세,상해없음,보행자,여,78세,중상
2012051800100613,2012년 5월 18일 20시,금요일,울산광역시 중구 서동,부상신고사고,0,0,0,1,차대사람 - 차도통행중,안전운전불이행,건조,맑음,교차로 - 교차로부근,기타불명,기타불명,기타불명,기타불명,보행자,남,44세,부상신고
2012051800100614,2012년 5월 18일 20시,금요일,울산광역시 중구 성남동,중상사고,0,1,0,0,차대차 - 기타,안전운전불이행,건조,맑음,교차로 - 교차로부근,승용,남,50세,상해없음,원동기,남,60세,중상
2012051800100615,2012년 5월 18일 20시,금요일,울산광역시 남구 무거동,중상사고,0,1,0,0,차대사람 - 횡단중,보행자보호의무위반,건조,맑음,단일로 - 기타,승용,남,31세,상해없음,보행자,여,65세,중상
2012051800100658,2012년 5월 18일 21시,금요일,울산광역시 중구 태화동,중상사고,0,1,2,0,차대차 - 측면직각충돌,안전운전불이행,건조,맑음,단일로 - 기타,승용,남,55세,상해없음,승용,남,35세,중상
2012051800100659,2012년 5월 18일 21시,금요일,울산광역시 중구 교동,경상사고,0,0,1,0,차대차 - 기타,안전운전불이행,건조,맑음,교차로 - 교차로부근,화물,여,49세,상해없음,이륜,남,38세,경상
2012051800100660,2012년 5월 18일 21시,금요일,울산광역시 울주군 온산읍,부상신고사고,0,0,0,1,차대사람 - 기타,안전운전불이행,건조,맑음,단일로 - 기타,승용,남,36세,상해없음,보행자,남,58세,부상신고
2012051900100362,2012년 5월 19일 14시,토요일,울산광역시 동구 일산동,경상사고,0,0,1,0,차대사람 - 횡단중,안전운전불이행,건조,맑음,단일로 - 기타,승용,남,27세,상해없음,보행자,남,7세,경상
2012051900100395,2012년 5월 19일 15시,토요일,울산광역시 울주군 온산읍,중상사고,0,3,1,0,차대차 - 측면직각충돌,안전운전불이행,건조,맑음,단일로 - 기타,승용,남,28세,중상,승용,남,29세,경상
2012051900100428,2012년 5월 19일 16시,토요일,울산광역시 울주군 웅촌면,경상사고,0,0,1,0,차대차 - 측면직각충돌,신호위반,건조,맑음,교차로 - 교차로안,화물,남,58세,상해없음,승용,여,56세,경상
2012051900100470,2012년 5월 19일 17시,토요일,울산광역시 중구 성남동,경상사고,0,0,1,0,차대사람 - 차도통행중,안전운전불이행,건조,맑음,단일로 - 기타,승용,남,20세,상해없음,보행자,남,13세,경상
2012051900100471,2012년 5월 19일 17시,토요일,울산광역시 울주군 온산읍,부상신고사고,0,0,0,1,차대차 - 측면직각충돌,안전운전불이행,건조,맑음,교차로 - 교차로안,이륜,남,37세,부상신고,승합,남,57세,상해없음
2012051900100505,2012년 5월 19일 18시,토요일,울산광역시 중구 약사동,경상사고,0,0,1,0,차대사람 - 횡단중,신호위반,건조,맑음,단일로 - 횡단보도상,이륜,남,18세,상해없음,보행자,여,17세,경상
2012051900100506,2012년 5월 19일 18시,토요일,울산광역시 중구 다운동,중상사고,0,1,0,0,차대사람 - 횡단중,안전운전불이행,건조,맑음,단일로 - 기타,승용,남,53세,상해없음,보행자,남,57세,중상
2012051900100507,2012년 5월 19일 18시,토요일,울산광역시 남구 삼산동,부상신고사고,0,0,0,1,차대차 - 기타,기타,건조,맑음,교차로 - 교차로부근,승용,남,51세,상해없음,이륜,남,19세,부상신고
2012052000100061,2012년 5월 20일 02시,일요일,울산광역시 동구 일산동,경상사고,0,0,1,0,차대차 - 정면충돌,안전운전불이행,건조,맑음,교차로 - 교차로안,승용,여,44세,상해없음,승용,남,46세,경상
2012052000100062,2012년 5월 20일 02시,일요일,울산광역시 동구 일산동,경상사고,0,0,1,0,차대차 - 추돌 - 주정차중,안전운전불이행,건조,맑음,교차로 - 교차로안,승용,남,44세,상해없음,승용,여,44세,기타불명
2012052000100086,2012년 5월 20일 04시,일요일,울산광역시 중구 우정동,경상사고,0,0,1,0,차대사람 - 기타,안전운전불이행,건조,맑음,단일로 - 기타,이륜,남,16세,상해없음,보행자,남,18세,경상
2012052000100105,2012년 5월 20일 06시,일요일,울산광역시 중구 약사동,중상사고,0,2,0,0,차대차 - 측면직각충돌,안전운전불이행,건조,맑음,단일로 - 기타,승용,남,24세,상해없음,승용,남,57세,중상
2012052000100206,2012년 5월 20일 12시,일요일,울산광역시 남구 신정동,경상사고,0,0,4,0,차대차 - 추돌 - 진행중,안전운전불이행,건조,맑음,단일로 - 기타,승용,남,18세,상해없음,승용,여,55세,경상
2012052000100249,2012년 5월 20일 14시,일요일,울산광역시 중구 우정동,경상사고,0,0,1,0,차대차 - 측면직각충돌,안전운전불이행,건조,맑음,교차로 - 교차로부근,승용,여,41세,상해없음,승용,남,39세,경상
2012052000100283,2012년 5월 20일 15시,일요일,울산광역시 남구 신정동,경상사고,0,0,4,0,차대차 - 추돌 - 진행중,안전운전불이행,건조,맑음,교차로 - 교차로부근,승용,남,50세,상해없음,승용,여,56세,경상
2012052000100284,2012년 5월 20일 15시,일요일,울산광역시 울주군 온산읍,중상사고,0,1,0,0,차대차 - 기타,신호위반,건조,맑음,교차로 - 교차로안,원동기,남,48세,중상,화물,남,62세,상해없음
2012052000100358,2012년 5월 20일 17시,일요일,울산광역시 중구 성남동,경상사고,0,0,1,0,차대사람 - 기타,안전운전불이행,건조,맑음,단일로 - 기타,승용,기타불명,기타불명,기타불명,보행자,남,16세,경상
2012052000100454,2012년 5월 20일 20시,일요일,울산광역시 북구 상안동,중상사고,0,2,0,0,차대사람 - 보도통행중,신호위반,건조,맑음,단일로 - 기타,이륜,남,17세,중상,보행자,여,14세,중상
2012052000100455,2012년 5월 20일 20시,일요일,울산광역시 남구 신정동,중상사고,0,1,0,0,차대차 - 추돌 - 진행중,안전운전불이행,건조,맑음,교차로 - 교차로부근,승용,남,62세,상해없음,승용,남,62세,중상
2012052000100456,2012년 5월 20일 20시,일요일,울산광역시 울주군 범서읍,경상사고,0,0,3,0,차대차 - 정면충돌,중앙선침범,건조,맑음,단일로 - 기타,화물,남,56세,경상,승용,남,24세,경상
2012052000100513,2012년 5월 20일 22시,일요일,울산광역시 남구 무거동,중상사고,0,1,0,0,차대사람 - 차도통행중,안전운전불이행,건조,맑음,교차로 - 교차로부근,원동기,남,56세,상해없음,보행자,여,16세,중상
2012052100100049,2012년 5월 21일 05시,월요일,울산광역시 북구 명촌동,중상사고,0,1,0,1,차대차 - 정면충돌,신호위반,건조,맑음,교차로 - 교차로안,화물,남,41세,부상신고,승용,남,48세,중상
2012052100100088,2012년 5월 21일 07시,월요일,울산광역시 북구 송정동,중상사고,0,1,0,0,차대차 - 측면직각충돌,신호위반,건조,맑음,교차로 - 교차로안,이륜,남,76세,중상,승용,남,29세,상해없음
2012052100100160,2012년 5월 21일 09시,월요일,울산광역시 북구 명촌동,경상사고,0,0,1,1,차대차 - 측면직각충돌,교차로운행방법위반,건조,맑음,교차로 - 교차로안,승용,여,51세,부상신고,화물,남,26세,경상
2012052100100220,2012년 5월 21일 11시,월요일,울산광역시 북구 신천동,중상사고,0,3,3,0,차대차 - 추돌 - 주정차중,안전운전불이행,건조,맑음,단일로 - 기타,화물,남,47세,상해없음,승용,남,34세,중상
2012052100100221,2012년 5월 21일 11시,월요일,울산광역시 중구 옥교동,경상사고,0,0,1,0,차량단독 - 기타,안전운전불이행,건조,맑음,교차로 - 교차로부근,승용,기타불명,기타불명,기타불명,,,,
2012052100100222,2012년 5월 21일 11시,월요일,울산광역시 동구 서부동,중상사고,0,1,0,0,차대차 - 기타,신호위반,건조,맑음,교차로 - 교차로부근,승용,여,53세,상해없음,자전거,남,22세,중상
2012052100100223,2012년 5월 21일 11시,월요일,울산광역시 동구 일산동,중상사고,0,1,0,0,차대사람 - 횡단중,안전운전불이행,건조,맑음,단일로 - 기타,승용,여,59세,상해없음,보행자,여,60세,중상
2012052100100228,2012년 5월 21일 12시,월요일,울산광역시 울주군 청량면,경상사고,0,0,2,0,차대차 - 기타,안전운전불이행,건조,맑음,단일로 - 기타,특수,남,46세,상해없음,화물,남,29세,경상
2012052100100245,2012년 5월 21일 12시,월요일,울산광역시 남구 삼산동,경상사고,0,0,1,0,차대차 - 측면직각충돌,교차로운행방법위반,건조,맑음,교차로 - 교차로안,화물,남,70세,상해없음,승용,여,48세,경상
2012052100100272,2012년 5월 21일 13시,월요일,울산광역시 남구 무거동,중상사고,0,2,0,0,차대차 - 측면직각충돌,중앙선침범,건조,맑음,단일로 - 기타,승합,남,40세,상해없음,승용,여,55세,중상
2012052100100346,2012년 5월 21일 15시,월요일,울산광역시 동구 화정동,경상사고,0,0,2,0,차대차 - 기타,안전운전불이행,건조,맑음,단일로 - 기타,승용,여,30세,상해없음,원동기,남,16세,경상
2012052100100490,2012년 5월 21일 18시,월요일,울산광역시 중구 반구동,중상사고,0,1,0,0,차대차 - 기타,안전운전불이행,기타,맑음,기타 - 기타,자전거,남,51세,상해없음,자전거,남,49세,중상
2012052100100529,2012년 5월 21일 19시,월요일,울산광역시 북구 창평동,중상사고,0,1,3,0,차대차 - 추돌 - 진행중,안전거리미확보,건조,맑음,교차로 - 교차로안,승합,남,36세,상해없음,승용,남,31세,경상
2012052100100530,2012년 5월 21일 19시,월요일,울산광역시 남구 선암동,중상사고,0,1,0,0,차대사람 - 보도통행중,기타,건조,맑음,단일로 - 기타,승용,여,49세,상해없음,보행자,남,11세,중상
2012052100100531,2012년 5월 21일 19시,월요일,울산광역시 동구 일산동,경상사고,0,0,1,0,차대차 - 추돌 - 진행중,안전거리미확보,건조,맑음,단일로 - 기타,이륜,남,27세,경상,승용,여,52세,상해없음
2012052100100569,2012년 5월 21일 20시,월요일,울산광역시 울주군 청량면,사망사고,1,0,0,0,차대사람 - 차도통행중,안전운전불이행,건조,맑음,단일로 - 기타,승용,남,45세,상해없음,보행자,남,58세,사망
2012052100100656,2012년 5월 21일 23시,월요일,울산광역시 남구 상개동,중상사고,0,1,1,0,차대차 - 추돌 - 진행중,안전운전불이행,건조,맑음,단일로 - 기타,승용,남,34세,상해없음,승용,남,45세,경상
2012052100100657,2012년 5월 21일 23시,월요일,울산광역시 북구 염포동,중상사고,0,1,3,0,차대차 - 측면직각충돌,중앙선침범,건조,맑음,교차로 - 교차로부근,승용,남,55세,상해없음,승용,남,52세,중상
2012052200100052,2012년 5월 22일 03시,화요일,울산광역시 남구 옥동,중상사고,0,2,0,0,차대차 - 추돌 - 진행중,안전운전불이행,건조,맑음,교차로 - 교차로부근,승용,여,35세,상해없음,승용,남,47세,중상
2012052200100063,2012년 5월 22일 04시,화요일,울산광역시 남구 무거동,경상사고,0,0,1,0,차량단독 - 공작물충돌,안전운전불이행,건조,맑음,단일로 - 기타,화물,남,30세,경상,,,,
2012052200100095,2012년 5월 22일 06시,화요일,울산광역시 동구 방어동,중상사고,0,1,0,0,차대사람 - 횡단중,안전운전불이행,건조,맑음,단일로 - 기타,승합,남,41세,상해없음,보행자,여,18세,중상
2012052200100127,2012년 5월 22일 07시,화요일,울산광역시 동구 방어동,경상사고,0,0,1,0,차대차 - 측면직각충돌,직진우회전진행방해,건조,맑음,교차로 - 교차로안,승용,여,48세,상해없음,이륜,남,39세,경상
2012052200100167,2012년 5월 22일 08시,화요일,울산광역시 남구 무거동,중상사고,0,1,0,0,차대차 - 기타,안전거리미확보,건조,맑음,단일로 - 기타,건설기계,남,55세,상해없음,승용,여,40세,중상
2012052200100237,2012년 5월 22일 10시,화요일,울산광역시 동구 전하동,경상사고,0,0,1,0,차대차 - 추돌 - 진행중,안전거리미확보,건조,맑음,단일로 - 기타,승용,남,44세,상해없음,승용,남,34세,경상
2012052200100354,2012년 5월 22일 14시,화요일,울산광역시 울주군 언양읍,중상사고,0,1,0,0,차대사람 - 횡단중,안전운전불이행,건조,맑음,단일로 - 기타,승용,여,45세,상해없음,보행자,여,52세,중상
2012052200100544,2012년 5월 22일 19시,화요일,울산광역시 남구 신정동,중상사고,0,2,0,0,차대차 - 측면직각충돌,교차로운행방법위반,건조,맑음,교차로 - 교차로안,승용,남,58세,상해없음,승용,남,25세,중상
2012052200100545,2012년 5월 22일 19시,화요일,울산광역시 동구 전하동,중상사고,0,1,1,0,차대사람 - 기타,안전운전불이행,건조,맑음,교차로 - 교차로부근,승용,남,24세,상해없음,보행자,남,20세,중상
2012052200100655,2012년 5월 22일 22시,화요일,울산광역시 중구 학성동,중상사고,0,1,0,0,차대사람 - 기타,안전운전불이행,건조,맑음,단일로 - 횡단보도상,승용,남,38세,상해없음,보행자,여,68세,중상
2012052200100681,2012년 5월 22일 23시,화요일,울산광역시 남구 삼산동,중상사고,0,1,0,1,차대차 - 측면직각충돌,신호위반,건조,맑음,교차로 - 교차로부근,승용,남,23세,부상신고,승용,남,57세,중상
2012052300100007,2012년 5월 23일 00시,수요일,울산광역시 울주군 범서읍,중상사고,0,1,0,0,차대차 - 측면직각충돌,안전거리미확보,건조,맑음,교차로 - 교차로부근,승합,남,48세,상해없음,승용,남,61세,중상
2012052300100017,2012년 5월 23일 00시,수요일,울산광역시 남구 삼산동,중상사고,0,1,0,0,차대차 - 기타,안전운전불이행,건조,맑음,교차로 - 교차로부근,승용,남,22세,상해없음,자전거,남,64세,중상
2012052300100151,2012년 5월 23일 08시,수요일,울산광역시 울주군 온양읍,중상사고,0,1,0,0,차대차 - 추돌 - 진행중,안전운전불이행,건조,맑음,교차로 - 교차로부근,승용,남,42세,상해없음,원동기,남,65세,중상
2012052300100152,2012년 5월 23일 08시,수요일,울산광역시 울주군 온양읍,중상사고,0,1,1,2,차대차 - 측면직각충돌,직진우회전진행방해,건조,맑음,교차로 - 교차로안,승용,남,54세,상해없음,승용,남,68세,부상신고
2012052300100248,2012년 5월 23일 12시,수요일,울산광역시 남구 신정동,중상사고,0,1,0,0,차대사람 - 횡단중,신호위반,건조,맑음,단일로 - 기타,화물,남,47세,상해없음,보행자,여,31세,중상
2012052300100348,2012년 5월 23일 15시,수요일,울산광역시 북구 신천동,경상사고,0,0,2,0,차대차 - 추돌 - 주정차중,안전거리미확보,건조,맑음,교차로 - 교차로부근,화물,남,35세,상해없음,승용,여,34세,경상
2012052300100349,2012년 5월 23일 15시,수요일,울산광역시 중구 우정동,중상사고,0,1,0,0,차대차 - 정면충돌,중앙선침범,건조,맑음,단일로 - 기타,승용,남,49세,상해없음,승용,남,21세,중상
2012052300100385,2012년 5월 23일 16시,수요일,울산광역시 남구 삼산동,중상사고,0,1,0,0,차대사람 - 기타,안전운전불이행,건조,맑음,기타 - 기타,승합,여,46세,상해없음,보행자,여,6세,중상
2012052300100487,2012년 5월 23일 18시,수요일,울산광역시 중구 학성동,중상사고,0,1,1,0,차대차 - 추돌 - 주정차중,안전운전불이행,건조,맑음,교차로 - 교차로부근,승용,남,45세,상해없음,승용,남,45세,경상
2012052300100488,2012년 5월 23일 18시,수요일,울산광역시 동구 전하동,경상사고,0,0,1,0,차대차 - 추돌 - 진행중,안전운전불이행,건조,맑음,단일로 - 기타,이륜,남,46세,경상,승용,남,27세,상해없음
2012052300100585,2012년 5월 23일 21시,수요일,울산광역시 북구 상안동,중상사고,0,1,0,0,차대차 - 기타,안전운전불이행,건조,맑음,단일로 - 기타,승용,남,39세,상해없음,승용,여,30세,중상
2012052300100586,2012년 5월 23일 21시,수요일,울산광역시 남구 신정동,경상사고,0,0,1,0,차대차 - 기타,안전운전불이행,건조,맑음,단일로 - 기타,승용,남,52세,상해없음,자전거,남,18세,경상
2012052300100587,2012년 5월 23일 21시,수요일,울산광역시 북구 양정동,중상사고,0,1,0,0,차대차 - 정면충돌,안전운전불이행,건조,맑음,단일로 - 기타,자전거,여,56세,상해없음,자전거,남,46세,중상
2012052300100588,2012년 5월 23일 21시,수요일,울산광역시 울주군 온양읍,중상사고,0,1,0,0,차대차 - 정면충돌,교차로운행방법위반,건조,맑음,교차로 - 교차로안,승용,남,36세,상해없음,원동기,남,24세,중상
2012052300100626,2012년 5월 23일 22시,수요일,울산광역시 울주군 언양읍,부상신고사고,0,0,0,1,차대사람 - 기타,안전운전불이행,건조,맑음,단일로 - 기타,승합,남,58세,상해없음,보행자,남,15세,부상신고
2012052300100659,2012년 5월 23일 23시,수요일,울산광역시 남구 삼산동,경상사고,0,0,1,0,차대사람 - 기타,안전운전불이행,건조,맑음,단일로 - 기타,승용,남,51세,상해없음,보행자,남,32세,경상
2012052400100034,2012년 5월 24일 01시,목요일,울산광역시 남구 야음동,경상사고,0,0,1,0,차량단독 - 기타,안전운전불이행,건조,맑음,단일로 - 기타,이륜,남,37세,경상,,,,
2012052400100043,2012년 5월 24일 02시,목요일,울산광역시 남구 무거동,경상사고,0,0,5,0,차대차 - 측면직각충돌,신호위반,건조,맑음,교차로 - 교차로안,승용,남,62세,상해없음,승용,여,40세,경상
2012052400100224,2012년 5월 24일 10시,목요일,울산광역시 중구 남외동,경상사고,0,0,1,0,차대차 - 기타,안전운전불이행,건조,맑음,교차로 - 교차로부근,승용,남,50세,상해없음,자전거,남,60세,경상
2012052400100225,2012년 5월 24일 10시,목요일,울산광역시 울주군 두동면,경상사고,0,0,1,0,차대차 - 정면충돌,안전운전불이행,건조,맑음,단일로 - 기타,승용,남,57세,상해없음,승용,남,51세,상해없음
2012052400100280,2012년 5월 24일 13시,목요일,울산광역시 동구 전하동,중상사고,0,1,0,0,차대차 - 기타,기타,건조,맑음,단일로 - 기타,승용,여,43세,상해없음,원동기,남,37세,중상
2012052400100483,2012년 5월 24일 19시,목요일,울산광역시 남구 달동,중상사고,0,1,1,0,차대차 - 측면직각충돌,교차로운행방법위반,건조,맑음,교차로 - 교차로안,승용,남,33세,상해없음,이륜,남,15세,경상
2012052400100589,2012년 5월 24일 22시,목요일,울산광역시 북구 천곡동,중상사고,0,2,0,0,차대차 - 추돌 - 주정차중,안전운전불이행,건조,맑음,교차로 - 교차로부근,승용,남,27세,상해없음,승용,여,46세,중상
2012052500100020,2012년 5월 25일 00시,금요일,울산광역시 북구 명촌동,중상사고,0,1,0,0,차대사람 - 횡단중,안전운전불이행,습기,비,단일로 - 기타,승용,남,59세,상해없음,보행자,남,45세,중상
2012052500100040,2012년 5월 25일 01시,금요일,울산광역시 중구 유곡동,경상사고,0,0,1,0,차대차 - 추돌 - 진행중,안전운전불이행,건조,맑음,교차로 - 교차로부근,승용,남,26세,상해없음,승용,남,55세,경상
2012052500100055,2012년 5월 25일 02시,금요일,울산광역시 남구 옥동,경상사고,0,0,1,0,차대사람 - 차도통행중,안전운전불이행,건조,맑음,단일로 - 기타,승용,기타불명,기타불명,기타불명,보행자,남,48세,경상
2012052500100093,2012년 5월 25일 06시,금요일,울산광역시 중구 다운동,중상사고,0,1,0,0,차대차 - 측면직각충돌,교차로운행방법위반,건조,맑음,교차로 - 교차로안,승용,남,23세,상해없음,승용,남,62세,중상
2012052500100201,2012년 5월 25일 09시,금요일,울산광역시 울주군 온양읍,경상사고,0,0,1,0,차량단독 - 기타,기타,건조,흐림,단일로 - 기타,승합,남,54세,상해없음,,,,
2012052500100365,2012년 5월 25일 14시,금요일,울산광역시 중구 학산동,중상사고,0,1,0,0,차대차 - 측면직각충돌,기타,건조,맑음,단일로 - 기타,승용,기타불명,기타불명,기타불명,원동기,여,46세,중상
2012052500100478,2012년 5월 25일 17시,금요일,울산광역시 동구 화정동,경상사고,0,0,1,0,차대차 - 측면직각충돌,안전운전불이행,건조,맑음,교차로 - 교차로안,승용,여,30세,상해없음,승용,여,54세,경상
2012052500100557,2012년 5월 25일 19시,금요일,울산광역시 북구 명촌동,경상사고,0,0,1,0,차대차 - 기타,신호위반,건조,맑음,교차로 - 교차로안,승용,남,48세,상해없음,이륜,남,27세,경상
2012052500100600,2012년 5월 25일 20시,금요일,울산광역시 동구 방어동,경상사고,0,0,2,0,차대차 - 측면직각충돌,교차로운행방법위반,건조,맑음,교차로 - 교차로부근,원동기,남,54세,상해없음,이륜,남,43세,경상