사고번호,사고일시,요일,시군구,사고내용,사망자수,중상자수,경상자수,부상신고자수,사고유형,법규위반,노면상태,기상상태,도로형태,가해운전자 차종,가해운전자 성별,가해운전자 연령,가해운전자 상해정도,피해운전자 차종,피해운전자 성별,피해운전자 연령,피해운전자 상해정도
2012061300100163,2012년 6월 13일 09시,수요일,울산광역시 동구 서부동,중상사고,0,1,0,0,차대차 - 측면직각충돌,안전거리미확보,건조,맑음,단일로 - 기타,승합,남,27세,상해없음,이륜,남,31세,중상
2012061300100183,2012년 6월 13일 10시,수요일,울산광역시 남구 달동,사망사고,1,0,0,0,차대차 - 측면직각충돌,안전운전불이행,건조,흐림,단일로 - 기타,원동기,남,60세,사망,승용,남,48세,상해없음
2012061300100228,2012년 6월 13일 12시,수요일,울산광역시 중구 우정동,중상사고,0,1,0,0,차량단독 - 공작물충돌,안전운전불이행,건조,맑음,단일로 - 기타,건설기계,남,57세,중상,,,,
2012061300100229,2012년 6월 13일 12시,수요일,울산광역시 울주군 언양읍,경상사고,0,0,1,0,차대차 - 기타,직진우회전진행방해,습기,흐림,교차로 - 교차로안,승용,여,58세,기타불명,원동기,남,50세,경상
2012061300100258,2012년 6월 13일 13시,수요일,울산광역시 북구 상안동,경상사고,0,0,1,0,차대차 - 기타,안전운전불이행,건조,맑음,단일로 - 기타,기타불명,기타불명,기타불명,기타불명,자전거,남,41세,경상
2012061300100259,2012년 6월 13일 13시,수요일,울산광역시 남구 달동,중상사고,0,1,0,0,차대차 - 측면직각충돌,교차로운행방법위반,건조,맑음,교차로 - 교차로안,승용,남,63세,상해없음,이륜,남,45세,중상
2012061300100335,2012년 6월 13일 15시,수요일,울산광역시 중구 약사동,경상사고,0,0,2,0,차대차 - 추돌 - 주정차중,안전운전불이행,건조,맑음,교차로 - 교차로부근,화물,남,46세,기타불명,승용,여,40세,경상
2012061300100423,2012년 6월 13일 17시,수요일,울산광역시 남구 무거동,중상사고,0,1,0,0,차대사람 - 횡단중,안전운전불이행,건조,흐림,단일로 - 기타,승용,여,47세,상해없음,보행자,여,53세,중상
2012061300100424,2012년 6월 13일 17시,수요일,울산광역시 울주군 언양읍,경상사고,0,0,1,0,차대차 - 기타,안전운전불이행,건조,맑음,단일로 - 횡단보도상,자전거,남,58세,경상,승용,남,30세,상해없음
2012061300100461,2012년 6월 13일 18시,수요일,울산광역시 동구 방어동,중상사고,0,1,0,0,차대사람 - 횡단중,안전운전불이행,건조,맑음,교차로 - 교차로부근,승용,여,24세,상해없음,보행자,여,52세,중상
2012061300100462,2012년 6월 13일 18시,수요일,울산광역시 동구 일산동,중상사고,0,1,0,0,차대차 - 기타,안전운전불이행,건조,맑음,단일로 - 기타,승용,남,47세,상해없음,이륜,남,49세,중상
2012061300100494,2012년 6월 13일 19시,수요일,울산광역시 동구 방어동,중상사고,0,1,0,0,차대차 - 측면직각충돌,중앙선침범,건조,맑음,단일로 - 기타,승용,남,57세,상해없음,이륜,남,29세,중상
2012061300100526,2012년 6월 13일 20시,수요일,울산광역시 남구 무거동,중상사고,0,1,0,0,차대사람 - 횡단중,보행자보호의무위반,건조,맑음,단일로 - 횡단보도상,승용,여,44세,상해없음,보행자,남,51세,중상
2012061300100527,2012년 6월 13일 20시,수요일,울산광역시 동구 화정동,중상사고,0,1,0,0,차대차 - 기타,안전운전불이행,건조,맑음,교차로 - 교차로부근,승용,남,36세,상해없음,승용,남,61세,상해없음
2012061300100564,2012년 6월 13일 21시,수요일,울산광역시 동구 서부동,중상사고,0,1,2,0,차대차 - 추돌 - 주정차중,안전운전불이행,건조,맑음,단일로 - 기타,승용,남,50세,상해없음,승용,남,30세,경상
2012061300100565,2012년 6월 13일 21시,수요일,울산광역시 동구 방어동,중상사고,0,1,0,0,차대차 - 기타,안전운전불이행,건조,맑음,단일로 - 기타,승용,남,39세,상해없음,승용,여,47세,중상
2012061300100566,2012년 6월 13일 21시,수요일,울산광역시 동구 방어동,중상사고,0,1,3,0,차대차 - 기타,중앙선침범,건조,맑음,교차로 - 교차로부근,원동기,남,21세,상해없음,승용,남,33세,경상
2012061300100599,2012년 6월 13일 22시,수요일,울산광역시 북구 염포동,중상사고,0,1,0,0,차대사람 - 횡단중,신호위반,건조,맑음,단일로 - 횡단보도부근,승용,남,57세,상해없음,보행자,여,16세,중상
2012061300100600,2012년 6월 13일 22시,수요일,울산광역시 울주군 범서읍,경상사고,0,0,1,0,차대차 - 기타,신호위반,건조,맑음,교차로 - 교차로안,이륜,남,59세,기타불명,이륜,남,16세,경상
2012061300100627,2012년 6월 13일 23시,수요일,울산광역시 동구 전하동,경상사고,0,0,1,0,차대사람 - 기타,안전운전불이행,건조,맑음,교차로 - 교차로안,승용,여,24세,상해없음,보행자,남,45세,경상
2012061400100032,2012년 6월 14일 01시,목요일,울산광역시 동구 일산동,경상사고,0,0,2,0,차대차 - 측면직각충돌,교차로운행방법위반,건조,맑음,교차로 - 교차로안,이륜,남,30세,경상,승용,남,54세,상해없음
2012061400100042,2012년 6월 14일 02시,목요일,울산광역시 울주군 언양읍,중상사고,0,1,0,0,차대사람 - 횡단중,안전운전불이행,건조,맑음,단일로 - 기타,승용,남,52세,상해없음,보행자,남,38세,중상
2012061400100069,2012년 6월 14일 05시,목요일,울산광역시 울주군 서생면,중상사고,0,2,1,0,차대차 - 정면충돌,중앙선침범,건조,맑음,교차로 - 교차로안,승용,여,44세,경상,승용,남,56세,중상
2012061400100121,2012년 6월 14일 07시,목요일,울산광역시 북구 매곡동,경상사고,0,0,1,0,차대차 - 추돌 - 주정차중,안전운전불이행,건조,맑음,교차로 - 교차로부근,승용,여,48세,상해없음,승용,남,39세,경상
2012061400100122,2012년 6월 14일 07시,목요일,울산광역시 울주군 온양읍,중상사고,0,1,0,0,차대차 - 추돌 - 주정차중,안전거리미확보,건조,흐림,교차로 - 교차로부근,승용,남,27세,상해없음,승용,남,44세,중상
2012061400100157,2012년 6월 14일 08시,목요일,울산광역시 남구 삼산동,경상사고,0,0,1,0,차대차 - 정면충돌,중앙선침범,건조,맑음,교차로 - 교차로안,자전거,남,17세,경상,승용,여,52세,상해없음
2012061400100183,2012년 6월 14일 09시,목요일,울산광역시 북구 양정동,중상사고,0,1,0,0,차대차 - 기타,안전운전불이행,건조,맑음,교차로 - 교차로안,승합,남,71세,상해없음,자전거,남,50세,중상
2012061400100313,2012년 6월 14일 14시,목요일,울산광역시 남구 삼산동,경상사고,0,0,1,0,차대차 - 측면직각충돌,차로위반,건조,맑음,교차로 - 교차로부근,승용,남,60세,상해없음,승합,남,52세,상해없음
2012061400100374,2012년 6월 14일 16시,목요일,울산광역시 남구 신정동,중상사고,0,1,1,0,차대차 - 측면직각충돌,안전운전불이행,건조,맑음,단일로 - 기타,승용,여,52세,중상,화물,남,47세,경상
2012061400100418,2012년 6월 14일 17시,목요일,울산광역시 울주군 상북면,경상사고,0,0,3,0,차대차 - 측면직각충돌,교차로운행방법위반,건조,맑음,교차로 - 교차로안,승용,여,67세,경상,승용,남,28세,경상
2012061400100555,2012년 6월 14일 21시,목요일,울산광역시 중구 약사동,경상사고,0,0,2,0,차대차 - 추돌 - 주정차중,안전운전불이행,건조,맑음,단일로 - 기타,화물,남,62세,상해없음,승용,남,34세,경상
2012061400100591,2012년 6월 14일 22시,목요일,울산광역시 동구 동부동,중상사고,0,2,0,0,차대차 - 추돌 - 주정차중,안전운전불이행,건조,맑음,단일로 - 기타,승용,남,35세,상해없음,승용,남,55세,중상
2012061500100056,2012년 6월 15일 02시,금요일,울산광역시 남구 달동,중상사고,0,1,0,0,차대사람 - 기타,불법유턴,건조,맑음,단일로 - 기타,화물,남,51세,상해없음,보행자,여,63세,중상
2012061500100089,2012년 6월 15일 06시,금요일,울산광역시 북구 진장동,경상사고,0,0,1,0,차대차 - 측면직각충돌,안전운전불이행,건조,맑음,교차로 - 교차로부근,화물,남,65세,상해없음,승용,남,26세,경상
2012061500100090,2012년 6월 15일 06시,금요일,울산광역시 중구 성안동,중상사고,0,2,1,0,차대차 - 측면직각충돌,신호위반,건조,맑음,교차로 - 교차로안,승합,남,34세,상해없음,승용,남,38세,경상
2012061500100154,2012년 6월 15일 08시,금요일,울산광역시 북구 효문동,경상사고,0,0,1,0,차대차 - 측면직각충돌,불법유턴,건조,맑음,단일로 - 기타,승용,남,62세,기타불명,승용,남,29세,경상
2012061500100425,2012년 6월 15일 16시,금요일,울산광역시 중구 반구동,중상사고,0,2,0,0,차대차 - 추돌 - 주정차중,안전거리미확보,습기,비,단일로 - 기타,승용,여,41세,상해없음,승용,여,22세,중상
2012061500100559,2012년 6월 15일 19시,금요일,울산광역시 중구 우정동,경상사고,0,0,1,0,차대사람 - 기타,안전운전불이행,습기,비,단일로 - 기타,승용,기타불명,기타불명,기타불명,보행자,여,19세,경상
2012061500100560,2012년 6월 15일 19시,금요일,울산광역시 중구 다운동,중상사고,0,1,0,0,차량단독 - 공작물충돌,안전운전불이행,습기,비,단일로 - 기타,화물,남,43세,중상,,,,
2012061500100614,2012년 6월 15일 20시,금요일,울산광역시 동구 서부동,중상사고,0,1,0,0,차대사람 - 횡단중,안전운전불이행,습기,비,교차로 - 교차로안,승용,여,38세,상해없음,보행자,남,22세,중상
2012061500100615,2012년 6월 15일 20시,금요일,울산광역시 동구 동부동,경상사고,0,0,1,0,차대사람 - 횡단중,안전운전불이행,습기,비,교차로 - 교차로부근,화물,남,42세,기타불명,보행자,남,27세,경상
2012061500100668,2012년 6월 15일 21시,금요일,울산광역시 중구 반구동,경상사고,0,0,2,0,차대차 - 측면직각충돌,안전운전불이행,습기,비,단일로 - 기타,승용,남,62세,기타불명,승용,여,40세,경상
2012061500100669,2012년 6월 15일 21시,금요일,울산광역시 북구 염포동,중상사고,0,1,0,0,차량단독 - 공작물충돌,안전운전불이행,습기,비,교차로 - 교차로부근,이륜,남,30세,중상,,,,
2012061500100670,2012년 6월 15일 21시,금요일,울산광역시 북구 염포동,중상사고,0,1,0,0,차대차 - 추돌 - 주정차중,안전거리미확보,습기,비,교차로 - 교차로부근,승용,남,41세,상해없음,승용,남,28세,상해없음
2012061500100714,2012년 6월 15일 22시,금요일,울산광역시 중구 성남동,경상사고,0,0,3,0,차대차 - 측면직각충돌,안전운전불이행,습기,비,단일로 - 기타,승용,남,39세,상해없음,승합,여,54세,경상
2012061500100715,2012년 6월 15일 22시,금요일,울산광역시 동구 화정동,중상사고,0,1,0,0,차대사람 - 횡단중,보행자보호의무위반,습기,비,교차로 - 교차로안,승용,남,25세,상해없음,보행자,여,51세,중상
2012061600100048,2012년 6월 16일 00시,토요일,울산광역시 북구 명촌동,경상사고,0,0,1,0,차대차 - 기타,안전운전불이행,건조,맑음,단일로 - 기타,승용,남,33세,상해없음,승용,여,42세,경상
2012061600100049,2012년 6월 16일 00시,토요일,울산광역시 동구 서부동,중상사고,0,1,0,0,차대사람 - 기타,안전운전불이행,건조,맑음,단일로 - 기타,승용,남,37세,상해없음,보행자,남,52세,중상
2012061600100050,2012년 6월 16일 00시,토요일,울산광역시 동구 전하동,경상사고,0,0,1,0,차대사람 - 길가장자리구역통행중,안전운전불이행,습기,비,단일로 - 기타,승용,남,61세,상해없음,보행자,여,37세,경상
2012061600100088,2012년 6월 16일 01시,토요일,울산광역시 남구 삼산동,중상사고,0,1,0,0,차대차 - 기타,신호위반,습기,비,교차로 - 교차로안,승용,남,42세,상해없음,승용,여,50세,중상
2012061600100132,2012년 6월 16일 04시,토요일,울산광역시 남구 달동,중상사고,0,1,0,0,차대사람 - 횡단중,신호위반,습기,비,교차로 - 교차로안,승용,기타불명,기타불명,기타불명,보행자,남,59세,중상
2012061600100160,2012년 6월 16일 06시,토요일,울산광역시 울주군 온산읍,중상사고,0,1,0,0,차대차 - 추돌 - 진행중,안전운전불이행,습기,흐림,단일로 - 기타,화물,남,44세,상해없음,승용,남,55세,중상
2012061600100204,2012년 6월 16일 08시,토요일,울산광역시 울주군 언양읍,중상사고,0,1,0,0,차대사람 - 횡단중,보행자보호의무위반,건조,맑음,교차로 - 교차로부근,화물,남,48세,상해없음,보행자,남,29세,중상
2012061600100224,2012년 6월 16일 09시,토요일,울산광역시 남구 야음동,중상사고,0,1,0,0,차대사람 - 횡단중,보행자보호의무위반,건조,맑음,단일로 - 기타,승용,남,36세,상해없음,보행자,여,44세,중상
2012061600100225,2012년 6월 16일 09시,토요일,울산광역시 남구 달동,경상사고,0,0,1,0,차대차 - 추돌 - 주정차중,안전운전불이행,건조,맑음,교차로 - 교차로부근,승용,남,27세,상해없음,승용,남,63세,경상
2012061600100226,2012년 6월 16일 09시,토요일,울산광역시 울주군 언양읍,경상사고,0,0,4,0,차대차 - 추돌 - 진행중,안전거리미확보,건조,맑음,단일로 - 기타,승용,여,40세,상해없음,승용,남,52세,경상
2012061600100294,2012년 6월 16일 11시,토요일,울산광역시 북구 매곡동,중상사고,0,2,0,0,차대차 - 기타,교차로운행방법위반,건조,맑음,교차로 - 교차로안,승용,남,27세,중상,승용,남,32세,중상
2012061600100323,2012년 6월 16일 12시,토요일,울산광역시 남구 옥동,중상사고,0,1,0,0,차대사람 - 횡단중,보행자보호의무위반,건조,맑음,단일로 - 기타,승용,여,59세,상해없음,보행자,남,67세,중상
2012061600100324,2012년 6월 16일 12시,토요일,울산광역시 울주군 온산읍,중상사고,0,1,1,0,차대차 - 측면직각충돌,안전운전불이행,건조,맑음,단일로 - 기타,승용,여,34세,상해없음,자전거,남,10세,경상
2012061600100362,2012년 6월 16일 13시,토요일,울산광역시 북구 천곡동,경상사고,0,0,1,0,차대사람 - 기타,보행자보호의무위반,건조,맑음,단일로 - 횡단보도상,승용,여,37세,상해없음,보행자,여,7세,경상
2012061600100402,2012년 6월 16일 14시,토요일,울산광역시 남구 옥동,중상사고,0,1,0,0,차대사람 - 횡단중,안전운전불이행,건조,맑음,단일로 - 기타,승용,남,64세,상해없음,보행자,남,5세,중상
2012061600100403,2012년 6월 16일 14시,토요일,울산광역시 동구 방어동,경상사고,0,0,1,0,차대사람 - 횡단중,안전운전불이행,건조,맑음,단일로 - 기타,승합,남,50세,상해없음,보행자,남,5세,경상
2012061600100458,2012년 6월 16일 16시,토요일,울산광역시 울주군 온산읍,경상사고,0,0,2,0,차대차 - 정면충돌,중앙선침범,습기,비,단일로 - 기타,승용,남,66세,상해없음,승용,남,54세,경상
2012061600100501,2012년 6월 16일 17시,토요일,울산광역시 남구 달동,경상사고,0,0,2,0,차대차 - 측면직각충돌,차로위반,건조,맑음,교차로 - 교차로부근,승용,남,62세,상해없음,승용,남,47세,경상
2012061600100502,2012년 6월 16일 17시,토요일,울산광역시 동구 방어동,부상신고사고,0,0,0,1,차대차 - 기타,차로위반,건조,맑음,단일로 - 기타,이륜,남,44세,상해없음,이륜,남,55세,부상신고
2012061600100591,2012년 6월 16일 20시,토요일,울산광역시 북구 화봉동,부상신고사고,0,0,0,2,차대차 - 측면직각충돌,교차로운행방법위반,건조,맑음,교차로 - 교차로안,승용,남,23세,상해없음,이륜,남,17세,부상신고
2012061600100656,2012년 6월 16일 22시,토요일,울산광역시 남구 삼산동,경상사고,0,0,1,0,차대차 - 측면직각충돌,신호위반,건조,맑음,교차로 - 교차로안,승용,남,65세,상해없음,이륜,남,41세,경상
2012061700100025,2012년 6월 17일 00시,일요일,울산광역시 북구 중산동,중상사고,0,1,0,1,차대차 - 추돌 - 주정차중,안전운전불이행,건조,맑음,단일로 - 기타,승용,남,43세,부상신고,승용,남,54세,중상
2012061700100026,2012년 6월 17일 00시,일요일,울산광역시 남구 삼산동,중상사고,0,1,5,0,차대차 - 추돌 - 주정차중,안전운전불이행,건조,맑음,교차로 - 교차로부근,승용,남,40세,경상,승용,남,42세,경상
2012061700100060,2012년 6월 17일 02시,일요일,울산광역시 북구 염포동,중상사고,0,1,2,0,차대차 - 기타,안전운전불이행,건조,맑음,단일로 - 기타,승용,남,21세,상해없음,승용,남,62세,상해없음
2012061700100121,2012년 6월 17일 07시,일요일,울산광역시 울주군 서생면,중상사고,0,2,1,0,차대차 - 기타,신호위반,건조,맑음,교차로 - 교차로안,승합,남,63세,상해없음,승용,남,55세,중상
2012061700100155,2012년 6월 17일 09시,일요일,울산광역시 중구 남외동,중상사고,0,1,0,0,차대차 - 정면충돌,안전운전불이행,건조,맑음,교차로 - 교차로안,승용,남,32세,상해없음,화물,남,51세,중상
2012061700100198,2012년 6월 17일 11시,일요일,울산광역시 남구 신정동,경상사고,0,0,2,0,차대차 - 추돌 - 주정차중,안전운전불이행,건조,맑음,교차로 - 교차로부근,화물,남,49세,상해없음,승용,남,25세,경상
2012061700100306,2012년 6월 17일 15시,일요일,울산광역시 동구 서부동,경상사고,0,0,1,0,차대사람 - 횡단중,안전운전불이행,건조,맑음,단일로 - 기타,승용,남,45세,상해없음,보행자,남,7세,경상
2012061700100307,2012년 6월 17일 15시,일요일,울산광역시 울주군 언양읍,경상사고,0,0,2,0,차대차 - 측면직각충돌,중앙선침범,건조,맑음,단일로 - 기타,승용,남,34세,상해없음,승용,남,36세,경상
2012061700100475,2012년 6월 17일 21시,일요일,울산광역시 중구 남외동,경상사고,0,0,1,0,차량단독 - 기타,안전운전불이행,건조,맑음,교차로 - 교차로안,승용,남,41세,상해없음,,,,
2012061700100503,2012년 6월 17일 22시,일요일,울산광역시 중구 동동,중상사고,0,1,1,0,차대차 - 정면충돌,중앙선침범,건조,맑음,단일로 - 기타,자전거,남,21세,경상,이륜,남,17세,중상
2012061700100523,2012년 6월 17일 23시,일요일,울산광역시 북구 중산동,중상사고,0,1,0,0,차대차 - 측면직각충돌,안전운전불이행,건조,맑음,교차로 - 교차로부근,화물,남,37세,상해없음,자전거,남,13세,중상
2012061700100525,2012년 6월 17일 23시,일요일,울산광역시 남구 신정동,중상사고,0,2,0,0,차대차 - 추돌 - 진행중,안전운전불이행,건조,맑음,교차로 - 교차로부근,승합,남,47세,상해없음,승용,여,43세,중상
2012061800100018,2012년 6월 18일 00시,월요일,울산광역시 동구 화정동,경상사고,0,0,1,0,차대차 - 추돌 - 진행중,안전운전불이행,건조,맑음,교차로 - 교차로안,승용,남,49세,상해없음,승용,남,60세,경상
2012061800100042,2012년 6월 18일 04시,월요일,울산광역시 북구 효문동,중상사고,0,1,0,0,차대차 - 측면직각충돌,안전거리미확보,건조,맑음,단일로 - 교량,승용,남,17세,상해없음,이륜,남,19세,중상
2012061800100091,2012년 6월 18일 07시,월요일,울산광역시 북구 화봉동,경상사고,0,0,1,0,차대사람 - 기타,안전운전불이행,건조,흐림,단일로 - 기타,승용,남,32세,상해없음,보행자,남,18세,경상
2012061800100092,2012년 6월 18일 07시,월요일,울산광역시 남구 신정동,중상사고,0,1,1,0,차대차 - 기타,중앙선침범,건조,맑음,단일로 - 기타,승용,남,41세,상해없음,승용,여,41세,경상
2012061800100093,2012년 6월 18일 07시,월요일,울산광역시 울주군 온산읍,경상사고,0,0,1,0,차대차 - 기타,교차로운행방법위반,건조,맑음,교차로 - 교차로안,건설기계,남,29세,상해없음,승용,남,45세,경상
2012061800100234,2012년 6월 18일 12시,월요일,울산광역시 북구 양정동,경상사고,0,0,1,0,차대차 - 기타,안전운전불이행,건조,맑음,단일로 - 기타,승용,남,38세,경상,건설기계,남,55세,상해없음
2012061800100235,2012년 6월 18일 12시,월요일,울산광역시 울주군 범서읍,중상사고,0,1,0,0,차대차 - 기타,중앙선침범,건조,맑음,교차로 - 교차로부근,자전거,남,42세,중상,승용,남,39세,상해없음
2012061800100259,2012년 6월 18일 13시,월요일,울산광역시 남구 무거동,중상사고,0,1,0,0,차대차 - 추돌 - 진행중,안전운전불이행,건조,맑음,단일로 - 기타,화물,남,39세,상해없음,승용,여,40세,중상
2012061800100283,2012년 6월 18일 14시,월요일,울산광역시 동구 방어동,경상사고,0,0,1,0,차대차 - 측면직각충돌,교차로운행방법위반,건조,맑음,교차로 - 교차로안,이륜,남,17세,상해없음,원동기,남,32세,경상
2012061800100312,2012년 6월 18일 15시,월요일,울산광역시 울주군 온산읍,부상신고사고,0,0,0,4,차량단독 - 공작물충돌,안전운전불이행,건조,맑음,교차로 - 교차로부근,승용,남,57세,상해없음,,,,
2012061800100344,2012년 6월 18일 16시,월요일,울산광역시 북구 신천동,중상사고,0,1,0,0,차대사람 - 기타,기타,건조,맑음,단일로 - 기타,이륜,남,75세,상해없음,보행자,여,44세,중상
2012061800100385,2012년 6월 18일 17시,월요일,울산광역시 남구 옥동,경상사고,0,0,2,0,차량단독 - 기타,안전운전불이행,건조,맑음,단일로 - 기타,승용,남,68세,상해없음,,,,
2012061800100474,2012년 6월 18일 19시,월요일,울산광역시 남구 삼산동,중상사고,0,1,2,0,차대차 - 정면충돌,중앙선침범,습기,비,단일로 - 기타,승용,남,57세,상해없음,승용,남,34세,중상
2012061800100513,2012년 6월 18일 20시,월요일,울산광역시 남구 무거동,중상사고,0,1,0,0,차대사람 - 길가장자리구역통행중,안전운전불이행,습기,비,교차로 - 교차로부근,화물,남,44세,상해없음,보행자,여,87세,중상
2012061800100568,2012년 6월 18일 21시,월요일,울산광역시 중구 남외동,경상사고,0,0,1,0,차대사람 - 보도통행중,기타,습기,비,교차로 - 교차로부근,이륜,남,18세,상해없음,보행자,여,41세,경상
2012061800100569,2012년 6월 18일 21시,월요일,울산광역시 남구 무거동,중상사고,0,1,0,0,차대차 - 추돌 - 진행중,안전거리미확보,습기,비,단일로 - 기타,승용,남,51세,상해없음,승용,남,27세,중상
2012061800100596,2012년 6월 18일 22시,월요일,울산광역시 남구 신정동,중상사고,0,2,2,0,차대차 - 추돌 - 진행중,안전운전불이행,습기,비,단일로 - 기타,화물,남,47세,상해없음,승합,남,47세,상해없음
2012061800100638,2012년 6월 18일 23시,월요일,울산광역시 중구 남외동,중상사고,0,4,4,0,차대차 - 측면직각충돌,신호위반,습기,비,교차로 - 교차로안,승용,남,35세,상해없음,화물,남,40세,경상
2012061800100639,2012년 6월 18일 23시,월요일,울산광역시 중구 성남동,경상사고,0,0,1,0,차대차 - 측면직각충돌,교차로운행방법위반,습기,비,단일로 - 기타,승용,남,57세,상해없음,승용,남,30세,경상
2012061800100640,2012년 6월 18일 23시,월요일,울산광역시 남구 야음동,중상사고,0,1,0,0,차대사람 - 횡단중,안전운전불이행,습기,비,단일로 - 횡단보도부근,화물,남,63세,상해없음,보행자,남,46세,중상
2012061900100050,2012년 6월 19일 01시,화요일,울산광역시 남구 달동,경상사고,0,0,2,0,차대차 - 측면직각충돌,안전거리미확보,습기,비,교차로 - 교차로부근,승용,남,46세,상해없음,승용,남,34세,경상
2012061900100077,2012년 6월 19일 03시,화요일,울산광역시 울주군 서생면,경상사고,0,0,1,0,차량단독 - 공작물충돌,안전운전불이행,습기,흐림,단일로 - 기타,승용,남,20세,경상,,,,
2012061900100096,2012년 6월 19일 05시,화요일,울산광역시 북구 연암동,경상사고,0,0,1,0,차대차 - 측면직각충돌,신호위반,습기,비,교차로 - 교차로안,화물,남,37세,상해없음,화물,남,64세,경상
2012061900100138,2012년 6월 19일 07시,화요일,울산광역시 동구 서부동,중상사고,0,1,0,0,차대사람 - 기타,신호위반,건조,맑음,교차로 - 교차로안,승용,여,55세,상해없음,보행자,남,56세,중상
2012061900100173,2012년 6월 19일 08시,화요일,울산광역시 남구 삼산동,경상사고,0,0,1,0,차대차 - 추돌 - 진행중,교차로운행방법위반,습기,비,교차로 - 교차로안,승용,남,22세,상해없음,승용,남,58세,경상
2012061900100210,2012년 6월 19일 10시,화요일,울산광역시 울주군 두동면,사망사고,1,0,0,0,차대사람 - 횡단중,안전운전불이행,습기,비,단일로 - 기타,승용,남,57세,상해없음,보행자,남,53세,사망
2012061900100301,2012년 6월 19일 13시,화요일,울산광역시 울주군 온산읍,부상신고사고,0,0,0,1,차대차 - 측면직각충돌,교차로운행방법위반,습기,비,교차로 - 교차로안,화물,남,29세,상해없음,화물,남,39세,부상신고
2012061900100430,2012년 6월 19일 17시,화요일,울산광역시 동구 화정동,중상사고,0,1,0,0,차대사람 - 기타,기타,건조,맑음,단일로 - 기타,승용,남,57세,상해없음,보행자,남,54세,중상
2012061900100468,2012년 6월 19일 18시,화요일,울산광역시 북구 염포동,경상사고,0,0,1,0,차대차 - 추돌 - 진행중,안전운전불이행,건조,맑음,단일로 - 기타,이륜,남,29세,경상,화물,남,28세,상해없음
2012061900100536,2012년 6월 19일 20시,화요일,울산광역시 중구 반구동,중상사고,0,1,2,0,차대차 - 추돌 - 주정차중,안전운전불이행,건조,맑음,교차로 - 교차로부근,승합,남,55세,상해없음,승용,남,37세,경상
2012061900100537,2012년 6월 19일 20시,화요일,울산광역시 동구 화정동,경상사고,0,0,1,0,차대차 - 정면충돌,중앙선침범,건조,맑음,단일로 - 기타,이륜,남,45세,상해없음,이륜,남,19세,경상
2012062000100055,2012년 6월 20일 04시,수요일,울산광역시 울주군 범서읍,중상사고,0,1,0,0,차량단독 - 기타,기타,건조,맑음,단일로 - 기타,승용,남,48세,상해없음,,,,
2012062000100111,2012년 6월 20일 07시,수요일,울산광역시 북구 호계동,경상사고,0,0,1,0,차대차 - 측면직각충돌,안전거리미확보,건조,맑음,교차로 - 교차로부근,승용,남,32세,상해없음,이륜,남,43세,경상
2012062000100152,2012년 6월 20일 08시,수요일,울산광역시 동구 서부동,경상사고,0,0,2,0,차대차 - 추돌 - 주정차중,안전운전불이행,건조,맑음,교차로 - 교차로부근,승용,남,27세,경상,승용,남,33세,상해없음
2012062000100202,2012년 6월 20일 10시,수요일,울산광역시 중구 태화동,중상사고,0,1,0,0,차대사람 - 기타,안전운전불이행,건조,맑음,단일로 - 기타,승합,남,33세,상해없음,보행자,여,68세,중상
2012062000100263,2012년 6월 20일 12시,수요일,울산광역시 남구 신정동,중상사고,0,1,0,0,차대사람 - 기타,신호위반,건조,맑음,단일로 - 횡단보도상,자전거,여,69세,상해없음,보행자,여,65세,중상
2012062000100322,2012년 6월 20일 14시,수요일,울산광역시 동구 화정동,중상사고,0,1,0,0,차대차 - 측면직각충돌,안전거리미확보,건조,맑음,교차로 - 교차로부근,승용,남,45세,상해없음,이륜,남,17세,중상
2012062000100323,2012년 6월 20일 14시,수요일,울산광역시 동구 방어동,경상사고,0,0,1,0,차대차 - 추돌 - 주정차중,안전거리미확보,건조,맑음,단일로 - 기타,이륜,남,53세,상해없음,이륜,남,18세,경상
2012062000100352,2012년 6월 20일 15시,수요일,울산광역시 울주군 온산읍,중상사고,0,1,0,0,차대차 - 기타,안전운전불이행,건조,맑음,교차로 - 교차로부근,승용,여,52세,상해없음,자전거,남,10세,중상
2012062000100385,2012년 6월 20일 16시,수요일,울산광역시 북구 정자동,중상사고,0,1,0,0,차대차 - 기타,교차로운행방법위반,건조,맑음,교차로 - 교차로안,승용,남,76세,상해없음,자전거,남,60세,중상
2012062000100417,2012년 6월 20일 17시,수요일,울산광역시 남구 신정동,경상사고,0,0,1,0,차대차 - 기타,안전운전불이행,건조,맑음,교차로 - 교차로안,승용,남,41세,상해없음,자전거,남,13세,경상
2012062000100515,2012년 6월 20일 20시,수요일,울산광역시 남구 달동,중상사고,0,1,1,0,차대사람 - 길가장자리구역통행중,안전운전불이행,건조,맑음,단일로 - 기타,승용,여,50세,상해없음,보행자,여,42세,중상