사고번호,사고일시,요일,시군구,사고내용,사망자수,중상자수,경상자수,부상신고자수,사고유형,법규위반,노면상태,기상상태,도로형태,가해운전자 차종,가해운전자 성별,가해운전자 연령,가해운전자 상해정도,피해운전자 차종,피해운전자 성별,피해운전자 연령,피해운전자 상해정도
2012062000100581,2012년 6월 20일 22시,수요일,울산광역시 남구 삼산동,중상사고,0,2,0,0,차대차 - 정면충돌,신호위반,건조,맑음,교차로 - 교차로안,이륜,남,22세,중상,화물,남,64세,중상
2012062000100582,2012년 6월 20일 22시,수요일,울산광역시 동구 전하동,경상사고,0,0,1,0,차대차 - 측면직각충돌,차로위반,건조,맑음,교차로 - 교차로부근,승용,남,29세,상해없음,이륜,남,17세,경상
2012062000100621,2012년 6월 20일 23시,수요일,울산광역시 북구 명촌동,경상사고,0,0,1,0,차대차 - 측면직각충돌,안전운전불이행,건조,맑음,단일로 - 기타,승용,남,37세,상해없음,화물,여,48세,경상
2012062100100030,2012년 6월 21일 01시,목요일,울산광역시 중구 옥교동,중상사고,0,1,4,0,차대차 - 측면직각충돌,안전운전불이행,건조,맑음,교차로 - 교차로안,승용,남,31세,상해없음,승합,남,38세,중상
2012062100100040,2012년 6월 21일 02시,목요일,울산광역시 동구 방어동,경상사고,0,0,3,0,차대차 - 추돌 - 진행중,안전운전불이행,건조,맑음,교차로 - 교차로부근,이륜,남,34세,상해없음,승용,남,57세,경상
2012062100100065,2012년 6월 21일 04시,목요일,울산광역시 중구 북정동,중상사고,0,1,0,0,차량단독 - 공작물충돌,안전운전불이행,건조,맑음,미분류 - 미분류,승용,남,21세,중상,,,,
2012062100100066,2012년 6월 21일 04시,목요일,울산광역시 동구 서부동,중상사고,0,1,0,0,차대사람 - 횡단중,신호위반,건조,맑음,교차로 - 교차로부근,승용,여,52세,상해없음,보행자,여,79세,중상
2012062100100115,2012년 6월 21일 07시,목요일,울산광역시 동구 화정동,경상사고,0,0,1,0,차대차 - 측면직각충돌,교차로운행방법위반,건조,맑음,교차로 - 교차로안,승합,남,46세,상해없음,원동기,남,30세,경상
2012062100100116,2012년 6월 21일 07시,목요일,울산광역시 울주군 삼남면,경상사고,0,0,1,0,차대사람 - 길가장자리구역통행중,안전운전불이행,건조,맑음,단일로 - 기타,승용,남,30세,상해없음,보행자,남,58세,경상
2012062100100292,2012년 6월 21일 13시,목요일,울산광역시 울주군 범서읍,중상사고,0,1,0,0,차대차 - 추돌 - 진행중,안전거리미확보,건조,맑음,단일로 - 기타,화물,남,54세,상해없음,화물,남,83세,중상
2012062100100358,2012년 6월 21일 15시,목요일,울산광역시 남구 신정동,경상사고,0,0,2,0,차대차 - 측면직각충돌,교차로운행방법위반,건조,맑음,교차로 - 교차로안,승용,여,33세,경상,승용,남,54세,경상
2012062100100394,2012년 6월 21일 16시,목요일,울산광역시 남구 삼산동,경상사고,0,0,1,0,차대차 - 기타,신호위반,건조,맑음,단일로 - 기타,화물,남,47세,상해없음,화물,남,36세,경상
2012062100100395,2012년 6월 21일 16시,목요일,울산광역시 울주군 언양읍,경상사고,0,0,1,0,차대차 - 추돌 - 진행중,안전운전불이행,건조,맑음,교차로 - 교차로부근,승용,여,29세,상해없음,원동기,남,57세,경상
2012062100100488,2012년 6월 21일 18시,목요일,울산광역시 울주군 웅촌면,중상사고,0,1,1,0,차대차 - 기타,안전운전불이행,건조,맑음,단일로 - 기타,승용,여,41세,상해없음,화물,남,27세,중상
2012062100100552,2012년 6월 21일 20시,목요일,울산광역시 남구 신정동,경상사고,0,0,1,0,차대차 - 측면직각충돌,안전운전불이행,건조,맑음,단일로 - 횡단보도부근,이륜,남,18세,경상,승용,남,57세,상해없음
2012062100100553,2012년 6월 21일 20시,목요일,울산광역시 동구 화정동,경상사고,0,0,1,0,차대사람 - 기타,안전운전불이행,건조,맑음,단일로 - 기타,승용,남,60세,상해없음,보행자,남,55세,경상
2012062100100592,2012년 6월 21일 21시,목요일,울산광역시 중구 태화동,중상사고,0,1,1,0,차대차 - 추돌 - 주정차중,안전거리미확보,건조,맑음,단일로 - 기타,승용,남,49세,상해없음,승용,남,58세,중상
2012062100100626,2012년 6월 21일 23시,목요일,울산광역시 울주군 온양읍,중상사고,0,1,1,0,차대차 - 추돌 - 진행중,안전운전불이행,건조,맑음,단일로 - 교량,승용,남,27세,상해없음,승용,남,32세,중상
2012062100100649,2012년 6월 21일 23시,목요일,울산광역시 동구 전하동,경상사고,0,0,1,0,차대차 - 기타,안전운전불이행,건조,맑음,단일로 - 기타,이륜,남,16세,경상,승용,남,50세,상해없음
2012062200100085,2012년 6월 22일 04시,금요일,울산광역시 울주군 범서읍,중상사고,0,1,0,1,차대차 - 기타,안전운전불이행,건조,맑음,단일로 - 기타,승용,남,53세,부상신고,건설기계,남,46세,중상
2012062200100094,2012년 6월 22일 05시,금요일,울산광역시 남구 삼산동,사망사고,1,0,0,0,차대사람 - 횡단중,보행자보호의무위반,건조,맑음,단일로 - 기타,승용,남,24세,상해없음,보행자,남,60세,사망
2012062200100226,2012년 6월 22일 09시,금요일,울산광역시 남구 신정동,중상사고,0,1,0,0,차대차 - 측면직각충돌,기타,건조,맑음,단일로 - 기타,승용,남,60세,상해없음,이륜,남,45세,중상
2012062200100258,2012년 6월 22일 10시,금요일,울산광역시 남구 삼산동,중상사고,0,1,0,0,차대차 - 측면직각충돌,신호위반,건조,맑음,교차로 - 교차로안,승용,남,42세,상해없음,승용,남,56세,중상
2012062200100280,2012년 6월 22일 11시,금요일,울산광역시 중구 태화동,경상사고,0,0,3,0,차대차 - 측면직각충돌,신호위반,건조,맑음,교차로 - 교차로안,승합,남,56세,상해없음,승용,남,50세,경상
2012062200100281,2012년 6월 22일 11시,금요일,울산광역시 울주군 언양읍,경상사고,0,0,2,0,차대차 - 추돌 - 진행중,안전거리미확보,건조,맑음,단일로 - 기타,승용,남,27세,상해없음,화물,남,57세,경상
2012062200100295,2012년 6월 22일 12시,금요일,울산광역시 중구 다운동,중상사고,0,2,1,0,차대차 - 정면충돌,안전운전불이행,건조,맑음,교차로 - 교차로안,화물,남,55세,경상,승용,남,55세,중상
2012062200100327,2012년 6월 22일 13시,금요일,울산광역시 중구 옥교동,경상사고,0,0,2,0,차대차 - 추돌 - 진행중,안전거리미확보,건조,맑음,교차로 - 교차로부근,승용,남,47세,상해없음,승용,여,57세,경상
2012062200100359,2012년 6월 22일 14시,금요일,울산광역시 울주군 언양읍,중상사고,0,1,0,0,차대차 - 기타,신호위반,건조,맑음,교차로 - 교차로안,건설기계,남,48세,상해없음,승용,여,52세,중상
2012062200100389,2012년 6월 22일 15시,금요일,울산광역시 중구 학성동,경상사고,0,0,1,0,차대차 - 추돌 - 주정차중,안전운전불이행,건조,맑음,교차로 - 교차로안,승용,남,39세,상해없음,승용,여,38세,경상
2012062200100390,2012년 6월 22일 15시,금요일,울산광역시 남구 달동,중상사고,0,2,0,0,차대차 - 추돌 - 진행중,안전거리미확보,건조,맑음,단일로 - 기타,승합,남,26세,기타불명,승용,남,45세,중상
2012062200100543,2012년 6월 22일 19시,금요일,울산광역시 중구 성남동,중상사고,0,1,0,0,차대차 - 측면직각충돌,중앙선침범,건조,맑음,교차로 - 교차로부근,승용,남,58세,상해없음,이륜,남,44세,중상
2012062200100626,2012년 6월 22일 21시,금요일,울산광역시 북구 천곡동,중상사고,0,1,0,0,차대사람 - 기타,안전운전불이행,건조,맑음,교차로 - 교차로안,승용,남,22세,상해없음,보행자,남,78세,중상
2012062300100027,2012년 6월 23일 00시,토요일,울산광역시 중구 반구동,경상사고,0,0,2,0,차대차 - 측면직각충돌,직진우회전진행방해,건조,맑음,교차로 - 교차로안,승용,남,18세,상해없음,승용,남,62세,경상
2012062300100028,2012년 6월 23일 00시,토요일,울산광역시 북구 효문동,중상사고,0,3,2,0,차대차 - 기타,차로위반,건조,맑음,단일로 - 기타,승용,여,23세,경상,승용,남,26세,중상
2012062300100054,2012년 6월 23일 01시,토요일,울산광역시 울주군 범서읍,경상사고,0,0,1,1,차대차 - 측면직각충돌,교차로운행방법위반,건조,맑음,교차로 - 교차로안,승용,남,26세,부상신고,승용,남,49세,경상
2012062300100086,2012년 6월 23일 03시,토요일,울산광역시 북구 명촌동,경상사고,0,0,1,0,차대차 - 추돌 - 진행중,안전운전불이행,건조,맑음,교차로 - 교차로부근,승용,여,45세,상해없음,승용,남,38세,경상
2012062300100142,2012년 6월 23일 06시,토요일,울산광역시 중구 성남동,경상사고,0,0,3,0,차대차 - 기타,안전운전불이행,건조,맑음,단일로 - 기타,승용,남,30세,경상,승용,여,59세,경상
2012062300100143,2012년 6월 23일 06시,토요일,울산광역시 남구 삼산동,중상사고,0,1,0,0,차대차 - 측면직각충돌,안전운전불이행,건조,맑음,교차로 - 교차로안,승용,여,27세,상해없음,승용,남,35세,중상
2012062300100159,2012년 6월 23일 07시,토요일,울산광역시 울주군 청량면,경상사고,0,0,1,0,차대차 - 추돌 - 주정차중,안전운전불이행,건조,맑음,단일로 - 기타,승용,남,34세,상해없음,승용,여,54세,경상
2012062300100178,2012년 6월 23일 08시,토요일,울산광역시 동구 서부동,중상사고,0,2,17,0,차대차 - 추돌 - 진행중,안전운전불이행,건조,맑음,단일로 - 기타,승합,남,51세,중상,승합,남,54세,경상
2012062300100232,2012년 6월 23일 10시,토요일,울산광역시 중구 유곡동,경상사고,0,0,1,0,차대차 - 측면직각충돌,안전거리미확보,건조,맑음,단일로 - 기타,승용,여,54세,기타불명,화물,남,31세,경상
2012062300100233,2012년 6월 23일 10시,토요일,울산광역시 동구 서부동,중상사고,0,1,5,0,차대차 - 정면충돌,중앙선침범,건조,맑음,교차로 - 교차로부근,승용,여,24세,상해없음,승용,여,40세,중상
2012062300100268,2012년 6월 23일 11시,토요일,울산광역시 북구 상안동,경상사고,0,0,3,0,차대차 - 정면충돌,안전운전불이행,건조,맑음,단일로 - 기타,승용,여,44세,경상,승용,여,41세,경상
2012062300100358,2012년 6월 23일 14시,토요일,울산광역시 남구 무거동,중상사고,0,1,0,0,차대사람 - 기타,안전운전불이행,건조,맑음,단일로 - 기타,승합,남,41세,기타불명,보행자,여,69세,중상
2012062300100396,2012년 6월 23일 15시,토요일,울산광역시 북구 효문동,경상사고,0,0,2,0,차대차 - 추돌 - 주정차중,안전운전불이행,건조,맑음,교차로 - 교차로부근,승용,남,47세,상해없음,승용,남,37세,경상
2012062300100420,2012년 6월 23일 16시,토요일,울산광역시 북구 명촌동,경상사고,0,0,1,0,차대차 - 측면직각충돌,직진우회전진행방해,건조,맑음,교차로 - 교차로안,승용,여,41세,상해없음,승용,남,30세,상해없음
2012062300100421,2012년 6월 23일 16시,토요일,울산광역시 남구 무거동,경상사고,0,0,2,0,차대차 - 측면직각충돌,교차로운행방법위반,건조,맑음,교차로 - 교차로안,이륜,남,20세,상해없음,승용,여,45세,경상
2012062300100455,2012년 6월 23일 17시,토요일,울산광역시 울주군 온산읍,경상사고,0,0,3,0,차대차 - 정면충돌,안전운전불이행,건조,맑음,단일로 - 기타,승용,남,49세,경상,승용,남,35세,경상
2012062300100596,2012년 6월 23일 21시,토요일,울산광역시 북구 중산동,중상사고,0,1,5,1,차대차 - 추돌 - 진행중,안전운전불이행,건조,맑음,교차로 - 교차로부근,승용,남,57세,상해없음,승용,남,30세,경상
2012062300100597,2012년 6월 23일 21시,토요일,울산광역시 남구 달동,중상사고,0,1,0,0,차대차 - 정면충돌,안전운전불이행,습기,맑음,단일로 - 기타,자전거,기타불명,기타불명,기타불명,자전거,남,15세,중상
2012062300100598,2012년 6월 23일 21시,토요일,울산광역시 동구 방어동,중상사고,0,1,0,0,차대사람 - 횡단중,안전운전불이행,건조,맑음,교차로 - 교차로부근,승용,여,32세,상해없음,보행자,여,78세,중상
2012062300100622,2012년 6월 23일 22시,토요일,울산광역시 남구 달동,경상사고,0,0,1,0,차대차 - 기타,교차로운행방법위반,건조,맑음,교차로 - 교차로부근,승합,남,48세,상해없음,승용,여,33세,경상
2012062300100651,2012년 6월 23일 23시,토요일,울산광역시 남구 무거동,중상사고,0,1,0,0,차대사람 - 차도통행중,안전운전불이행,건조,맑음,단일로 - 기타,승용,기타불명,기타불명,기타불명,보행자,남,45세,중상
2012062400100022,2012년 6월 24일 00시,일요일,울산광역시 울주군 언양읍,경상사고,0,0,1,0,차대사람 - 보도통행중,안전운전불이행,건조,맑음,단일로 - 기타,승용,남,47세,상해없음,보행자,여,20세,경상
2012062400100088,2012년 6월 24일 05시,일요일,울산광역시 울주군 온산읍,중상사고,0,2,1,0,차대차 - 정면충돌,신호위반,건조,맑음,교차로 - 교차로안,승용,남,24세,경상,화물,남,40세,상해없음
2012062400100443,2012년 6월 24일 20시,일요일,울산광역시 북구 신천동,중상사고,0,1,1,0,차대사람 - 횡단중,보행자보호의무위반,건조,맑음,단일로 - 기타,승용,남,44세,상해없음,보행자,여,25세,중상
2012062400100444,2012년 6월 24일 20시,일요일,울산광역시 동구 전하동,경상사고,0,0,1,0,차대차 - 측면직각충돌,교차로운행방법위반,건조,맑음,교차로 - 교차로안,원동기,남,54세,상해없음,이륜,남,18세,경상
2012062400100445,2012년 6월 24일 20시,일요일,울산광역시 동구 일산동,경상사고,0,0,1,0,차대차 - 측면직각충돌,안전운전불이행,건조,흐림,단일로 - 기타,이륜,남,50세,상해없음,승용,남,33세,상해없음
2012062500100096,2012년 6월 25일 07시,월요일,울산광역시 울주군 온산읍,중상사고,0,1,0,0,차대차 - 측면직각충돌,차로위반,건조,맑음,단일로 - 기타,화물,남,32세,상해없음,이륜,남,32세,중상
2012062500100132,2012년 6월 25일 08시,월요일,울산광역시 남구 신정동,경상사고,0,0,1,0,차대차 - 측면직각충돌,차로위반,건조,맑음,단일로 - 기타,승용,남,65세,상해없음,건설기계,남,45세,상해없음
2012062500100229,2012년 6월 25일 11시,월요일,울산광역시 남구 무거동,중상사고,0,1,0,0,차대차 - 추돌 - 진행중,안전거리미확보,건조,맑음,교차로 - 교차로부근,승용,여,36세,상해없음,승용,남,56세,중상
2012062500100291,2012년 6월 25일 13시,월요일,울산광역시 중구 성남동,경상사고,0,0,1,0,차대사람 - 차도통행중,안전운전불이행,건조,맑음,교차로 - 교차로부근,승용,남,54세,상해없음,보행자,여,55세,경상
2012062500100292,2012년 6월 25일 13시,월요일,울산광역시 울주군 청량면,경상사고,0,0,1,0,차대차 - 추돌 - 주정차중,안전거리미확보,건조,맑음,단일로 - 기타,화물,남,57세,상해없음,승용,여,60세,경상
2012062500100330,2012년 6월 25일 14시,월요일,울산광역시 울주군 청량면,경상사고,0,0,1,0,차대차 - 추돌 - 주정차중,안전거리미확보,건조,맑음,교차로 - 교차로부근,화물,남,52세,상해없음,승용,남,47세,경상
2012062500100396,2012년 6월 25일 16시,월요일,울산광역시 남구 신정동,중상사고,0,1,0,0,차대차 - 측면직각충돌,신호위반,건조,맑음,교차로 - 교차로안,화물,남,41세,상해없음,승용,남,56세,중상
2012062500100443,2012년 6월 25일 17시,월요일,울산광역시 남구 달동,중상사고,0,1,0,0,차대차 - 기타,안전운전불이행,건조,맑음,단일로 - 기타,이륜,남,37세,중상,승용,남,55세,상해없음
2012062500100444,2012년 6월 25일 17시,월요일,울산광역시 울주군 삼동면,경상사고,0,0,1,0,차대차 - 기타,안전운전불이행,건조,맑음,단일로 - 기타,원동기,남,69세,상해없음,승용,여,46세,경상
2012062500100498,2012년 6월 25일 18시,월요일,울산광역시 중구 반구동,경상사고,0,0,1,0,차대사람 - 횡단중,안전운전불이행,건조,맑음,단일로 - 기타,승용,남,53세,상해없음,보행자,남,12세,경상
2012062500100532,2012년 6월 25일 19시,월요일,울산광역시 중구 태화동,중상사고,0,1,0,0,차대사람 - 횡단중,안전운전불이행,건조,맑음,교차로 - 교차로부근,자전거,남,43세,기타불명,보행자,여,56세,중상
2012062500100604,2012년 6월 25일 21시,월요일,울산광역시 북구 신천동,경상사고,0,0,2,0,차대차 - 측면직각충돌,안전운전불이행,건조,맑음,교차로 - 교차로안,승용,여,40세,경상,승용,여,47세,경상
2012062500100606,2012년 6월 25일 21시,월요일,울산광역시 남구 무거동,경상사고,0,0,3,0,차대차 - 기타,안전운전불이행,건조,맑음,교차로 - 교차로안,승용,남,49세,상해없음,승용,남,31세,경상
2012062500100607,2012년 6월 25일 21시,월요일,울산광역시 남구 무거동,중상사고,0,1,0,0,차대사람 - 횡단중,안전운전불이행,건조,맑음,교차로 - 교차로안,기타불명,기타불명,기타불명,기타불명,보행자,남,59세,중상
2012062500100633,2012년 6월 25일 22시,월요일,울산광역시 남구 옥동,경상사고,0,0,1,0,차량단독 - 전도전복,안전운전불이행,건조,맑음,단일로 - 기타,자전거,남,21세,경상,,,,
2012062600100016,2012년 6월 26일 00시,화요일,울산광역시 울주군 온산읍,중상사고,0,1,0,0,차대차 - 기타,중앙선침범,건조,맑음,교차로 - 교차로안,승합,남,38세,상해없음,원동기,남,18세,중상
2012062600100030,2012년 6월 26일 01시,화요일,울산광역시 남구 신정동,경상사고,0,0,1,0,차대사람 - 횡단중,안전운전불이행,건조,맑음,단일로 - 기타,승용,남,54세,상해없음,보행자,남,46세,경상
2012062600100109,2012년 6월 26일 07시,화요일,울산광역시 북구 양정동,경상사고,0,0,6,0,차대차 - 추돌 - 진행중,안전운전불이행,건조,맑음,단일로 - 기타,승합,남,74세,상해없음,승합,남,52세,경상
2012062600100231,2012년 6월 26일 11시,화요일,울산광역시 동구 화정동,경상사고,0,0,1,0,차대차 - 측면직각충돌,교차로운행방법위반,건조,맑음,교차로 - 교차로안,승용,남,57세,상해없음,이륜,남,52세,경상
2012062600100269,2012년 6월 26일 13시,화요일,울산광역시 울주군 두동면,중상사고,0,2,0,0,차대차 - 정면충돌,중앙선침범,건조,맑음,단일로 - 기타,승용,남,59세,상해없음,승용,남,67세,중상
2012062600100313,2012년 6월 26일 14시,화요일,울산광역시 남구 신정동,경상사고,0,0,1,0,차대사람 - 기타,안전운전불이행,건조,맑음,교차로 - 교차로안,화물,남,35세,상해없음,보행자,여,49세,경상
2012062600100314,2012년 6월 26일 14시,화요일,울산광역시 울주군 범서읍,중상사고,0,3,0,0,차대차 - 측면직각충돌,안전운전불이행,건조,흐림,교차로 - 교차로안,승합,남,43세,상해없음,승용,남,47세,중상
2012062600100419,2012년 6월 26일 17시,화요일,울산광역시 중구 서동,경상사고,0,0,1,0,차대차 - 기타,안전운전불이행,습기,비,단일로 - 기타,화물,기타불명,기타불명,기타불명,승용,남,45세,경상
2012062600100420,2012년 6월 26일 17시,화요일,울산광역시 남구 옥동,경상사고,0,0,1,0,차대사람 - 기타,안전운전불이행,습기,비,단일로 - 횡단보도부근,승용,여,31세,상해없음,보행자,여,13세,경상
2012062600100463,2012년 6월 26일 18시,화요일,울산광역시 동구 화정동,중상사고,0,1,0,0,차대차 - 추돌 - 진행중,안전운전불이행,건조,맑음,교차로 - 교차로안,승용,남,57세,상해없음,이륜,남,56세,중상
2012062600100514,2012년 6월 26일 20시,화요일,울산광역시 중구 학성동,경상사고,0,0,1,0,차대사람 - 횡단중,보행자보호의무위반,습기,비,단일로 - 횡단보도상,승용,남,71세,상해없음,보행자,남,61세,경상
2012062600100515,2012년 6월 26일 20시,화요일,울산광역시 동구 화정동,경상사고,0,0,1,0,차대차 - 측면직각충돌,교차로운행방법위반,습기,비,교차로 - 교차로안,승용,여,60세,상해없음,이륜,남,64세,경상
2012062600100548,2012년 6월 26일 21시,화요일,울산광역시 북구 달천동,경상사고,0,0,1,0,차대차 - 추돌 - 주정차중,안전운전불이행,습기,비,교차로 - 교차로부근,승용,여,43세,상해없음,승용,남,35세,경상
2012062600100549,2012년 6월 26일 21시,화요일,울산광역시 중구 복산동,중상사고,0,1,0,0,차대사람 - 횡단중,보행자보호의무위반,건조,맑음,단일로 - 횡단보도상,화물,남,41세,상해없음,보행자,여,72세,중상
2012062600100550,2012년 6월 26일 21시,화요일,울산광역시 울주군 온산읍,중상사고,0,1,0,0,차대사람 - 횡단중,안전운전불이행,습기,비,교차로 - 교차로부근,승용,남,57세,상해없음,보행자,남,34세,중상
2012062600100590,2012년 6월 26일 22시,화요일,울산광역시 남구 삼산동,경상사고,0,0,1,0,차대사람 - 기타,안전운전불이행,습기,비,단일로 - 기타,승용,남,65세,상해없음,보행자,여,36세,경상
2012062700100028,2012년 6월 27일 00시,수요일,울산광역시 중구 서동,경상사고,0,0,1,0,차대차 - 추돌 - 주정차중,안전운전불이행,습기,비,교차로 - 교차로부근,승용,여,43세,상해없음,승용,여,30세,경상
2012062700100029,2012년 6월 27일 00시,수요일,울산광역시 북구 호계동,중상사고,0,1,0,0,차대차 - 정면충돌,교차로운행방법위반,습기,비,교차로 - 교차로안,승용,남,60세,상해없음,이륜,남,61세,중상
2012062700100030,2012년 6월 27일 00시,수요일,울산광역시 울주군 온산읍,경상사고,0,0,1,0,차대차 - 기타,교차로운행방법위반,습기,비,교차로 - 교차로안,승용,남,31세,상해없음,승용,남,25세,경상
2012062700100049,2012년 6월 27일 01시,수요일,울산광역시 동구 일산동,경상사고,0,0,1,0,차대사람 - 길가장자리구역통행중,안전운전불이행,습기,비,교차로 - 교차로부근,승용,남,25세,상해없음,보행자,남,27세,경상
2012062700100085,2012년 6월 27일 04시,수요일,울산광역시 남구 신정동,사망사고,1,0,0,0,차대사람 - 차도통행중,안전운전불이행,습기,흐림,단일로 - 기타,승용,여,26세,상해없음,보행자,여,50세,사망
2012062700100135,2012년 6월 27일 07시,수요일,울산광역시 남구 상개동,중상사고,0,1,0,0,차대차 - 추돌 - 진행중,차로위반,습기,흐림,단일로 - 기타,화물,남,45세,상해없음,화물,남,54세,중상
2012062700100176,2012년 6월 27일 08시,수요일,울산광역시 남구 신정동,경상사고,0,0,1,0,차대사람 - 길가장자리구역통행중,불법유턴,건조,흐림,교차로 - 교차로안,승용,남,63세,상해없음,보행자,여,30세,경상
2012062700100218,2012년 6월 27일 09시,수요일,울산광역시 중구 남외동,중상사고,0,1,0,0,차대차 - 측면직각충돌,안전운전불이행,습기,비,단일로 - 횡단보도부근,승용,남,50세,상해없음,자전거,여,47세,중상
2012062700100349,2012년 6월 27일 14시,수요일,울산광역시 울주군 청량면,사망사고,1,0,0,0,차대차 - 정면충돌,안전운전불이행,습기,비,단일로 - 기타,화물,남,44세,상해없음,승용,남,50세,사망
2012062700100463,2012년 6월 27일 17시,수요일,울산광역시 남구 달동,경상사고,0,0,1,0,차대사람 - 횡단중,안전운전불이행,습기,비,단일로 - 기타,승용,여,30세,상해없음,보행자,남,18세,경상
2012062700100464,2012년 6월 27일 17시,수요일,울산광역시 북구 염포동,중상사고,0,1,0,0,차대차 - 측면직각충돌,신호위반,건조,맑음,교차로 - 교차로안,승용,남,54세,상해없음,자전거,여,48세,중상
2012062700100534,2012년 6월 27일 19시,수요일,울산광역시 북구 매곡동,중상사고,0,1,0,0,차대차 - 측면직각충돌,안전거리미확보,건조,맑음,교차로 - 교차로부근,이륜,남,20세,중상,화물,남,21세,상해없음
2012062700100535,2012년 6월 27일 19시,수요일,울산광역시 북구 양정동,중상사고,0,1,0,0,차대차 - 추돌 - 주정차중,안전운전불이행,건조,맑음,교차로 - 교차로부근,승용,남,44세,상해없음,승용,여,49세,중상
2012062700100609,2012년 6월 27일 21시,수요일,울산광역시 남구 옥동,부상신고사고,0,0,0,1,차대사람 - 기타,안전운전불이행,건조,맑음,단일로 - 기타,승용,남,43세,상해없음,보행자,남,51세,부상신고
2012062700100610,2012년 6월 27일 21시,수요일,울산광역시 남구 무거동,경상사고,0,0,2,0,차대차 - 추돌 - 주정차중,안전운전불이행,건조,맑음,단일로 - 기타,승합,남,36세,상해없음,승용,여,44세,경상
2012062700100671,2012년 6월 27일 23시,수요일,울산광역시 동구 서부동,경상사고,0,0,1,0,차대차 - 추돌 - 주정차중,안전운전불이행,습기,비,교차로 - 교차로부근,승용,남,37세,기타불명,승용,여,31세,경상
2012062800100026,2012년 6월 28일 00시,목요일,울산광역시 울주군 삼남면,부상신고사고,0,0,0,2,차대차 - 측면직각충돌,신호위반,건조,맑음,교차로 - 교차로안,승용,남,29세,상해없음,승용,남,44세,부상신고
2012062800100182,2012년 6월 28일 08시,목요일,울산광역시 울주군 범서읍,경상사고,0,0,1,0,차대차 - 측면직각충돌,안전운전불이행,건조,맑음,교차로 - 교차로부근,승용,남,36세,상해없음,승용,남,32세,경상
2012062800100504,2012년 6월 28일 20시,목요일,울산광역시 북구 중산동,경상사고,0,0,1,0,차대사람 - 차도통행중,안전운전불이행,건조,맑음,단일로 - 기타,이륜,기타불명,기타불명,기타불명,보행자,남,14세,경상
2012062800100535,2012년 6월 28일 21시,목요일,울산광역시 남구 신정동,경상사고,0,0,1,0,차대차 - 측면직각충돌,안전운전불이행,건조,맑음,단일로 - 횡단보도부근,승용,남,55세,상해없음,이륜,남,24세,경상
2012062800100536,2012년 6월 28일 21시,목요일,울산광역시 동구 전하동,중상사고,0,1,0,0,차대사람 - 횡단중,보행자보호의무위반,건조,맑음,단일로 - 기타,승용,남,62세,상해없음,보행자,남,72세,중상
2012062900100030,2012년 6월 29일 00시,금요일,울산광역시 중구 동동,경상사고,0,0,2,0,차대차 - 측면직각충돌,직진우회전진행방해,건조,맑음,교차로 - 교차로안,승용,남,59세,상해없음,승용,남,39세,경상
2012062900100075,2012년 6월 29일 02시,금요일,울산광역시 북구 양정동,중상사고,0,1,0,0,차량단독 - 전도전복,안전운전불이행,건조,맑음,교차로 - 교차로안,이륜,남,18세,중상,,,,
2012062900100145,2012년 6월 29일 07시,금요일,울산광역시 중구 다운동,중상사고,0,1,0,0,차대차 - 기타,안전거리미확보,건조,맑음,교차로 - 교차로부근,승용,남,53세,상해없음,원동기,남,17세,중상
2012062900100247,2012년 6월 29일 10시,금요일,울산광역시 남구 옥동,경상사고,0,0,1,0,차대사람 - 횡단중,신호위반,건조,맑음,단일로 - 횡단보도상,승용,여,51세,상해없음,보행자,여,19세,경상
2012062900100326,2012년 6월 29일 13시,금요일,울산광역시 북구 진장동,경상사고,0,0,1,0,차대차 - 측면직각충돌,안전운전불이행,건조,맑음,교차로 - 교차로부근,승합,기타불명,기타불명,기타불명,승용,남,49세,경상
2012062900100327,2012년 6월 29일 13시,금요일,울산광역시 남구 성암동,중상사고,0,1,0,0,차대차 - 기타,안전운전불이행,건조,맑음,교차로 - 교차로안,화물,남,39세,중상,화물,남,52세,상해없음
2012062900100335,2012년 6월 29일 14시,금요일,울산광역시 울주군 언양읍,중상사고,0,1,0,0,차대차 - 추돌 - 진행중,안전거리미확보,건조,맑음,단일로 - 기타,승용,남,20세,상해없음,화물,남,45세,중상
2012062900100361,2012년 6월 29일 14시,금요일,울산광역시 중구 동동,중상사고,0,1,0,0,차대사람 - 기타,안전운전불이행,건조,맑음,교차로 - 교차로부근,화물,남,38세,상해없음,보행자,여,82세,중상
2012062900100362,2012년 6월 29일 14시,금요일,울산광역시 동구 전하동,중상사고,0,1,0,0,차대차 - 측면직각충돌,교차로운행방법위반,건조,맑음,교차로 - 교차로안,승용,남,21세,상해없음,이륜,남,46세,중상
2012062900100464,2012년 6월 29일 17시,금요일,울산광역시 울주군 언양읍,경상사고,0,0,2,0,차대차 - 추돌 - 주정차중,안전거리미확보,건조,맑음,교차로 - 교차로부근,승용,여,55세,상해없음,승용,남,33세,경상