사고번호,사고일시,요일,시군구,사고내용,사망자수,중상자수,경상자수,부상신고자수,사고유형,법규위반,노면상태,기상상태,도로형태,가해운전자 차종,가해운전자 성별,가해운전자 연령,가해운전자 상해정도,피해운전자 차종,피해운전자 성별,피해운전자 연령,피해운전자 상해정도
2012062900100508,2012년 6월 29일 18시,금요일,울산광역시 북구 양정동,중상사고,0,1,1,0,차대차 - 측면직각충돌,교차로운행방법위반,건조,맑음,단일로 - 기타,화물,남,47세,상해없음,이륜,남,45세,경상
2012062900100509,2012년 6월 29일 18시,금요일,울산광역시 울주군 언양읍,경상사고,0,0,1,0,차대차 - 추돌 - 진행중,안전운전불이행,건조,맑음,교차로 - 교차로부근,화물,남,53세,상해없음,승용,남,55세,경상
2012062900100510,2012년 6월 29일 18시,금요일,울산광역시 울주군 범서읍,중상사고,0,1,0,0,차대사람 - 기타,안전운전불이행,건조,맑음,교차로 - 교차로부근,승용,남,32세,상해없음,보행자,여,9세,중상
2012062900100553,2012년 6월 29일 19시,금요일,울산광역시 울주군 온양읍,경상사고,0,0,1,0,차대차 - 추돌 - 주정차중,안전운전불이행,건조,맑음,교차로 - 교차로안,승용,남,40세,상해없음,승용,남,55세,경상
2012062900100605,2012년 6월 29일 20시,금요일,울산광역시 중구 반구동,중상사고,0,1,0,0,차대사람 - 횡단중,안전운전불이행,건조,맑음,단일로 - 기타,이륜,남,52세,상해없음,보행자,여,55세,중상
2012062900100673,2012년 6월 29일 21시,금요일,울산광역시 동구 일산동,경상사고,0,0,6,0,차대차 - 측면직각충돌,차로위반,건조,맑음,단일로 - 기타,승용,남,24세,경상,승용,남,29세,경상
2012062900100751,2012년 6월 29일 22시,금요일,울산광역시 남구 무거동,경상사고,0,0,1,0,차대차 - 기타,보행자보호의무위반,건조,맑음,단일로 - 기타,승용,남,52세,상해없음,자전거,여,49세,경상
2012062900100752,2012년 6월 29일 22시,금요일,울산광역시 울주군 서생면,경상사고,0,0,1,0,차량단독 - 공작물충돌,안전운전불이행,습기,비,단일로 - 기타,승용,남,35세,경상,,,,
2012063000100107,2012년 6월 30일 01시,토요일,울산광역시 북구 연암동,경상사고,0,0,3,0,차대차 - 추돌 - 주정차중,안전운전불이행,습기,비,단일로 - 기타,승용,남,35세,상해없음,승용,남,42세,경상
2012063000100108,2012년 6월 30일 01시,토요일,울산광역시 남구 달동,경상사고,0,0,3,0,차대차 - 측면직각충돌,교차로운행방법위반,습기,비,교차로 - 교차로안,승용,남,28세,상해없음,승용,남,50세,경상
2012063000100156,2012년 6월 30일 02시,토요일,울산광역시 북구 상안동,중상사고,0,1,1,1,차대차 - 추돌 - 주정차중,안전운전불이행,습기,비,교차로 - 교차로부근,승합,여,49세,상해없음,승용,남,59세,경상
2012063000100188,2012년 6월 30일 03시,토요일,울산광역시 북구 연암동,경상사고,0,0,1,1,차대차 - 추돌 - 주정차중,안전운전불이행,습기,비,단일로 - 기타,승용,남,44세,부상신고,화물,남,47세,경상
2012063000100218,2012년 6월 30일 04시,토요일,울산광역시 남구 무거동,중상사고,0,1,0,0,차량단독 - 공작물충돌,안전운전불이행,습기,비,단일로 - 기타,승용,남,27세,중상,,,,
2012063000100482,2012년 6월 30일 15시,토요일,울산광역시 북구 진장동,경상사고,0,0,3,1,차대차 - 정면충돌,안전운전불이행,건조,맑음,교차로 - 교차로안,승용,여,52세,부상신고,승용,남,64세,상해없음
2012063000100555,2012년 6월 30일 17시,토요일,울산광역시 동구 전하동,경상사고,0,0,1,0,차대차 - 측면직각충돌,신호위반,건조,맑음,교차로 - 교차로안,화물,남,35세,상해없음,이륜,남,27세,경상
2012063000100679,2012년 6월 30일 20시,토요일,울산광역시 북구 신천동,중상사고,0,1,0,0,차대차 - 추돌 - 주정차중,안전운전불이행,습기,비,단일로 - 기타,승용,남,49세,상해없음,승합,남,56세,중상
2012063000100680,2012년 6월 30일 20시,토요일,울산광역시 남구 성암동,중상사고,0,2,1,0,차대차 - 정면충돌,중앙선침범,습기,비,교차로 - 교차로부근,승용,남,22세,경상,승용,남,45세,중상
2012063000100681,2012년 6월 30일 20시,토요일,울산광역시 울주군 언양읍,부상신고사고,0,0,0,1,차대사람 - 횡단중,보행자보호의무위반,습기,비,교차로 - 교차로부근,기타불명,기타불명,기타불명,기타불명,보행자,여,15세,부상신고
2012063000100736,2012년 6월 30일 21시,토요일,울산광역시 남구 무거동,경상사고,0,0,4,0,차대차 - 추돌 - 진행중,안전거리미확보,습기,비,교차로 - 교차로부근,승용,남,44세,상해없음,승용,남,29세,경상
2012070100100055,2012년 7월 1일 01시,일요일,울산광역시 동구 전하동,경상사고,0,0,1,0,차대사람 - 기타,안전운전불이행,습기,비,단일로 - 기타,승용,기타불명,기타불명,기타불명,보행자,여,48세,경상
2012070100100098,2012년 7월 1일 04시,일요일,울산광역시 남구 삼산동,경상사고,0,0,1,0,차대차 - 측면직각충돌,안전운전불이행,습기,맑음,단일로 - 기타,승용,여,24세,상해없음,승용,남,27세,경상
2012070100100131,2012년 7월 1일 07시,일요일,울산광역시 북구 신천동,중상사고,0,1,0,0,차대차 - 측면직각충돌,신호위반,건조,맑음,교차로 - 교차로안,승용,남,44세,상해없음,승용,남,52세,중상
2012070100100236,2012년 7월 1일 13시,일요일,울산광역시 북구 연암동,경상사고,0,0,4,0,차대차 - 기타,신호위반,건조,맑음,교차로 - 교차로안,승용,여,63세,상해없음,승용,남,29세,경상
2012070100100392,2012년 7월 1일 18시,일요일,울산광역시 동구 전하동,경상사고,0,0,1,0,차대차 - 측면직각충돌,교차로운행방법위반,건조,맑음,교차로 - 교차로안,승용,남,40세,상해없음,이륜,남,23세,경상
2012070100100495,2012년 7월 1일 22시,일요일,울산광역시 북구 명촌동,경상사고,0,0,3,0,차대차 - 측면직각충돌,직진우회전진행방해,건조,맑음,교차로 - 교차로안,승용,남,38세,상해없음,승용,남,57세,경상
2012070100100514,2012년 7월 1일 23시,일요일,울산광역시 중구 성남동,중상사고,0,1,0,0,차대차 - 추돌 - 진행중,안전거리미확보,건조,맑음,단일로 - 기타,승용,남,55세,상해없음,이륜,남,51세,중상
2012070200100021,2012년 7월 2일 01시,월요일,울산광역시 동구 방어동,중상사고,0,1,0,0,차량단독 - 공작물충돌,안전운전불이행,건조,맑음,교차로 - 교차로부근,원동기,남,40세,상해없음,,,,
2012070200100066,2012년 7월 2일 06시,월요일,울산광역시 북구 송정동,중상사고,0,1,0,0,차대차 - 측면직각충돌,신호위반,건조,맑음,교차로 - 교차로부근,화물,남,49세,상해없음,원동기,남,37세,중상
2012070200100085,2012년 7월 2일 07시,월요일,울산광역시 울주군 언양읍,경상사고,0,0,1,0,차대차 - 측면직각충돌,교차로운행방법위반,건조,맑음,교차로 - 교차로안,승용,남,45세,상해없음,승용,남,48세,경상
2012070200100147,2012년 7월 2일 09시,월요일,울산광역시 중구 다운동,경상사고,0,0,1,0,차대차 - 측면직각충돌,신호위반,건조,맑음,교차로 - 교차로부근,승용,남,47세,상해없음,승용,여,44세,경상
2012070200100148,2012년 7월 2일 09시,월요일,울산광역시 남구 삼산동,경상사고,0,0,1,0,차대차 - 추돌 - 주정차중,안전운전불이행,건조,맑음,단일로 - 기타,승용,남,36세,상해없음,승용,남,29세,경상
2012070200100149,2012년 7월 2일 09시,월요일,울산광역시 울주군 온산읍,중상사고,0,1,0,0,차대차 - 기타,기타,건조,맑음,단일로 - 기타,건설기계,남,36세,상해없음,이륜,남,59세,중상
2012070200100268,2012년 7월 2일 13시,월요일,울산광역시 울주군 청량면,경상사고,0,0,1,0,차대사람 - 길가장자리구역통행중,안전운전불이행,건조,맑음,단일로 - 기타,승용,남,70세,상해없음,보행자,여,51세,경상
2012070200100335,2012년 7월 2일 15시,월요일,울산광역시 울주군 상북면,중상사고,0,1,1,0,차대사람 - 횡단중,안전운전불이행,건조,맑음,교차로 - 교차로부근,승용,여,43세,상해없음,보행자,남,11세,경상
2012070200100384,2012년 7월 2일 16시,월요일,울산광역시 중구 교동,중상사고,0,1,0,0,차대사람 - 횡단중,보행자보호의무위반,건조,맑음,단일로 - 횡단보도상,승용,여,53세,상해없음,보행자,여,86세,중상
2012070200100457,2012년 7월 2일 18시,월요일,울산광역시 중구 학성동,경상사고,0,0,1,0,차대차 - 기타,안전운전불이행,건조,맑음,단일로 - 기타,원동기,남,18세,경상,원동기,남,25세,기타불명
2012070200100566,2012년 7월 2일 21시,월요일,울산광역시 북구 명촌동,경상사고,0,0,1,0,차대차 - 기타,안전운전불이행,건조,맑음,교차로 - 교차로부근,원동기,남,53세,상해없음,자전거,남,60세,경상
2012070200100597,2012년 7월 2일 22시,월요일,울산광역시 남구 삼산동,중상사고,0,1,0,0,차대사람 - 차도통행중,안전운전불이행,건조,맑음,미분류 - 미분류,승용,기타불명,기타불명,기타불명,보행자,남,48세,중상
2012070200100623,2012년 7월 2일 23시,월요일,울산광역시 중구 태화동,경상사고,0,0,1,0,차대차 - 기타,안전운전불이행,건조,맑음,단일로 - 기타,기타불명,기타불명,기타불명,기타불명,원동기,남,23세,경상
2012070300100080,2012년 7월 3일 06시,화요일,울산광역시 울주군 온양읍,부상신고사고,0,0,0,2,차대차 - 기타,안전거리미확보,건조,맑음,교차로 - 교차로부근,승용,남,59세,상해없음,승용,남,32세,부상신고
2012070300100095,2012년 7월 3일 07시,화요일,울산광역시 동구 동부동,경상사고,0,0,1,0,차대차 - 측면직각충돌,직진우회전진행방해,건조,맑음,교차로 - 교차로안,승용,남,48세,상해없음,이륜,남,54세,경상
2012070300100096,2012년 7월 3일 07시,화요일,울산광역시 울주군 범서읍,중상사고,0,1,0,0,차대차 - 측면직각충돌,안전운전불이행,건조,맑음,교차로 - 교차로안,자전거,남,72세,중상,승용,남,40세,상해없음
2012070300100141,2012년 7월 3일 08시,화요일,울산광역시 중구 교동,경상사고,0,0,1,0,차대차 - 추돌 - 주정차중,안전운전불이행,건조,맑음,단일로 - 기타,승용,남,19세,상해없음,승용,남,60세,경상
2012070300100142,2012년 7월 3일 08시,화요일,울산광역시 동구 방어동,경상사고,0,0,1,0,차대차 - 기타,안전운전불이행,건조,맑음,단일로 - 기타,승용,여,50세,상해없음,화물,남,27세,경상
2012070300100199,2012년 7월 3일 10시,화요일,울산광역시 중구 태화동,경상사고,0,0,1,0,차대차 - 측면직각충돌,안전운전불이행,건조,맑음,교차로 - 교차로안,승용,여,51세,상해없음,승용,여,49세,경상
2012070300100315,2012년 7월 3일 14시,화요일,울산광역시 중구 반구동,경상사고,0,0,1,0,차대차 - 추돌 - 주정차중,안전운전불이행,건조,맑음,교차로 - 교차로부근,승용,남,30세,상해없음,승용,남,44세,경상
2012070300100316,2012년 7월 3일 14시,화요일,울산광역시 동구 방어동,경상사고,0,0,1,0,차대사람 - 횡단중,안전운전불이행,건조,맑음,단일로 - 기타,승용,남,52세,상해없음,보행자,여,9세,경상
2012070300100434,2012년 7월 3일 17시,화요일,울산광역시 중구 교동,중상사고,0,1,2,0,차대사람 - 기타,안전운전불이행,건조,맑음,교차로 - 교차로안,승용,여,34세,상해없음,보행자,여,16세,중상
2012070300100573,2012년 7월 3일 21시,화요일,울산광역시 중구 서동,경상사고,0,0,1,0,차대차 - 측면직각충돌,안전거리미확보,건조,맑음,단일로 - 기타,승용,남,17세,상해없음,승용,남,29세,경상
2012070300100609,2012년 7월 3일 22시,화요일,울산광역시 북구 신천동,중상사고,0,1,0,0,차대차 - 추돌 - 진행중,안전운전불이행,건조,맑음,단일로 - 기타,승용,여,23세,상해없음,원동기,남,21세,중상
2012070300100610,2012년 7월 3일 22시,화요일,울산광역시 북구 염포동,중상사고,0,2,1,0,차대차 - 추돌 - 진행중,안전운전불이행,건조,맑음,교차로 - 교차로부근,승용,여,43세,상해없음,승용,남,53세,중상
2012070400100016,2012년 7월 4일 00시,수요일,울산광역시 동구 서부동,중상사고,0,1,1,0,차대차 - 정면충돌,중앙선침범,건조,맑음,단일로 - 기타,승용,여,33세,중상,승용,남,48세,경상
2012070400100045,2012년 7월 4일 02시,수요일,울산광역시 북구 연암동,중상사고,0,1,0,0,차량단독 - 공작물충돌,기타,건조,맑음,교차로 - 교차로부근,승용,남,49세,중상,,,,
2012070400100052,2012년 7월 4일 03시,수요일,울산광역시 남구 달동,중상사고,0,1,0,0,차대사람 - 길가장자리구역통행중,안전운전불이행,건조,맑음,단일로 - 기타,승용,남,25세,상해없음,보행자,여,57세,중상
2012070400100060,2012년 7월 4일 04시,수요일,울산광역시 남구 삼산동,중상사고,0,1,0,0,차대차 - 추돌 - 주정차중,안전운전불이행,건조,맑음,교차로 - 교차로부근,승용,남,21세,상해없음,승합,남,34세,중상
2012070400100065,2012년 7월 4일 05시,수요일,울산광역시 북구 중산동,중상사고,0,1,0,0,차대사람 - 횡단중,보행자보호의무위반,건조,맑음,단일로 - 횡단보도상,승용,남,50세,상해없음,보행자,여,6세,중상
2012070400100091,2012년 7월 4일 07시,수요일,울산광역시 동구 방어동,경상사고,0,0,1,0,차대차 - 기타,교차로운행방법위반,건조,맑음,교차로 - 교차로안,자전거,남,31세,경상,승용,남,46세,기타불명
2012070400100092,2012년 7월 4일 07시,수요일,울산광역시 울주군 삼남면,중상사고,0,2,1,0,차대차 - 기타,교차로운행방법위반,건조,맑음,교차로 - 교차로안,승용,남,62세,중상,승용,남,59세,경상
2012070400100245,2012년 7월 4일 13시,수요일,울산광역시 남구 삼산동,경상사고,0,0,1,0,차대차 - 측면직각충돌,교차로운행방법위반,건조,맑음,교차로 - 교차로안,승용,남,58세,상해없음,승용,남,51세,상해없음
2012070400100246,2012년 7월 4일 13시,수요일,울산광역시 동구 화정동,경상사고,0,0,1,0,차대차 - 측면직각충돌,교차로운행방법위반,건조,맑음,교차로 - 교차로안,이륜,남,17세,상해없음,승용,남,50세,상해없음
2012070400100306,2012년 7월 4일 15시,수요일,울산광역시 남구 신정동,경상사고,0,0,1,0,차대사람 - 기타,안전운전불이행,건조,맑음,단일로 - 기타,승용,남,45세,상해없음,보행자,여,70세,경상
2012070400100368,2012년 7월 4일 17시,수요일,울산광역시 북구 진장동,중상사고,0,1,1,0,차대차 - 추돌 - 주정차중,안전운전불이행,건조,맑음,단일로 - 기타,이륜,남,42세,중상,승합,남,32세,경상
2012070400100474,2012년 7월 4일 20시,수요일,울산광역시 북구 상안동,경상사고,0,0,1,0,차대차 - 기타,안전운전불이행,건조,맑음,단일로 - 기타,승용,남,30세,상해없음,자전거,남,38세,경상
2012070400100535,2012년 7월 4일 22시,수요일,울산광역시 남구 달동,경상사고,0,0,1,0,차대차 - 측면직각충돌,교차로운행방법위반,건조,맑음,교차로 - 교차로안,승용,남,54세,상해없음,이륜,남,18세,경상
2012070400100536,2012년 7월 4일 22시,수요일,울산광역시 동구 일산동,경상사고,0,0,1,0,차대차 - 기타,교차로운행방법위반,건조,맑음,교차로 - 교차로안,이륜,남,16세,상해없음,승용,남,58세,상해없음
2012070500100080,2012년 7월 5일 04시,목요일,울산광역시 북구 명촌동,부상신고사고,0,0,0,2,차량단독 - 공작물충돌,안전운전불이행,습기,비,단일로 - 기타,승용,남,22세,부상신고,,,,
2012070500100081,2012년 7월 5일 04시,목요일,울산광역시 중구 태화동,중상사고,0,1,0,1,차대차 - 추돌 - 진행중,안전운전불이행,습기,비,단일로 - 기타,승용,남,22세,부상신고,승용,여,42세,중상
2012070500100124,2012년 7월 5일 07시,목요일,울산광역시 남구 선암동,경상사고,0,0,2,0,차대차 - 기타,중앙선침범,건조,맑음,교차로 - 교차로부근,승용,남,43세,상해없음,승용,남,47세,경상
2012070500100164,2012년 7월 5일 08시,목요일,울산광역시 북구 효문동,사망사고,1,0,16,1,차대차 - 정면충돌,교차로운행방법위반,습기,흐림,교차로 - 교차로안,승합,남,55세,부상신고,화물,남,61세,사망
2012070500100287,2012년 7월 5일 12시,목요일,울산광역시 북구 명촌동,경상사고,0,0,1,0,차대차 - 추돌 - 진행중,안전운전불이행,습기,비,단일로 - 교량,화물,남,30세,상해없음,화물,남,60세,경상
2012070500100295,2012년 7월 5일 13시,목요일,울산광역시 울주군 두서면,중상사고,0,2,1,0,차대차 - 추돌 - 진행중,안전운전불이행,습기,비,단일로 - 기타,승용,남,18세,상해없음,화물,남,47세,상해없음
2012070500100314,2012년 7월 5일 13시,목요일,울산광역시 남구 삼산동,경상사고,0,0,1,0,차대차 - 추돌 - 진행중,안전운전불이행,습기,비,단일로 - 기타,화물,남,58세,상해없음,승용,여,43세,경상
2012070500100344,2012년 7월 5일 14시,목요일,울산광역시 울주군 삼남면,경상사고,0,0,3,0,차대차 - 측면직각충돌,교차로운행방법위반,습기,비,교차로 - 교차로안,승용,여,45세,경상,승용,남,34세,경상
2012070500100376,2012년 7월 5일 15시,목요일,울산광역시 남구 삼산동,경상사고,0,0,1,0,차대차 - 측면직각충돌,교차로운행방법위반,습기,비,교차로 - 교차로안,승용,남,54세,상해없음,승용,여,28세,경상
2012070500100419,2012년 7월 5일 16시,목요일,울산광역시 남구 야음동,중상사고,0,1,2,0,차대차 - 추돌 - 주정차중,안전거리미확보,건조,맑음,교차로 - 교차로부근,승합,남,41세,상해없음,승용,남,65세,중상
2012070500100490,2012년 7월 5일 18시,목요일,울산광역시 울주군 서생면,경상사고,0,0,1,0,차대사람 - 기타,안전운전불이행,건조,맑음,단일로 - 기타,승합,남,43세,상해없음,보행자,남,30세,경상
2012070500100522,2012년 7월 5일 19시,목요일,울산광역시 중구 옥교동,경상사고,0,0,1,0,차대차 - 측면직각충돌,기타,습기,비,단일로 - 기타,승용,여,51세,상해없음,자전거,여,40세,경상
2012070500100571,2012년 7월 5일 20시,목요일,울산광역시 중구 반구동,중상사고,0,1,2,0,차대차 - 측면직각충돌,안전운전불이행,건조,흐림,교차로 - 교차로부근,이륜,남,16세,중상,승용,남,26세,경상
2012070500100623,2012년 7월 5일 21시,목요일,울산광역시 남구 삼산동,중상사고,0,4,0,0,차대차 - 기타,안전운전불이행,습기,흐림,교차로 - 교차로부근,승용,남,41세,상해없음,승용,남,43세,중상
2012070600100047,2012년 7월 6일 00시,금요일,울산광역시 남구 달동,경상사고,0,0,1,0,차대차 - 측면직각충돌,교차로운행방법위반,건조,흐림,교차로 - 교차로안,승용,남,27세,상해없음,승용,여,51세,경상
2012070600100180,2012년 7월 6일 07시,금요일,울산광역시 동구 전하동,경상사고,0,0,1,0,차대차 - 추돌 - 주정차중,기타,건조,맑음,교차로 - 교차로부근,승용,남,32세,상해없음,이륜,남,48세,경상
2012070600100368,2012년 7월 6일 14시,금요일,울산광역시 남구 신정동,중상사고,0,1,0,0,차대사람 - 기타,안전운전불이행,건조,맑음,단일로 - 기타,승용,남,57세,상해없음,보행자,여,64세,중상
2012070600100369,2012년 7월 6일 14시,금요일,울산광역시 남구 야음동,경상사고,0,0,1,0,차대차 - 기타,안전운전불이행,습기,흐림,단일로 - 기타,승용,남,61세,상해없음,승용,여,39세,경상
2012070600100496,2012년 7월 6일 17시,금요일,울산광역시 동구 방어동,중상사고,0,1,0,0,차대차 - 측면직각충돌,교차로운행방법위반,건조,맑음,교차로 - 교차로안,승용,여,46세,상해없음,원동기,남,51세,중상
2012070600100568,2012년 7월 6일 19시,금요일,울산광역시 동구 방어동,경상사고,0,0,1,0,차대사람 - 기타,안전운전불이행,건조,맑음,단일로 - 횡단보도부근,승합,남,53세,상해없음,보행자,여,16세,경상
2012070600100569,2012년 7월 6일 19시,금요일,울산광역시 울주군 온양읍,중상사고,0,1,0,0,차대차 - 기타,교차로운행방법위반,건조,맑음,교차로 - 교차로안,화물,남,29세,상해없음,이륜,남,16세,중상
2012070600100603,2012년 7월 6일 20시,금요일,울산광역시 중구 옥교동,중상사고,0,1,0,0,차대사람 - 기타,안전운전불이행,습기,비,교차로 - 교차로부근,승용,남,61세,상해없음,보행자,여,70세,중상
2012070600100673,2012년 7월 6일 22시,금요일,울산광역시 중구 태화동,경상사고,0,0,1,0,차대차 - 추돌 - 주정차중,안전운전불이행,습기,비,단일로 - 교량,승용,남,44세,상해없음,승용,여,27세,경상
2012070600100674,2012년 7월 6일 22시,금요일,울산광역시 북구 신천동,경상사고,0,0,2,1,차대차 - 추돌 - 주정차중,안전거리미확보,습기,비,교차로 - 교차로부근,승용,남,64세,상해없음,승용,남,35세,경상
2012070600100719,2012년 7월 6일 23시,금요일,울산광역시 남구 삼산동,경상사고,0,0,4,0,차대차 - 추돌 - 주정차중,안전거리미확보,습기,비,단일로 - 기타,승용,남,63세,상해없음,승용,여,35세,상해없음
2012070600100720,2012년 7월 6일 23시,금요일,울산광역시 울주군 온양읍,부상신고사고,0,0,0,1,차대차 - 기타,안전운전불이행,습기,비,단일로 - 기타,기타불명,기타불명,기타불명,기타불명,승합,남,42세,부상신고
2012070700100044,2012년 7월 7일 00시,토요일,울산광역시 남구 삼산동,경상사고,0,0,1,0,차대사람 - 횡단중,안전운전불이행,습기,비,단일로 - 기타,승용,여,50세,상해없음,보행자,남,32세,경상
2012070700100045,2012년 7월 7일 00시,토요일,울산광역시 동구 서부동,중상사고,0,1,0,0,차량단독 - 공작물충돌,안전운전불이행,건조,맑음,단일로 - 기타,승용,남,28세,상해없음,,,,
2012070700100085,2012년 7월 7일 01시,토요일,울산광역시 남구 신정동,중상사고,0,1,1,0,차대사람 - 길가장자리구역통행중,안전운전불이행,습기,비,단일로 - 기타,이륜,남,39세,경상,보행자,여,51세,중상
2012070700100086,2012년 7월 7일 01시,토요일,울산광역시 남구 무거동,경상사고,0,0,1,0,차대사람 - 길가장자리구역통행중,안전운전불이행,습기,비,단일로 - 기타,승용,남,30세,상해없음,보행자,여,27세,경상
2012070700100125,2012년 7월 7일 02시,토요일,울산광역시 울주군 웅촌면,중상사고,0,1,0,0,차량단독 - 공작물충돌,안전운전불이행,습기,비,교차로 - 교차로안,승용,남,46세,중상,,,,
2012070700100146,2012년 7월 7일 03시,토요일,울산광역시 중구 우정동,중상사고,0,3,1,1,차대차 - 측면직각충돌,안전운전불이행,습기,비,단일로 - 기타,승용,남,23세,부상신고,승용,여,37세,중상
2012070700100147,2012년 7월 7일 03시,토요일,울산광역시 울주군 청량면,경상사고,0,0,1,1,차대차 - 기타,중앙선침범,습기,비,단일로 - 기타,승용,여,40세,부상신고,화물,남,45세,경상
2012070700100213,2012년 7월 7일 07시,토요일,울산광역시 동구 방어동,중상사고,0,1,0,0,차대차 - 기타,안전운전불이행,습기,비,단일로 - 기타,건설기계,남,53세,상해없음,이륜,남,51세,중상
2012070700100292,2012년 7월 7일 10시,토요일,울산광역시 중구 우정동,중상사고,0,1,1,0,차대차 - 추돌 - 진행중,안전운전불이행,습기,흐림,단일로 - 기타,승용,남,34세,상해없음,승용,남,51세,경상
2012070700100293,2012년 7월 7일 10시,토요일,울산광역시 남구 신정동,중상사고,0,1,0,0,차대사람 - 횡단중,보행자보호의무위반,습기,비,교차로 - 교차로안,승용,여,52세,상해없음,보행자,여,52세,중상
2012070700100294,2012년 7월 7일 10시,토요일,울산광역시 남구 무거동,경상사고,0,0,1,0,차대차 - 기타,차로위반,건조,맑음,단일로 - 기타,승용,남,54세,상해없음,승용,여,37세,경상
2012070700100397,2012년 7월 7일 13시,토요일,울산광역시 중구 성안동,중상사고,0,1,0,0,차대사람 - 횡단중,안전운전불이행,건조,맑음,단일로 - 기타,승용,남,39세,상해없음,보행자,남,13세,중상
2012070700100398,2012년 7월 7일 13시,토요일,울산광역시 남구 신정동,부상신고사고,0,0,0,1,차대차 - 기타,안전거리미확보,건조,맑음,단일로 - 기타,자전거,남,20세,부상신고,승합,여,41세,상해없음
2012070700100478,2012년 7월 7일 15시,토요일,울산광역시 중구 학산동,경상사고,0,0,1,0,차대사람 - 차도통행중,안전운전불이행,건조,맑음,단일로 - 기타,이륜,기타불명,기타불명,기타불명,보행자,남,23세,경상
2012070700100479,2012년 7월 7일 15시,토요일,울산광역시 남구 달동,경상사고,0,0,1,0,차대차 - 측면직각충돌,차로위반,건조,맑음,단일로 - 기타,승용,남,36세,상해없음,이륜,남,16세,경상
2012070700100545,2012년 7월 7일 17시,토요일,울산광역시 북구 효문동,경상사고,0,0,1,0,차량단독 - 기타,안전운전불이행,건조,맑음,교차로 - 교차로안,원동기,남,54세,경상,,,,
2012070700100631,2012년 7월 7일 20시,토요일,울산광역시 남구 신정동,경상사고,0,0,2,0,차대차 - 측면직각충돌,교차로운행방법위반,건조,맑음,교차로 - 교차로안,승용,남,54세,상해없음,승용,여,39세,경상
2012070700100718,2012년 7월 7일 23시,토요일,울산광역시 남구 삼산동,경상사고,0,0,3,0,차대차 - 추돌 - 주정차중,안전운전불이행,건조,맑음,교차로 - 교차로부근,승용,남,33세,상해없음,승용,남,50세,경상
2012070700100719,2012년 7월 7일 23시,토요일,울산광역시 남구 신정동,경상사고,0,0,1,0,차대차 - 기타,신호위반,건조,맑음,단일로 - 기타,이륜,남,33세,경상,승용,여,47세,상해없음
2012070700100720,2012년 7월 7일 23시,토요일,울산광역시 남구 달동,중상사고,0,1,1,0,차대차 - 추돌 - 주정차중,안전운전불이행,건조,맑음,교차로 - 교차로부근,승용,남,24세,상해없음,승용,여,30세,경상
2012070800100056,2012년 7월 8일 01시,일요일,울산광역시 남구 신정동,경상사고,0,0,2,0,차대차 - 기타,교차로운행방법위반,건조,맑음,교차로 - 교차로부근,승용,여,27세,상해없음,승용,남,47세,경상
2012070800100239,2012년 7월 8일 12시,일요일,울산광역시 중구 남외동,중상사고,0,1,0,0,차량단독 - 공작물충돌,안전운전불이행,건조,맑음,단일로 - 기타,승용,남,16세,상해없음,,,,
2012070800100332,2012년 7월 8일 15시,일요일,울산광역시 울주군 상북면,경상사고,0,0,1,0,차대차 - 추돌 - 진행중,안전운전불이행,건조,맑음,단일로 - 기타,승용,남,51세,상해없음,자전거,남,44세,경상
2012070800100388,2012년 7월 8일 17시,일요일,울산광역시 중구 유곡동,경상사고,0,0,1,0,차대차 - 측면직각충돌,안전운전불이행,건조,맑음,단일로 - 기타,자전거,남,48세,경상,승용,남,49세,상해없음
2012070800100389,2012년 7월 8일 17시,일요일,울산광역시 남구 신정동,중상사고,0,1,0,0,차대차 - 정면충돌,중앙선침범,건조,맑음,교차로 - 교차로부근,승용,남,40세,상해없음,이륜,남,32세,중상
2012070800100426,2012년 7월 8일 19시,일요일,울산광역시 울주군 범서읍,경상사고,0,0,1,0,차대차 - 측면직각충돌,안전거리미확보,건조,맑음,단일로 - 기타,승용,남,47세,상해없음,승용,남,52세,경상
2012070800100542,2012년 7월 8일 22시,일요일,울산광역시 남구 신정동,경상사고,0,0,3,0,차대차 - 추돌 - 주정차중,안전거리미확보,건조,맑음,단일로 - 기타,승용,남,29세,상해없음,승용,남,39세,경상
2012070900100042,2012년 7월 9일 05시,월요일,울산광역시 울주군 삼남면,사망사고,1,0,0,0,차량단독 - 공작물충돌,안전운전불이행,건조,맑음,단일로 - 기타,화물,남,42세,상해없음,,,,
2012070900100081,2012년 7월 9일 07시,월요일,울산광역시 울주군 범서읍,부상신고사고,0,0,0,1,차대차 - 측면직각충돌,안전운전불이행,건조,맑음,단일로 - 기타,화물,남,54세,상해없음,승용,남,42세,부상신고
2012070900100148,2012년 7월 9일 09시,월요일,울산광역시 중구 태화동,중상사고,0,1,0,0,차대사람 - 횡단중,안전운전불이행,건조,맑음,단일로 - 기타,승용,남,40세,상해없음,보행자,남,54세,중상
2012070900100172,2012년 7월 9일 10시,월요일,울산광역시 북구 중산동,중상사고,0,2,0,0,차대차 - 측면직각충돌,안전운전불이행,건조,맑음,단일로 - 기타,승용,여,28세,중상,화물,남,55세,상해없음