사고번호,사고일시,요일,시군구,사고내용,사망자수,중상자수,경상자수,부상신고자수,사고유형,법규위반,노면상태,기상상태,도로형태,가해운전자 차종,가해운전자 성별,가해운전자 연령,가해운전자 상해정도,피해운전자 차종,피해운전자 성별,피해운전자 연령,피해운전자 상해정도
2012070900100213,2012년 7월 9일 12시,월요일,울산광역시 남구 달동,중상사고,0,1,0,0,차대사람 - 횡단중,보행자보호의무위반,건조,맑음,교차로 - 교차로부근,승용,남,46세,상해없음,보행자,여,75세,중상
2012070900100214,2012년 7월 9일 12시,월요일,울산광역시 북구 염포동,경상사고,0,0,6,0,차대차 - 추돌 - 주정차중,안전운전불이행,건조,맑음,교차로 - 교차로부근,승용,남,45세,상해없음,승용,남,70세,경상
2012070900100215,2012년 7월 9일 12시,월요일,울산광역시 울주군 언양읍,부상신고사고,0,0,0,1,차량단독 - 공작물충돌,안전운전불이행,건조,맑음,단일로 - 기타,승용,남,28세,부상신고,,,,
2012070900100234,2012년 7월 9일 13시,월요일,울산광역시 남구 무거동,중상사고,0,1,4,0,차대차 - 측면직각충돌,중앙선침범,건조,맑음,교차로 - 교차로부근,승용,여,37세,경상,승용,남,48세,경상
2012070900100320,2012년 7월 9일 15시,월요일,울산광역시 중구 남외동,중상사고,0,1,1,0,차대차 - 추돌 - 진행중,안전운전불이행,건조,맑음,교차로 - 교차로부근,이륜,남,46세,중상,승용,여,40세,경상
2012070900100321,2012년 7월 9일 15시,월요일,울산광역시 동구 방어동,중상사고,0,1,0,0,차대사람 - 기타,안전운전불이행,건조,맑음,교차로 - 교차로부근,건설기계,남,53세,상해없음,보행자,남,58세,중상
2012070900100368,2012년 7월 9일 16시,월요일,울산광역시 중구 남외동,경상사고,0,0,1,0,차대차 - 측면직각충돌,안전거리미확보,건조,맑음,교차로 - 교차로안,자전거,남,75세,경상,승용,남,68세,상해없음
2012070900100403,2012년 7월 9일 17시,월요일,울산광역시 남구 야음동,경상사고,0,0,1,0,차대사람 - 보도통행중,기타,건조,맑음,단일로 - 기타,승용,남,55세,상해없음,보행자,여,39세,경상
2012070900100404,2012년 7월 9일 17시,월요일,울산광역시 남구 상개동,경상사고,0,0,1,0,차대차 - 측면직각충돌,신호위반,건조,맑음,교차로 - 교차로안,화물,남,54세,상해없음,승용,남,51세,경상
2012070900100405,2012년 7월 9일 17시,월요일,울산광역시 남구 달동,중상사고,0,1,0,0,차대차 - 기타,차로위반,건조,흐림,교차로 - 교차로안,승용,남,51세,상해없음,승합,남,50세,중상
2012070900100447,2012년 7월 9일 18시,월요일,울산광역시 동구 화정동,중상사고,0,1,0,0,차대사람 - 차도통행중,안전운전불이행,건조,맑음,단일로 - 기타,승용,여,43세,상해없음,보행자,남,5세,중상
2012070900100448,2012년 7월 9일 18시,월요일,울산광역시 울주군 상북면,경상사고,0,0,2,0,차대차 - 측면직각충돌,교차로운행방법위반,건조,맑음,교차로 - 교차로안,승용,남,50세,상해없음,승용,남,59세,경상
2012070900100477,2012년 7월 9일 19시,월요일,울산광역시 중구 성안동,부상신고사고,0,0,0,1,차대사람 - 기타,안전운전불이행,건조,맑음,단일로 - 기타,승용,여,30세,상해없음,보행자,여,8세,부상신고
2012070900100543,2012년 7월 9일 21시,월요일,울산광역시 남구 삼산동,경상사고,0,0,1,0,차대사람 - 길가장자리구역통행중,안전운전불이행,건조,맑음,기타 - 기타,승용,여,46세,상해없음,보행자,남,27세,경상
2012070900100594,2012년 7월 9일 23시,월요일,울산광역시 동구 일산동,경상사고,0,0,1,0,차대차 - 기타,안전운전불이행,건조,맑음,교차로 - 교차로안,승용,기타불명,기타불명,기타불명,자전거,여,50세,경상
2012071000100101,2012년 7월 10일 07시,화요일,울산광역시 북구 염포동,중상사고,0,1,0,0,차대차 - 기타,교차로운행방법위반,건조,맑음,교차로 - 교차로안,승용,남,64세,상해없음,자전거,남,67세,중상
2012071000100162,2012년 7월 10일 09시,화요일,울산광역시 남구 신정동,중상사고,0,1,0,0,차대사람 - 횡단중,안전운전불이행,건조,맑음,단일로 - 기타,승합,남,55세,상해없음,보행자,여,4세,중상
2012071000100188,2012년 7월 10일 10시,화요일,울산광역시 남구 달동,중상사고,0,1,0,0,차대차 - 기타,안전거리미확보,건조,맑음,단일로 - 기타,승용,여,31세,중상,건설기계,남,49세,상해없음
2012071000100258,2012년 7월 10일 13시,화요일,울산광역시 울주군 온산읍,중상사고,0,1,0,0,차대차 - 기타,안전운전불이행,건조,맑음,단일로 - 기타,특수,남,39세,상해없음,승용,남,25세,중상
2012071000100283,2012년 7월 10일 14시,화요일,울산광역시 중구 학성동,경상사고,0,0,1,0,차대차 - 측면직각충돌,불법유턴,건조,맑음,단일로 - 횡단보도상,자전거,남,69세,경상,승합,남,55세,상해없음
2012071000100356,2012년 7월 10일 16시,화요일,울산광역시 울주군 웅촌면,경상사고,0,0,1,0,차대사람 - 횡단중,안전운전불이행,건조,맑음,단일로 - 기타,승합,남,72세,상해없음,보행자,여,10세,경상
2012071000100361,2012년 7월 10일 17시,화요일,울산광역시 울주군 범서읍,경상사고,0,0,1,0,차대차 - 측면직각충돌,안전거리미확보,건조,맑음,단일로 - 기타,승용,여,39세,상해없음,화물,남,55세,경상
2012071000100442,2012년 7월 10일 18시,화요일,울산광역시 북구 매곡동,중상사고,0,1,0,0,차대차 - 기타,안전운전불이행,건조,맑음,교차로 - 교차로부근,승합,남,58세,상해없음,승용,남,34세,상해없음
2012071000100443,2012년 7월 10일 18시,화요일,울산광역시 동구 전하동,중상사고,0,1,0,0,차대차 - 측면직각충돌,신호위반,건조,흐림,교차로 - 교차로안,승용,남,21세,상해없음,이륜,남,37세,중상
2012071000100566,2012년 7월 10일 21시,화요일,울산광역시 북구 화봉동,중상사고,0,1,0,0,차대차 - 측면직각충돌,신호위반,습기,비,교차로 - 교차로안,승용,남,60세,상해없음,이륜,남,42세,중상
2012071000100567,2012년 7월 10일 21시,화요일,울산광역시 울주군 범서읍,중상사고,0,1,0,1,차대사람 - 횡단중,안전운전불이행,습기,비,교차로 - 교차로안,이륜,남,17세,상해없음,보행자,여,40세,중상
2012071000100612,2012년 7월 10일 22시,화요일,울산광역시 중구 성남동,중상사고,0,2,4,0,차대차 - 측면직각충돌,안전운전불이행,습기,비,미분류 - 미분류,승용,남,54세,상해없음,승용,남,35세,중상
2012071000100613,2012년 7월 10일 22시,화요일,울산광역시 중구 태화동,중상사고,0,1,1,0,차대차 - 측면직각충돌,안전거리미확보,습기,비,단일로 - 기타,승용,여,36세,상해없음,승용,남,46세,중상
2012071000100614,2012년 7월 10일 22시,화요일,울산광역시 남구 선암동,중상사고,0,1,1,0,차대차 - 추돌 - 진행중,안전운전불이행,습기,비,단일로 - 기타,승용,남,53세,상해없음,화물,남,21세,중상
2012071000100656,2012년 7월 10일 23시,화요일,울산광역시 북구 염포동,중상사고,0,1,0,0,차대차 - 추돌 - 주정차중,안전운전불이행,습기,비,단일로 - 기타,승용,여,35세,상해없음,승용,남,43세,중상
2012071000100657,2012년 7월 10일 23시,화요일,울산광역시 울주군 청량면,경상사고,0,0,1,0,차량단독 - 공작물충돌,안전운전불이행,습기,흐림,단일로 - 교량,승용,남,52세,경상,,,,
2012071100100150,2012년 7월 11일 06시,수요일,울산광역시 남구 삼산동,경상사고,0,0,1,0,차대차 - 측면직각충돌,교차로운행방법위반,건조,맑음,교차로 - 교차로안,화물,남,42세,상해없음,승용,남,56세,경상
2012071100100174,2012년 7월 11일 07시,수요일,울산광역시 북구 송정동,중상사고,0,1,1,0,차대차 - 측면직각충돌,안전거리미확보,습기,비,단일로 - 기타,승용,남,55세,상해없음,승용,남,44세,중상
2012071100100175,2012년 7월 11일 07시,수요일,울산광역시 남구 신정동,경상사고,0,0,1,0,차대차 - 측면직각충돌,신호위반,습기,비,교차로 - 교차로부근,승용,여,53세,상해없음,승용,남,38세,경상
2012071100100189,2012년 7월 11일 08시,수요일,울산광역시 울주군 청량면,사망사고,1,0,0,0,차량단독 - 공작물충돌,안전운전불이행,습기,비,단일로 - 기타,승용,남,33세,사망,,,,
2012071100100190,2012년 7월 11일 08시,수요일,울산광역시 울주군 삼남면,경상사고,0,0,2,0,차대차 - 측면직각충돌,안전운전불이행,습기,비,단일로 - 기타,승용,여,41세,상해없음,승용,남,49세,경상
2012071100100212,2012년 7월 11일 08시,수요일,울산광역시 북구 진장동,중상사고,0,1,0,0,차대차 - 기타,교차로운행방법위반,습기,비,교차로 - 교차로안,승용,여,33세,상해없음,원동기,남,45세,중상
2012071100100325,2012년 7월 11일 13시,수요일,울산광역시 울주군 온산읍,경상사고,0,0,1,0,차대차 - 추돌 - 진행중,안전운전불이행,습기,비,단일로 - 기타,승용,남,43세,상해없음,승용,남,28세,경상
2012071100100386,2012년 7월 11일 15시,수요일,울산광역시 남구 야음동,경상사고,0,0,1,0,차대사람 - 기타,안전운전불이행,건조,맑음,교차로 - 교차로부근,승용,여,54세,상해없음,보행자,남,7세,경상
2012071100100403,2012년 7월 11일 16시,수요일,울산광역시 남구 신정동,중상사고,0,1,0,0,차대차 - 측면직각충돌,차로위반,습기,비,단일로 - 기타,승용,남,55세,상해없음,승용,여,34세,중상
2012071100100404,2012년 7월 11일 16시,수요일,울산광역시 남구 야음동,중상사고,0,2,0,0,차대차 - 측면직각충돌,신호위반,습기,비,교차로 - 교차로안,승용,여,49세,중상,승용,남,51세,중상
2012071100100405,2012년 7월 11일 16시,수요일,울산광역시 울주군 온산읍,부상신고사고,0,0,0,2,차대차 - 추돌 - 진행중,교차로운행방법위반,습기,비,교차로 - 교차로안,승용,남,31세,부상신고,화물,남,25세,부상신고
2012071100100442,2012년 7월 11일 17시,수요일,울산광역시 남구 삼산동,중상사고,0,1,0,0,차대차 - 기타,안전운전불이행,건조,맑음,단일로 - 기타,승용,남,56세,상해없음,화물,남,64세,중상
2012071100100483,2012년 7월 11일 18시,수요일,울산광역시 남구 무거동,경상사고,0,0,1,0,차대사람 - 기타,안전운전불이행,습기,흐림,단일로 - 기타,화물,남,47세,상해없음,보행자,남,37세,경상
2012071100100521,2012년 7월 11일 19시,수요일,울산광역시 남구 달동,경상사고,0,0,1,0,차량단독 - 기타,기타,습기,비,단일로 - 기타,승합,남,48세,상해없음,,,,
2012071100100551,2012년 7월 11일 20시,수요일,울산광역시 북구 명촌동,중상사고,0,1,0,0,차대사람 - 횡단중,보행자보호의무위반,습기,안개,단일로 - 횡단보도상,화물,남,24세,상해없음,보행자,여,9세,중상
2012071100100552,2012년 7월 11일 20시,수요일,울산광역시 남구 옥동,중상사고,0,1,0,0,차대차 - 측면직각충돌,중앙선침범,습기,비,교차로 - 교차로부근,승용,여,37세,상해없음,원동기,남,19세,중상
2012071100100553,2012년 7월 11일 20시,수요일,울산광역시 울주군 청량면,중상사고,0,1,1,0,차대차 - 기타,안전운전불이행,습기,비,교차로 - 교차로부근,승용,남,17세,상해없음,화물,남,41세,상해없음
2012071100100578,2012년 7월 11일 21시,수요일,울산광역시 남구 달동,경상사고,0,0,1,0,차대차 - 기타,안전운전불이행,습기,흐림,교차로 - 교차로부근,승용,여,41세,상해없음,이륜,남,41세,경상
2012071100100579,2012년 7월 11일 21시,수요일,울산광역시 울주군 삼남면,중상사고,0,1,3,0,차대차 - 추돌 - 진행중,안전거리미확보,습기,비,교차로 - 교차로안,승용,남,37세,상해없음,승용,남,39세,경상
2012071100100625,2012년 7월 11일 22시,수요일,울산광역시 동구 방어동,경상사고,0,0,2,0,차대차 - 추돌 - 주정차중,안전거리미확보,습기,맑음,단일로 - 기타,승용,여,46세,상해없음,승용,여,26세,경상
2012071100100652,2012년 7월 11일 23시,수요일,울산광역시 남구 옥동,중상사고,0,1,0,0,차대차 - 추돌 - 주정차중,안전운전불이행,건조,흐림,단일로 - 기타,승용,남,46세,상해없음,승용,남,41세,중상
2012071100100653,2012년 7월 11일 23시,수요일,울산광역시 남구 삼산동,경상사고,0,0,1,0,차대차 - 측면직각충돌,중앙선침범,습기,비,교차로 - 교차로부근,승합,남,54세,상해없음,승용,남,56세,상해없음
2012071200100025,2012년 7월 12일 00시,목요일,울산광역시 북구 명촌동,경상사고,0,0,2,0,차대차 - 추돌 - 주정차중,안전운전불이행,건조,맑음,단일로 - 기타,승용,남,39세,상해없음,화물,남,32세,경상
2012071200100064,2012년 7월 12일 03시,목요일,울산광역시 남구 무거동,경상사고,0,0,3,0,차대차 - 추돌 - 주정차중,안전운전불이행,습기,비,교차로 - 교차로부근,승용,남,62세,상해없음,화물,남,37세,경상
2012071200100099,2012년 7월 12일 06시,목요일,울산광역시 동구 방어동,경상사고,0,0,1,0,차대차 - 측면직각충돌,안전운전불이행,건조,맑음,단일로 - 기타,화물,남,34세,상해없음,자전거,남,31세,경상
2012071200100100,2012년 7월 12일 06시,목요일,울산광역시 북구 염포동,중상사고,0,1,0,0,차대차 - 기타,안전운전불이행,건조,흐림,교차로 - 교차로부근,이륜,남,42세,중상,화물,미분류,기타불명,기타불명
2012071200100124,2012년 7월 12일 07시,목요일,울산광역시 남구 삼산동,중상사고,0,1,0,0,차량단독 - 기타,안전운전불이행,건조,맑음,단일로 - 교량,승용,남,24세,상해없음,,,,
2012071200100306,2012년 7월 12일 14시,목요일,울산광역시 남구 달동,경상사고,0,0,1,0,차대차 - 추돌 - 주정차중,안전운전불이행,건조,맑음,교차로 - 교차로부근,화물,남,23세,상해없음,승용,남,42세,경상
2012071200100552,2012년 7월 12일 21시,목요일,울산광역시 중구 반구동,경상사고,0,0,1,0,차대차 - 기타,안전거리미확보,건조,맑음,단일로 - 기타,승용,남,55세,상해없음,원동기,남,19세,경상
2012071200100553,2012년 7월 12일 21시,목요일,울산광역시 남구 야음동,경상사고,0,0,1,0,차대사람 - 횡단중,안전운전불이행,건조,맑음,단일로 - 기타,이륜,기타불명,기타불명,기타불명,보행자,남,12세,경상
2012071200100554,2012년 7월 12일 21시,목요일,울산광역시 남구 달동,경상사고,0,0,4,0,차대차 - 측면직각충돌,안전거리미확보,건조,맑음,단일로 - 기타,승용,여,38세,상해없음,승용,남,31세,경상
2012071200100555,2012년 7월 12일 21시,목요일,울산광역시 울주군 온산읍,중상사고,0,2,0,0,차대차 - 추돌 - 진행중,교차로운행방법위반,건조,맑음,교차로 - 교차로안,승용,남,30세,상해없음,원동기,남,16세,중상
2012071300100093,2012년 7월 13일 04시,금요일,울산광역시 남구 달동,중상사고,0,1,0,0,차대사람 - 기타,안전운전불이행,습기,비,교차로 - 교차로부근,승용,여,27세,상해없음,보행자,남,71세,중상
2012071300100118,2012년 7월 13일 06시,금요일,울산광역시 동구 전하동,경상사고,0,0,1,0,차대차 - 측면직각충돌,교차로운행방법위반,습기,비,교차로 - 교차로안,승용,여,43세,상해없음,이륜,남,57세,경상
2012071300100179,2012년 7월 13일 08시,금요일,울산광역시 남구 달동,경상사고,0,0,1,0,차대사람 - 기타,안전운전불이행,건조,맑음,단일로 - 기타,승용,여,42세,상해없음,보행자,여,7세,경상
2012071300100225,2012년 7월 13일 10시,금요일,울산광역시 동구 전하동,경상사고,0,0,1,0,차대차 - 측면직각충돌,교차로운행방법위반,건조,맑음,교차로 - 교차로안,승용,남,61세,상해없음,이륜,남,38세,경상
2012071300100340,2012년 7월 13일 15시,금요일,울산광역시 북구 명촌동,경상사고,0,0,1,0,차대차 - 측면직각충돌,안전운전불이행,건조,맑음,단일로 - 기타,승용,남,51세,상해없음,자전거,남,16세,경상
2012071300100341,2012년 7월 13일 15시,금요일,울산광역시 중구 약사동,경상사고,0,0,2,0,차대차 - 측면직각충돌,직진우회전진행방해,건조,맑음,교차로 - 교차로안,승용,남,68세,경상,승용,남,40세,경상
2012071300100342,2012년 7월 13일 15시,금요일,울산광역시 동구 방어동,중상사고,0,1,0,0,차대차 - 정면충돌,중앙선침범,건조,맑음,단일로 - 기타,승용,남,64세,상해없음,승합,남,46세,중상
2012071300100343,2012년 7월 13일 15시,금요일,울산광역시 북구 양정동,중상사고,0,1,0,0,차대차 - 측면직각충돌,차로위반,건조,맑음,단일로 - 기타,특수,남,52세,상해없음,이륜,남,46세,중상
2012071300100548,2012년 7월 13일 20시,금요일,울산광역시 남구 무거동,중상사고,0,1,1,0,차대차 - 측면직각충돌,신호위반,습기,흐림,교차로 - 교차로안,승용,여,44세,상해없음,승용,남,57세,중상
2012071300100586,2012년 7월 13일 21시,금요일,울산광역시 남구 신정동,중상사고,0,1,0,0,차대차 - 측면직각충돌,안전운전불이행,건조,맑음,교차로 - 교차로부근,승용,여,44세,상해없음,승용,남,42세,중상
2012071300100587,2012년 7월 13일 21시,금요일,울산광역시 동구 일산동,경상사고,0,0,1,0,차대사람 - 기타,안전운전불이행,습기,비,단일로 - 기타,승용,여,28세,상해없음,보행자,남,32세,경상
2012071300100630,2012년 7월 13일 22시,금요일,울산광역시 중구 반구동,경상사고,0,0,2,0,차대차 - 측면직각충돌,불법유턴,습기,비,교차로 - 교차로안,승용,남,34세,상해없음,승용,남,53세,경상
2012071300100631,2012년 7월 13일 22시,금요일,울산광역시 북구 천곡동,중상사고,0,1,1,0,차대차 - 측면직각충돌,안전운전불이행,건조,맑음,단일로 - 기타,승용,남,45세,상해없음,승용,남,51세,중상
2012071400100024,2012년 7월 14일 00시,토요일,울산광역시 중구 반구동,경상사고,0,0,1,0,차대차 - 추돌 - 진행중,안전운전불이행,습기,비,단일로 - 교량,승용,남,39세,상해없음,화물,남,36세,경상
2012071400100054,2012년 7월 14일 01시,토요일,울산광역시 북구 호계동,경상사고,0,0,1,0,차대사람 - 기타,안전운전불이행,습기,흐림,교차로 - 교차로부근,승용,남,52세,상해없음,보행자,남,24세,경상
2012071400100055,2012년 7월 14일 01시,토요일,울산광역시 중구 반구동,중상사고,0,1,0,0,차대차 - 추돌 - 진행중,안전거리미확보,건조,흐림,단일로 - 기타,원동기,남,43세,중상,승용,남,51세,상해없음
2012071400100166,2012년 7월 14일 07시,토요일,울산광역시 남구 신정동,중상사고,0,3,3,0,차대차 - 정면충돌,중앙선침범,건조,맑음,단일로 - 기타,승용,남,28세,상해없음,승용,남,43세,중상
2012071400100167,2012년 7월 14일 07시,토요일,울산광역시 남구 신정동,중상사고,0,2,1,0,차대차 - 측면직각충돌,안전운전불이행,건조,흐림,단일로 - 기타,승용,남,25세,중상,이륜,남,39세,중상
2012071400100205,2012년 7월 14일 09시,토요일,울산광역시 울주군 웅촌면,경상사고,0,0,1,0,차대차 - 정면충돌,안전운전불이행,건조,흐림,단일로 - 기타,승용,여,52세,상해없음,원동기,여,51세,경상
2012071400100223,2012년 7월 14일 10시,토요일,울산광역시 동구 일산동,경상사고,0,0,1,0,차대차 - 기타,안전거리미확보,건조,맑음,단일로 - 기타,승합,남,65세,상해없음,승용,남,68세,상해없음
2012071400100255,2012년 7월 14일 11시,토요일,울산광역시 남구 무거동,중상사고,0,1,0,0,차대차 - 측면직각충돌,차로위반,건조,맑음,교차로 - 교차로부근,승용,여,29세,상해없음,이륜,남,48세,중상
2012071400100286,2012년 7월 14일 12시,토요일,울산광역시 울주군 온산읍,경상사고,0,0,1,0,차대사람 - 횡단중,안전운전불이행,건조,흐림,단일로 - 기타,승용,남,29세,상해없음,보행자,남,8세,경상
2012071400100393,2012년 7월 14일 15시,토요일,울산광역시 울주군 범서읍,경상사고,0,0,1,0,차대차 - 기타,안전운전불이행,습기,비,단일로 - 기타,승합,남,44세,상해없음,원동기,여,58세,경상
2012071400100473,2012년 7월 14일 17시,토요일,울산광역시 동구 서부동,중상사고,0,1,0,0,차대사람 - 기타,신호위반,건조,맑음,교차로 - 교차로안,승용,여,49세,상해없음,보행자,여,57세,중상
2012071400100484,2012년 7월 14일 18시,토요일,울산광역시 울주군 온양읍,중상사고,0,1,0,0,차대차 - 측면직각충돌,안전운전불이행,습기,비,단일로 - 기타,승용,남,22세,상해없음,승용,여,45세,상해없음
2012071400100526,2012년 7월 14일 18시,토요일,울산광역시 북구 염포동,중상사고,0,4,1,0,차대차 - 추돌 - 진행중,안전운전불이행,습기,비,단일로 - 기타,화물,남,22세,상해없음,승용,남,29세,경상
2012071400100561,2012년 7월 14일 19시,토요일,울산광역시 중구 태화동,부상신고사고,0,0,0,1,차대차 - 추돌 - 주정차중,안전운전불이행,습기,비,단일로 - 기타,이륜,남,57세,부상신고,승용,여,34세,상해없음
2012071400100562,2012년 7월 14일 19시,토요일,울산광역시 남구 신정동,중상사고,0,1,0,0,차대사람 - 횡단중,보행자보호의무위반,습기,비,교차로 - 교차로부근,승용,남,44세,상해없음,보행자,여,33세,중상
2012071400100613,2012년 7월 14일 20시,토요일,울산광역시 중구 학성동,중상사고,0,1,0,0,차대차 - 추돌 - 주정차중,안전운전불이행,습기,비,교차로 - 교차로부근,이륜,남,36세,중상,승용,남,55세,상해없음
2012071400100614,2012년 7월 14일 20시,토요일,울산광역시 중구 성안동,경상사고,0,0,3,0,차대차 - 측면직각충돌,교차로운행방법위반,습기,비,교차로 - 교차로안,승용,여,39세,경상,승용,남,33세,경상
2012071400100672,2012년 7월 14일 21시,토요일,울산광역시 남구 야음동,중상사고,0,1,0,0,차대사람 - 횡단중,안전운전불이행,습기,비,단일로 - 횡단보도부근,승용,여,64세,상해없음,보행자,남,44세,중상
2012071400100727,2012년 7월 14일 22시,토요일,울산광역시 남구 야음동,경상사고,0,0,2,0,차대차 - 추돌 - 진행중,안전운전불이행,습기,비,단일로 - 기타,승용,남,42세,상해없음,승용,남,34세,경상
2012071500100049,2012년 7월 15일 00시,일요일,울산광역시 중구 복산동,경상사고,0,0,1,0,차대차 - 추돌 - 주정차중,안전운전불이행,습기,비,교차로 - 교차로부근,승용,남,48세,상해없음,승용,남,21세,경상
2012071500100076,2012년 7월 15일 01시,일요일,울산광역시 남구 신정동,경상사고,0,0,1,0,차대차 - 추돌 - 진행중,차로위반,습기,비,교차로 - 교차로안,승용,남,47세,상해없음,승용,남,34세,경상
2012071500100077,2012년 7월 15일 01시,일요일,울산광역시 남구 삼산동,중상사고,0,1,1,0,차대차 - 추돌 - 주정차중,안전운전불이행,습기,맑음,단일로 - 기타,승용,남,30세,상해없음,승용,남,45세,중상
2012071500100134,2012년 7월 15일 03시,일요일,울산광역시 중구 우정동,중상사고,0,1,0,0,차대사람 - 기타,안전운전불이행,습기,비,단일로 - 기타,승용,남,30세,상해없음,보행자,남,49세,중상
2012071500100135,2012년 7월 15일 03시,일요일,울산광역시 남구 옥동,경상사고,0,0,2,0,차대차 - 추돌 - 주정차중,안전운전불이행,습기,비,교차로 - 교차로부근,승용,남,45세,상해없음,승용,여,26세,경상
2012071500100178,2012년 7월 15일 05시,일요일,울산광역시 울주군 온산읍,중상사고,0,1,0,0,차량단독 - 기타,안전운전불이행,습기,비,단일로 - 기타,승용,남,34세,중상,,,,
2012071500100194,2012년 7월 15일 06시,일요일,울산광역시 북구 연암동,중상사고,0,1,1,0,차대차 - 측면직각충돌,안전운전불이행,습기,비,교차로 - 교차로부근,승용,남,59세,상해없음,화물,남,63세,경상
2012071500100195,2012년 7월 15일 06시,일요일,울산광역시 동구 서부동,중상사고,0,1,1,0,차대차 - 추돌 - 진행중,안전운전불이행,습기,비,단일로 - 기타,승용,남,23세,기타불명,승용,남,30세,경상
2012071500100297,2012년 7월 15일 12시,일요일,울산광역시 남구 야음동,중상사고,0,1,2,0,차대차 - 측면직각충돌,안전운전불이행,습기,비,교차로 - 교차로안,승용,남,22세,상해없음,승용,남,31세,중상
2012071500100298,2012년 7월 15일 12시,일요일,울산광역시 울주군 웅촌면,중상사고,0,2,2,0,차대차 - 추돌 - 주정차중,안전거리미확보,습기,비,교차로 - 교차로부근,화물,남,45세,상해없음,승용,남,46세,중상
2012071500100437,2012년 7월 15일 17시,일요일,울산광역시 북구 호계동,중상사고,0,2,0,0,차대차 - 측면직각충돌,차로위반,건조,맑음,단일로 - 기타,승용,여,47세,상해없음,이륜,남,39세,중상
2012071500100473,2012년 7월 15일 18시,일요일,울산광역시 울주군 온산읍,경상사고,0,0,2,0,차대차 - 기타,교차로운행방법위반,습기,비,교차로 - 교차로안,승합,남,62세,상해없음,승용,남,41세,경상
2012071500100499,2012년 7월 15일 19시,일요일,울산광역시 남구 야음동,중상사고,0,2,0,0,차대차 - 기타,안전운전불이행,습기,비,교차로 - 교차로부근,승합,남,34세,상해없음,승용,남,27세,중상
2012071600100019,2012년 7월 16일 00시,월요일,울산광역시 남구 여천동,중상사고,0,1,0,0,차량단독 - 공작물충돌,안전운전불이행,건조,맑음,교차로 - 교차로부근,승용,남,22세,중상,,,,
2012071600100137,2012년 7월 16일 08시,월요일,울산광역시 동구 동부동,경상사고,0,0,1,0,차대사람 - 기타,안전운전불이행,건조,흐림,단일로 - 기타,승용,여,52세,기타불명,보행자,여,28세,경상
2012071600100223,2012년 7월 16일 11시,월요일,울산광역시 남구 달동,경상사고,0,0,1,0,차대차 - 측면직각충돌,안전운전불이행,건조,맑음,교차로 - 교차로안,승용,남,25세,상해없음,화물,남,46세,경상
2012071600100253,2012년 7월 16일 12시,월요일,울산광역시 중구 반구동,경상사고,0,0,1,0,차대차 - 측면직각충돌,안전운전불이행,건조,맑음,교차로 - 교차로부근,화물,남,26세,상해없음,자전거,남,55세,경상
2012071600100298,2012년 7월 16일 14시,월요일,울산광역시 중구 남외동,경상사고,0,0,1,0,차대차 - 측면직각충돌,안전운전불이행,건조,맑음,교차로 - 교차로부근,이륜,남,21세,경상,승용,남,26세,상해없음
2012071600100299,2012년 7월 16일 14시,월요일,울산광역시 동구 방어동,중상사고,0,3,0,0,차대차 - 기타,중앙선침범,건조,맑음,단일로 - 기타,화물,남,62세,상해없음,화물,남,53세,중상
2012071600100331,2012년 7월 16일 15시,월요일,울산광역시 중구 학성동,사망사고,1,0,0,0,차량단독 - 공작물충돌,기타,건조,맑음,교차로 - 교차로부근,승합,남,63세,사망,,,,
2012071600100361,2012년 7월 16일 16시,월요일,울산광역시 남구 삼산동,경상사고,0,0,1,0,차대사람 - 기타,안전운전불이행,건조,맑음,단일로 - 기타,승용,여,47세,상해없음,보행자,여,58세,경상
2012071600100432,2012년 7월 16일 18시,월요일,울산광역시 동구 서부동,경상사고,0,0,1,0,차대차 - 추돌 - 진행중,안전운전불이행,건조,맑음,교차로 - 교차로안,이륜,남,16세,상해없음,승용,남,29세,상해없음
2012071600100433,2012년 7월 16일 18시,월요일,울산광역시 울주군 언양읍,경상사고,0,0,1,0,차대차 - 기타,안전운전불이행,건조,맑음,교차로 - 교차로부근,승용,여,31세,상해없음,자전거,남,10세,경상
2012071600100497,2012년 7월 16일 20시,월요일,울산광역시 중구 성남동,경상사고,0,0,1,0,차대차 - 측면직각충돌,교차로운행방법위반,건조,맑음,교차로 - 교차로안,승용,남,29세,상해없음,이륜,남,21세,경상
2012071600100559,2012년 7월 16일 22시,월요일,울산광역시 동구 전하동,중상사고,0,1,0,0,차대차 - 추돌 - 주정차중,안전운전불이행,건조,흐림,단일로 - 기타,자전거,남,14세,중상,승합,남,39세,상해없음
2012071600100583,2012년 7월 16일 23시,월요일,울산광역시 중구 태화동,경상사고,0,0,1,0,차대차 - 측면직각충돌,안전운전불이행,습기,흐림,교차로 - 교차로부근,승용,남,51세,상해없음,자전거,남,58세,경상