사고번호,사고일시,요일,시군구,사고내용,사망자수,중상자수,경상자수,부상신고자수,사고유형,법규위반,노면상태,기상상태,도로형태,가해운전자 차종,가해운전자 성별,가해운전자 연령,가해운전자 상해정도,피해운전자 차종,피해운전자 성별,피해운전자 연령,피해운전자 상해정도
2012071700100044,2012년 7월 17일 01시,화요일,울산광역시 남구 야음동,중상사고,0,1,0,0,차대사람 - 횡단중,보행자보호의무위반,건조,맑음,교차로 - 교차로안,승용,남,30세,상해없음,보행자,남,17세,중상
2012071700100083,2012년 7월 17일 05시,화요일,울산광역시 남구 삼산동,중상사고,0,1,1,0,차대차 - 추돌 - 진행중,안전운전불이행,건조,맑음,단일로 - 기타,승용,남,28세,중상,승용,남,27세,경상
2012071700100088,2012년 7월 17일 06시,화요일,울산광역시 남구 달동,경상사고,0,0,2,0,차대차 - 추돌 - 주정차중,안전운전불이행,건조,맑음,교차로 - 교차로부근,승용,남,35세,상해없음,승용,남,57세,경상
2012071700100106,2012년 7월 17일 07시,화요일,울산광역시 북구 효문동,중상사고,0,2,0,0,차대차 - 측면직각충돌,안전운전불이행,건조,맑음,교차로 - 교차로안,승용,남,39세,상해없음,승용,남,73세,중상
2012071700100262,2012년 7월 17일 14시,화요일,울산광역시 북구 명촌동,중상사고,0,1,0,0,차대사람 - 기타,안전운전불이행,습기,흐림,단일로 - 기타,승용,남,41세,상해없음,보행자,남,28세,중상
2012071700100263,2012년 7월 17일 14시,화요일,울산광역시 남구 삼산동,경상사고,0,0,1,0,차대차 - 추돌 - 주정차중,안전운전불이행,건조,맑음,교차로 - 교차로부근,승용,남,67세,상해없음,승용,남,41세,경상
2012071700100364,2012년 7월 17일 17시,화요일,울산광역시 울주군 범서읍,경상사고,0,0,1,0,차대차 - 추돌 - 주정차중,안전거리미확보,건조,맑음,단일로 - 기타,승용,남,58세,상해없음,승용,여,52세,경상
2012071700100494,2012년 7월 17일 21시,화요일,울산광역시 중구 태화동,중상사고,0,1,0,0,차대차 - 측면직각충돌,교차로운행방법위반,건조,맑음,교차로 - 교차로안,승용,남,68세,상해없음,원동기,남,20세,중상
2012071800100110,2012년 7월 18일 07시,수요일,울산광역시 북구 화봉동,경상사고,0,0,1,0,차대차 - 기타,안전거리미확보,건조,맑음,단일로 - 기타,승용,남,49세,상해없음,화물,남,25세,상해없음
2012071800100150,2012년 7월 18일 08시,수요일,울산광역시 북구 염포동,경상사고,0,0,1,0,차대차 - 기타,안전거리미확보,건조,맑음,단일로 - 기타,승용,남,35세,상해없음,승용,남,32세,경상
2012071800100151,2012년 7월 18일 08시,수요일,울산광역시 울주군 상북면,사망사고,1,0,0,0,차대사람 - 횡단중,안전운전불이행,건조,흐림,교차로 - 교차로부근,화물,남,38세,상해없음,보행자,남,95세,사망
2012071800100299,2012년 7월 18일 13시,수요일,울산광역시 중구 남외동,중상사고,0,2,0,0,차대차 - 측면직각충돌,안전거리미확보,건조,맑음,교차로 - 교차로안,승용,남,49세,상해없음,이륜,남,17세,중상
2012071800100370,2012년 7월 18일 15시,수요일,울산광역시 남구 야음동,중상사고,0,1,0,0,차대차 - 추돌 - 진행중,안전운전불이행,건조,흐림,교차로 - 교차로부근,이륜,남,54세,중상,승용,남,55세,상해없음
2012071800100413,2012년 7월 18일 16시,수요일,울산광역시 울주군 삼남면,경상사고,0,0,2,0,차대차 - 기타,안전운전불이행,건조,흐림,단일로 - 기타,승용,남,54세,상해없음,승용,남,31세,경상
2012071800100447,2012년 7월 18일 17시,수요일,울산광역시 동구 방어동,중상사고,0,1,0,0,차대차 - 측면직각충돌,신호위반,건조,맑음,교차로 - 교차로안,이륜,남,31세,중상,승용,남,30세,상해없음
2012071800100567,2012년 7월 18일 20시,수요일,울산광역시 북구 연암동,경상사고,0,0,1,0,차대사람 - 횡단중,안전운전불이행,습기,비,단일로 - 기타,승용,남,36세,상해없음,보행자,여,15세,경상
2012071800100666,2012년 7월 18일 22시,수요일,울산광역시 남구 신정동,중상사고,0,1,0,0,차대사람 - 차도통행중,안전운전불이행,습기,비,단일로 - 기타,승용,여,31세,상해없음,보행자,여,58세,중상
2012071900100026,2012년 7월 19일 00시,목요일,울산광역시 울주군 언양읍,경상사고,0,0,1,0,차대차 - 측면직각충돌,신호위반,습기,비,교차로 - 교차로안,승용,남,41세,상해없음,승용,남,44세,상해없음
2012071900100040,2012년 7월 19일 01시,목요일,울산광역시 중구 성남동,경상사고,0,0,3,0,차대차 - 측면직각충돌,중앙선침범,습기,비,단일로 - 기타,승용,남,21세,기타불명,승용,남,48세,경상
2012071900100115,2012년 7월 19일 06시,목요일,울산광역시 울주군 웅촌면,경상사고,0,0,3,0,차대차 - 정면충돌,중앙선침범,습기,비,단일로 - 기타,승용,남,34세,경상,승용,미분류,기타불명,기타불명
2012071900100116,2012년 7월 19일 06시,목요일,울산광역시 울주군 상북면,중상사고,0,1,0,0,차대차 - 기타,중앙선침범,습기,비,단일로 - 기타,승용,남,43세,상해없음,승용,남,32세,중상
2012071900100179,2012년 7월 19일 08시,목요일,울산광역시 울주군 온산읍,중상사고,0,1,1,1,차대차 - 정면충돌,중앙선침범,습기,흐림,단일로 - 기타,승용,남,21세,부상신고,화물,남,72세,경상
2012071900100205,2012년 7월 19일 09시,목요일,울산광역시 울주군 온산읍,경상사고,0,0,2,0,차대차 - 측면직각충돌,중앙선침범,건조,흐림,단일로 - 기타,승용,남,43세,기타불명,화물,남,50세,상해없음
2012071900100223,2012년 7월 19일 10시,목요일,울산광역시 남구 야음동,경상사고,0,0,2,0,차대차 - 추돌 - 진행중,안전운전불이행,건조,맑음,단일로 - 기타,승용,남,36세,상해없음,승용,여,48세,경상
2012071900100270,2012년 7월 19일 12시,목요일,울산광역시 동구 방어동,부상신고사고,0,0,0,1,차대차 - 측면직각충돌,신호위반,건조,맑음,교차로 - 교차로안,승용,남,24세,상해없음,승용,남,33세,상해없음
2012071900100328,2012년 7월 19일 14시,목요일,울산광역시 중구 태화동,경상사고,0,0,2,0,차대차 - 추돌 - 진행중,안전거리미확보,건조,맑음,교차로 - 교차로안,승용,남,52세,상해없음,승용,남,63세,경상
2012071900100351,2012년 7월 19일 15시,목요일,울산광역시 남구 달동,경상사고,0,0,1,0,차대사람 - 횡단중,보행자보호의무위반,건조,맑음,교차로 - 교차로안,승용,여,34세,상해없음,보행자,여,15세,경상
2012071900100387,2012년 7월 19일 16시,목요일,울산광역시 북구 효문동,중상사고,0,2,0,0,차대차 - 측면직각충돌,차로위반,건조,맑음,단일로 - 기타,승용,남,42세,중상,화물,남,25세,중상
2012071900100422,2012년 7월 19일 17시,목요일,울산광역시 남구 여천동,중상사고,0,1,0,0,차대차 - 기타,신호위반,건조,맑음,교차로 - 교차로안,승용,남,58세,상해없음,이륜,남,28세,중상
2012071900100457,2012년 7월 19일 18시,목요일,울산광역시 남구 달동,부상신고사고,0,0,0,1,차대차 - 정면충돌,안전운전불이행,건조,맑음,교차로 - 교차로안,승용,여,32세,상해없음,원동기,남,15세,부상신고
2012071900100510,2012년 7월 19일 20시,목요일,울산광역시 중구 성남동,부상신고사고,0,0,0,1,차대사람 - 기타,안전운전불이행,건조,흐림,단일로 - 기타,승용,기타불명,기타불명,기타불명,보행자,남,51세,부상신고
2012071900100511,2012년 7월 19일 20시,목요일,울산광역시 북구 효문동,경상사고,0,0,4,0,차대차 - 추돌 - 진행중,안전운전불이행,건조,맑음,단일로 - 기타,승용,남,46세,상해없음,승용,남,27세,경상
2012071900100512,2012년 7월 19일 20시,목요일,울산광역시 남구 달동,중상사고,0,2,0,0,차대차 - 추돌 - 진행중,안전운전불이행,건조,맑음,단일로 - 기타,승용,남,38세,상해없음,승용,남,65세,중상
2012071900100541,2012년 7월 19일 21시,목요일,울산광역시 중구 반구동,중상사고,0,1,0,0,차대차 - 측면직각충돌,중앙선침범,건조,맑음,단일로 - 기타,승용,남,66세,상해없음,이륜,남,17세,중상
2012071900100561,2012년 7월 19일 22시,목요일,울산광역시 남구 삼산동,경상사고,0,0,1,0,차대차 - 추돌 - 주정차중,안전운전불이행,건조,맑음,단일로 - 기타,승용,남,29세,상해없음,승용,남,47세,경상
2012071900100592,2012년 7월 19일 23시,목요일,울산광역시 북구 양정동,경상사고,0,0,3,0,차대차 - 기타,안전거리미확보,건조,맑음,단일로 - 기타,승용,남,28세,상해없음,승용,남,40세,경상
2012072000100055,2012년 7월 20일 01시,금요일,울산광역시 남구 삼산동,중상사고,0,1,1,0,차대차 - 측면직각충돌,신호위반,건조,맑음,교차로 - 교차로안,승용,남,39세,상해없음,승용,남,40세,중상
2012072000100056,2012년 7월 20일 01시,금요일,울산광역시 동구 일산동,경상사고,0,0,1,0,차대차 - 정면충돌,중앙선침범,건조,맑음,단일로 - 기타,승용,여,55세,상해없음,이륜,남,24세,경상
2012072000100123,2012년 7월 20일 06시,금요일,울산광역시 남구 야음동,중상사고,0,1,0,0,차대차 - 측면직각충돌,교차로운행방법위반,건조,맑음,교차로 - 교차로안,승용,남,60세,상해없음,승합,남,40세,중상
2012072000100147,2012년 7월 20일 07시,금요일,울산광역시 울주군 온산읍,중상사고,0,1,2,0,차대차 - 측면직각충돌,신호위반,건조,맑음,교차로 - 교차로안,승용,남,24세,경상,승용,남,42세,경상
2012072000100176,2012년 7월 20일 08시,금요일,울산광역시 남구 삼산동,경상사고,0,0,1,0,차대차 - 정면충돌,안전운전불이행,건조,맑음,단일로 - 기타,승용,기타불명,기타불명,기타불명,승용,여,38세,경상
2012072000100209,2012년 7월 20일 09시,금요일,울산광역시 울주군 온산읍,경상사고,0,0,1,0,차대차 - 추돌 - 주정차중,안전운전불이행,건조,맑음,단일로 - 기타,승용,남,61세,상해없음,승용,남,46세,경상
2012072000100298,2012년 7월 20일 12시,금요일,울산광역시 북구 호계동,경상사고,0,0,1,0,차대차 - 측면직각충돌,신호위반,건조,맑음,교차로 - 교차로안,이륜,남,18세,경상,승용,남,52세,상해없음
2012072000100361,2012년 7월 20일 14시,금요일,울산광역시 중구 학산동,중상사고,0,1,2,0,차대차 - 측면직각충돌,안전거리미확보,건조,맑음,교차로 - 교차로부근,승용,남,63세,기타불명,승용,남,40세,상해없음
2012072000100560,2012년 7월 20일 19시,금요일,울산광역시 남구 신정동,경상사고,0,0,1,0,차대차 - 측면직각충돌,안전운전불이행,건조,맑음,단일로 - 횡단보도상,승용,남,53세,상해없음,자전거,남,53세,경상
2012072000100601,2012년 7월 20일 20시,금요일,울산광역시 남구 신정동,경상사고,0,0,3,0,차대차 - 기타,안전운전불이행,건조,맑음,교차로 - 교차로부근,승용,남,18세,상해없음,승용,남,34세,경상
2012072000100602,2012년 7월 20일 20시,금요일,울산광역시 남구 신정동,중상사고,0,1,0,0,차대차 - 측면직각충돌,중앙선침범,건조,맑음,단일로 - 기타,승용,여,62세,상해없음,자전거,남,49세,중상
2012072000100669,2012년 7월 20일 22시,금요일,울산광역시 남구 달동,경상사고,0,0,2,0,차대차 - 추돌 - 주정차중,안전운전불이행,건조,맑음,교차로 - 교차로부근,승용,여,36세,상해없음,승용,남,42세,경상
2012072000100670,2012년 7월 20일 22시,금요일,울산광역시 남구 신정동,중상사고,0,2,0,0,차대차 - 기타,차로위반,건조,맑음,단일로 - 기타,승용,남,29세,상해없음,이륜,남,16세,중상
2012072000100671,2012년 7월 20일 22시,금요일,울산광역시 동구 방어동,경상사고,0,0,1,0,차대차 - 측면직각충돌,교차로운행방법위반,습기,비,교차로 - 교차로안,승용,기타불명,기타불명,기타불명,원동기,남,28세,경상
2012072000100672,2012년 7월 20일 22시,금요일,울산광역시 울주군 범서읍,경상사고,0,0,1,0,차대차 - 추돌 - 주정차중,안전운전불이행,건조,맑음,교차로 - 교차로부근,승용,남,46세,상해없음,승용,여,33세,경상
2012072000100710,2012년 7월 20일 23시,금요일,울산광역시 동구 서부동,중상사고,0,1,1,0,차대차 - 기타,안전운전불이행,건조,맑음,단일로 - 기타,이륜,남,26세,경상,승용,남,38세,중상
2012072100100049,2012년 7월 21일 01시,토요일,울산광역시 북구 호계동,중상사고,0,1,1,0,차량단독 - 공작물충돌,안전운전불이행,건조,맑음,단일로 - 기타,승용,남,17세,중상,,,,
2012072100100050,2012년 7월 21일 01시,토요일,울산광역시 남구 달동,경상사고,0,0,1,0,차대차 - 기타,안전운전불이행,건조,맑음,교차로 - 교차로부근,승용,남,25세,상해없음,승용,남,50세,경상
2012072100100051,2012년 7월 21일 01시,토요일,울산광역시 울주군 웅촌면,중상사고,0,1,0,0,차량단독 - 공작물충돌,안전운전불이행,건조,맑음,단일로 - 기타,승용,남,45세,중상,,,,
2012072100100123,2012년 7월 21일 05시,토요일,울산광역시 북구 진장동,경상사고,0,0,1,0,차대차 - 측면직각충돌,안전거리미확보,건조,맑음,단일로 - 기타,승용,여,55세,상해없음,화물,남,46세,경상
2012072100100138,2012년 7월 21일 06시,토요일,울산광역시 중구 서동,경상사고,0,0,1,0,차대차 - 측면직각충돌,교차로운행방법위반,건조,맑음,교차로 - 교차로안,승합,남,56세,상해없음,승용,남,51세,경상
2012072100100161,2012년 7월 21일 07시,토요일,울산광역시 중구 북정동,경상사고,0,0,1,0,차대차 - 측면직각충돌,신호위반,건조,맑음,교차로 - 교차로안,화물,남,65세,상해없음,화물,남,39세,경상
2012072100100180,2012년 7월 21일 08시,토요일,울산광역시 남구 삼산동,부상신고사고,0,0,0,2,차대차 - 기타,교차로운행방법위반,습기,흐림,교차로 - 교차로안,승용,기타불명,기타불명,기타불명,원동기,남,66세,부상신고
2012072100100229,2012년 7월 21일 10시,토요일,울산광역시 남구 무거동,중상사고,0,1,0,0,차대차 - 기타,불법유턴,건조,맑음,교차로 - 교차로안,승용,남,40세,상해없음,자전거,남,65세,중상
2012072100100251,2012년 7월 21일 11시,토요일,울산광역시 남구 달동,경상사고,0,0,1,0,차대차 - 기타,교차로운행방법위반,건조,맑음,교차로 - 교차로안,승용,남,30세,상해없음,이륜,남,23세,경상
2012072100100371,2012년 7월 21일 14시,토요일,울산광역시 북구 화봉동,중상사고,0,1,0,0,차대차 - 기타,안전거리미확보,건조,맑음,교차로 - 교차로안,화물,남,31세,상해없음,원동기,남,75세,중상
2012072100100471,2012년 7월 21일 17시,토요일,울산광역시 북구 연암동,경상사고,0,0,1,0,차대차 - 측면직각충돌,기타,건조,맑음,단일로 - 기타,승용,남,21세,경상,승합,남,36세,상해없음
2012072100100472,2012년 7월 21일 17시,토요일,울산광역시 북구 진장동,경상사고,0,0,1,0,차대차 - 기타,신호위반,건조,맑음,교차로 - 교차로안,화물,남,46세,상해없음,승용,남,38세,경상
2012072100100473,2012년 7월 21일 17시,토요일,울산광역시 동구 서부동,중상사고,0,1,0,0,차대차 - 측면직각충돌,중앙선침범,건조,맑음,단일로 - 횡단보도부근,이륜,남,49세,상해없음,이륜,남,25세,중상
2012072100100475,2012년 7월 21일 17시,토요일,울산광역시 울주군 온산읍,중상사고,0,1,0,0,차대차 - 추돌 - 진행중,안전운전불이행,건조,맑음,단일로 - 기타,원동기,남,45세,중상,승용,여,47세,상해없음
2012072100100507,2012년 7월 21일 18시,토요일,울산광역시 북구 신현동,중상사고,0,2,1,0,차대차 - 추돌 - 진행중,안전거리미확보,건조,맑음,단일로 - 기타,승용,남,53세,상해없음,승용,남,37세,중상
2012072100100568,2012년 7월 21일 20시,토요일,울산광역시 북구 명촌동,경상사고,0,0,1,0,차대차 - 측면직각충돌,불법유턴,건조,맑음,교차로 - 교차로부근,승용,남,68세,상해없음,이륜,남,16세,경상
2012072100100652,2012년 7월 21일 22시,토요일,울산광역시 동구 방어동,경상사고,0,0,1,0,차대차 - 측면직각충돌,교차로운행방법위반,건조,맑음,교차로 - 교차로안,승용,남,34세,상해없음,승용,남,41세,상해없음
2012072100100685,2012년 7월 21일 23시,토요일,울산광역시 동구 전하동,중상사고,0,1,0,0,차대차 - 측면직각충돌,교차로운행방법위반,건조,맑음,교차로 - 교차로안,승용,남,38세,상해없음,승용,남,65세,중상
2012072200100045,2012년 7월 22일 01시,일요일,울산광역시 남구 삼산동,경상사고,0,0,1,0,차대사람 - 차도통행중,안전운전불이행,건조,맑음,단일로 - 기타,승용,남,24세,상해없음,보행자,여,29세,경상
2012072200100189,2012년 7월 22일 10시,일요일,울산광역시 북구 명촌동,경상사고,0,0,1,0,차대차 - 측면직각충돌,직진우회전진행방해,건조,맑음,교차로 - 교차로안,승용,남,43세,상해없음,원동기,남,21세,경상
2012072200100190,2012년 7월 22일 10시,일요일,울산광역시 남구 야음동,경상사고,0,0,1,0,차대차 - 측면직각충돌,안전운전불이행,건조,맑음,단일로 - 기타,승용,여,35세,상해없음,승용,여,51세,경상
2012072200100295,2012년 7월 22일 14시,일요일,울산광역시 중구 학성동,경상사고,0,0,1,0,차대차 - 측면직각충돌,안전운전불이행,건조,맑음,단일로 - 기타,이륜,남,43세,상해없음,승용,남,66세,경상
2012072200100330,2012년 7월 22일 15시,일요일,울산광역시 남구 무거동,중상사고,0,1,0,0,차대차 - 측면직각충돌,신호위반,건조,맑음,교차로 - 교차로안,승용,남,39세,상해없음,이륜,남,53세,중상
2012072200100538,2012년 7월 22일 23시,일요일,울산광역시 동구 방어동,중상사고,0,1,0,0,차대차 - 기타,직진우회전진행방해,건조,맑음,교차로 - 교차로안,승용,남,59세,상해없음,이륜,남,24세,중상
2012072300100037,2012년 7월 23일 03시,월요일,울산광역시 울주군 온산읍,경상사고,0,0,2,0,차대사람 - 기타,안전운전불이행,건조,맑음,단일로 - 기타,기타불명,기타불명,기타불명,기타불명,보행자,남,21세,경상
2012072300100144,2012년 7월 23일 09시,월요일,울산광역시 중구 남외동,부상신고사고,0,0,0,1,차대차 - 측면직각충돌,안전거리미확보,건조,맑음,단일로 - 기타,이륜,남,44세,부상신고,승용,여,34세,상해없음
2012072300100179,2012년 7월 23일 10시,월요일,울산광역시 중구 약사동,경상사고,0,0,1,0,차대차 - 추돌 - 주정차중,안전운전불이행,건조,맑음,단일로 - 기타,승용,기타불명,기타불명,기타불명,승용,여,33세,경상
2012072300100180,2012년 7월 23일 10시,월요일,울산광역시 울주군 범서읍,중상사고,0,1,1,0,차대차 - 측면직각충돌,기타,건조,맑음,단일로 - 기타,화물,남,63세,상해없음,승용,여,44세,중상
2012072300100216,2012년 7월 23일 11시,월요일,울산광역시 중구 성남동,부상신고사고,0,0,0,1,차대차 - 측면직각충돌,중앙선침범,건조,맑음,단일로 - 기타,원동기,남,37세,부상신고,승합,남,60세,상해없음
2012072300100254,2012년 7월 23일 12시,월요일,울산광역시 중구 다운동,중상사고,0,1,0,0,차대차 - 측면직각충돌,중앙선침범,건조,맑음,단일로 - 기타,승용,남,65세,상해없음,화물,남,42세,상해없음
2012072300100356,2012년 7월 23일 15시,월요일,울산광역시 중구 우정동,중상사고,0,1,0,0,차대사람 - 횡단중,신호위반,건조,맑음,교차로 - 교차로안,화물,남,51세,상해없음,보행자,여,52세,중상
2012072300100357,2012년 7월 23일 15시,월요일,울산광역시 남구 무거동,중상사고,0,1,1,0,차대사람 - 횡단중,보행자보호의무위반,건조,맑음,교차로 - 교차로부근,승용,여,43세,상해없음,보행자,남,22세,경상
2012072300100417,2012년 7월 23일 17시,월요일,울산광역시 울주군 온산읍,경상사고,0,0,1,0,차대차 - 기타,안전운전불이행,건조,맑음,단일로 - 기타,화물,남,26세,상해없음,화물,남,61세,경상
2012072300100489,2012년 7월 23일 19시,월요일,울산광역시 남구 무거동,경상사고,0,0,1,0,차대사람 - 횡단중,중앙선침범,건조,맑음,단일로 - 횡단보도상,원동기,기타불명,기타불명,기타불명,보행자,남,37세,경상
2012072300100526,2012년 7월 23일 20시,월요일,울산광역시 북구 호계동,경상사고,0,0,3,0,차대차 - 추돌 - 주정차중,안전운전불이행,건조,맑음,교차로 - 교차로안,화물,남,45세,상해없음,승용,남,35세,경상
2012072300100527,2012년 7월 23일 20시,월요일,울산광역시 동구 방어동,경상사고,0,0,1,0,차량단독 - 전도전복,안전운전불이행,건조,맑음,교차로 - 교차로부근,이륜,남,38세,경상,,,,
2012072400100054,2012년 7월 24일 03시,화요일,울산광역시 남구 옥동,중상사고,0,2,1,0,차대차 - 정면충돌,중앙선침범,건조,맑음,교차로 - 교차로부근,승용,남,67세,상해없음,승용,남,25세,중상
2012072400100081,2012년 7월 24일 06시,화요일,울산광역시 중구 우정동,경상사고,0,0,2,0,차대차 - 측면직각충돌,안전운전불이행,건조,맑음,단일로 - 기타,승합,남,42세,경상,승용,남,35세,경상
2012072400100082,2012년 7월 24일 06시,화요일,울산광역시 울주군 청량면,중상사고,0,1,0,0,차대사람 - 기타,안전운전불이행,건조,맑음,단일로 - 기타,승용,남,47세,상해없음,보행자,남,50세,중상
2012072400100117,2012년 7월 24일 07시,화요일,울산광역시 남구 옥동,경상사고,0,0,1,0,차대차 - 기타,안전운전불이행,건조,맑음,단일로 - 기타,승합,남,50세,상해없음,화물,남,69세,경상
2012072400100118,2012년 7월 24일 07시,화요일,울산광역시 북구 양정동,중상사고,0,1,0,0,차대차 - 측면직각충돌,중앙선침범,건조,맑음,단일로 - 기타,특수,남,48세,상해없음,이륜,남,24세,중상
2012072400100152,2012년 7월 24일 08시,화요일,울산광역시 남구 무거동,중상사고,0,1,0,0,차대차 - 측면직각충돌,안전운전불이행,건조,맑음,단일로 - 기타,이륜,여,54세,중상,승용,여,25세,상해없음
2012072400100217,2012년 7월 24일 10시,화요일,울산광역시 남구 선암동,중상사고,0,1,0,0,차대차 - 추돌 - 주정차중,안전운전불이행,건조,맑음,교차로 - 교차로부근,승용,남,34세,상해없음,승용,남,27세,중상
2012072400100302,2012년 7월 24일 13시,화요일,울산광역시 남구 삼산동,중상사고,0,2,0,0,차대차 - 측면직각충돌,안전거리미확보,건조,맑음,단일로 - 기타,승합,남,43세,상해없음,승용,여,50세,중상
2012072400100377,2012년 7월 24일 15시,화요일,울산광역시 울주군 언양읍,경상사고,0,0,1,1,차대차 - 추돌 - 진행중,교차로운행방법위반,건조,맑음,교차로 - 교차로안,승용,남,59세,부상신고,승용,남,54세,경상
2012072400100413,2012년 7월 24일 16시,화요일,울산광역시 북구 진장동,중상사고,0,1,0,0,차대차 - 기타,안전운전불이행,건조,맑음,단일로 - 기타,승용,기타불명,기타불명,기타불명,자전거,남,43세,중상
2012072400100510,2012년 7월 24일 18시,화요일,울산광역시 북구 중산동,중상사고,0,1,0,0,차대사람 - 기타,안전운전불이행,건조,맑음,단일로 - 기타,승용,여,30세,상해없음,보행자,여,8세,중상
2012072400100580,2012년 7월 24일 20시,화요일,울산광역시 중구 우정동,경상사고,0,0,1,0,차대사람 - 기타,안전운전불이행,건조,맑음,단일로 - 기타,승합,여,47세,상해없음,보행자,여,30세,경상
2012072400100648,2012년 7월 24일 22시,화요일,울산광역시 중구 다운동,중상사고,0,1,0,0,차대차 - 측면직각충돌,중앙선침범,건조,맑음,단일로 - 기타,화물,남,52세,상해없음,이륜,남,16세,중상
2012072400100674,2012년 7월 24일 23시,화요일,울산광역시 북구 명촌동,중상사고,0,1,1,0,차대차 - 추돌 - 주정차중,안전운전불이행,건조,맑음,교차로 - 교차로부근,승용,남,43세,상해없음,승용,남,50세,경상
2012072400100675,2012년 7월 24일 23시,화요일,울산광역시 남구 신정동,경상사고,0,0,1,0,차대차 - 측면직각충돌,중앙선침범,건조,맑음,단일로 - 기타,승용,남,48세,상해없음,승용,남,40세,상해없음
2012072500100091,2012년 7월 25일 06시,수요일,울산광역시 중구 태화동,경상사고,0,0,1,0,차대차 - 추돌 - 주정차중,안전운전불이행,건조,맑음,교차로 - 교차로부근,화물,남,51세,상해없음,승용,남,32세,경상
2012072500100155,2012년 7월 25일 08시,수요일,울산광역시 중구 서동,경상사고,0,0,1,1,차대차 - 측면직각충돌,안전거리미확보,건조,맑음,교차로 - 교차로안,승용,남,35세,부상신고,승용,남,43세,경상
2012072500100156,2012년 7월 25일 08시,수요일,울산광역시 울주군 웅촌면,경상사고,0,0,1,0,차대차 - 기타,중앙선침범,건조,맑음,교차로 - 교차로부근,이륜,남,54세,경상,승용,남,35세,상해없음
2012072500100249,2012년 7월 25일 11시,수요일,울산광역시 남구 선암동,경상사고,0,0,1,0,차대차 - 기타,안전운전불이행,건조,맑음,교차로 - 교차로부근,화물,남,44세,경상,화물,남,54세,상해없음
2012072500100381,2012년 7월 25일 15시,수요일,울산광역시 남구 야음동,중상사고,0,1,0,0,차대차 - 정면충돌,직진우회전진행방해,건조,맑음,교차로 - 교차로안,승용,남,38세,상해없음,원동기,남,47세,중상
2012072500100382,2012년 7월 25일 15시,수요일,울산광역시 남구 삼산동,경상사고,0,0,1,0,차대사람 - 기타,안전운전불이행,건조,맑음,단일로 - 기타,승용,남,52세,상해없음,보행자,여,35세,경상
2012072500100411,2012년 7월 25일 16시,수요일,울산광역시 북구 호계동,중상사고,0,1,1,0,차대차 - 측면직각충돌,기타,건조,맑음,교차로 - 교차로부근,승용,남,41세,상해없음,이륜,남,43세,중상
2012072500100446,2012년 7월 25일 17시,수요일,울산광역시 북구 신천동,중상사고,0,1,0,0,차대차 - 측면직각충돌,신호위반,건조,맑음,교차로 - 교차로안,화물,남,34세,상해없음,승용,여,41세,중상
2012072500100447,2012년 7월 25일 17시,수요일,울산광역시 울주군 언양읍,중상사고,0,1,0,0,차대차 - 기타,교차로운행방법위반,건조,맑음,교차로 - 교차로안,승용,남,28세,상해없음,원동기,남,74세,중상
2012072500100497,2012년 7월 25일 18시,수요일,울산광역시 북구 신천동,경상사고,0,0,1,0,차대차 - 측면직각충돌,직진우회전진행방해,건조,맑음,교차로 - 교차로안,건설기계,남,51세,상해없음,이륜,남,19세,경상
2012072500100533,2012년 7월 25일 19시,수요일,울산광역시 중구 우정동,중상사고,0,1,0,0,차대차 - 측면직각충돌,안전운전불이행,건조,맑음,교차로 - 교차로안,승용,남,60세,상해없음,승용,남,48세,중상
2012072500100534,2012년 7월 25일 19시,수요일,울산광역시 남구 야음동,부상신고사고,0,0,0,1,차대사람 - 기타,안전운전불이행,건조,맑음,교차로 - 교차로부근,승용,남,26세,상해없음,보행자,남,50세,부상신고
2012072500100535,2012년 7월 25일 19시,수요일,울산광역시 남구 신정동,중상사고,0,1,0,0,차대사람 - 횡단중,안전운전불이행,건조,맑음,단일로 - 기타,이륜,남,17세,상해없음,보행자,여,60세,중상
2012072500100570,2012년 7월 25일 20시,수요일,울산광역시 북구 명촌동,중상사고,0,2,4,0,차대차 - 추돌 - 주정차중,안전거리미확보,건조,맑음,단일로 - 기타,화물,남,66세,상해없음,승용,남,29세,경상
2012072500100571,2012년 7월 25일 20시,수요일,울산광역시 동구 화정동,중상사고,0,1,0,0,차대차 - 측면직각충돌,교차로운행방법위반,건조,맑음,교차로 - 교차로안,승용,남,50세,상해없음,원동기,남,36세,중상
2012072500100608,2012년 7월 25일 21시,수요일,울산광역시 북구 신천동,중상사고,0,1,0,0,차대사람 - 기타,안전운전불이행,건조,맑음,단일로 - 기타,이륜,남,24세,상해없음,보행자,여,27세,중상
2012072500100609,2012년 7월 25일 21시,수요일,울산광역시 남구 삼산동,경상사고,0,0,1,0,차대사람 - 기타,안전운전불이행,건조,맑음,단일로 - 기타,승용,남,46세,상해없음,보행자,남,18세,경상
2012072500100635,2012년 7월 25일 22시,수요일,울산광역시 남구 무거동,중상사고,0,1,1,0,차대차 - 추돌 - 진행중,안전운전불이행,건조,맑음,교차로 - 교차로안,승용,남,35세,상해없음,승용,남,51세,경상