사고번호,사고일시,요일,시군구,사고내용,사망자수,중상자수,경상자수,부상신고자수,사고유형,법규위반,노면상태,기상상태,도로형태,가해운전자 차종,가해운전자 성별,가해운전자 연령,가해운전자 상해정도,피해운전자 차종,피해운전자 성별,피해운전자 연령,피해운전자 상해정도
2012072600100107,2012년 7월 26일 06시,목요일,울산광역시 남구 부곡동,중상사고,0,1,0,0,차대차 - 측면직각충돌,차로위반,건조,맑음,단일로 - 기타,승용,남,28세,상해없음,이륜,남,63세,중상
2012072600100204,2012년 7월 26일 09시,목요일,울산광역시 울주군 웅촌면,중상사고,0,1,0,0,차대차 - 측면직각충돌,신호위반,건조,맑음,교차로 - 교차로안,화물,남,33세,상해없음,원동기,남,79세,중상
2012072600100301,2012년 7월 26일 12시,목요일,울산광역시 동구 서부동,사망사고,1,0,0,0,차량단독 - 전도전복,안전운전불이행,건조,맑음,단일로 - 기타,이륜,남,48세,사망,,,,
2012072600100343,2012년 7월 26일 13시,목요일,울산광역시 북구 화봉동,중상사고,0,1,0,0,차량단독 - 기타,기타,건조,맑음,단일로 - 기타,승합,남,48세,상해없음,,,,
2012072600100412,2012년 7월 26일 15시,목요일,울산광역시 중구 다운동,중상사고,0,1,0,0,차대차 - 기타,불법유턴,건조,맑음,단일로 - 횡단보도상,원동기,여,46세,중상,승용,남,56세,상해없음
2012072600100449,2012년 7월 26일 16시,목요일,울산광역시 남구 여천동,경상사고,0,0,1,0,철길건널목 - 경보기무시,기타,건조,맑음,단일로 - 철길건널목,승용,남,42세,경상,기타불명,남,34세,상해없음
2012072600100481,2012년 7월 26일 17시,목요일,울산광역시 울주군 범서읍,경상사고,0,0,1,0,차대차 - 기타,안전운전불이행,건조,맑음,교차로 - 교차로안,원동기,남,21세,경상,승용,남,46세,상해없음
2012072600100528,2012년 7월 26일 18시,목요일,울산광역시 남구 삼산동,중상사고,0,2,0,0,차대차 - 기타,중앙선침범,건조,맑음,교차로 - 교차로부근,화물,남,37세,상해없음,승용,남,45세,중상
2012072600100591,2012년 7월 26일 20시,목요일,울산광역시 북구 화봉동,중상사고,0,1,0,0,차대차 - 측면직각충돌,불법유턴,건조,맑음,교차로 - 교차로부근,자전거,남,13세,중상,승용,남,56세,상해없음
2012072600100616,2012년 7월 26일 21시,목요일,울산광역시 북구 시례동,부상신고사고,0,0,0,1,차대차 - 측면직각충돌,차로위반,건조,맑음,단일로 - 기타,이륜,남,21세,부상신고,화물,남,25세,상해없음
2012072600100651,2012년 7월 26일 22시,목요일,울산광역시 중구 옥교동,중상사고,0,1,2,0,차대차 - 추돌 - 주정차중,안전운전불이행,건조,맑음,단일로 - 기타,승용,남,53세,상해없음,승용,남,25세,경상
2012072600100652,2012년 7월 26일 22시,목요일,울산광역시 남구 달동,경상사고,0,0,1,0,차대차 - 기타,안전운전불이행,건조,맑음,교차로 - 교차로안,승용,여,33세,상해없음,자전거,남,55세,경상
2012072700100017,2012년 7월 27일 00시,금요일,울산광역시 남구 무거동,중상사고,0,1,1,0,차대차 - 기타,안전운전불이행,건조,맑음,교차로 - 교차로부근,승용,남,26세,상해없음,승용,남,52세,중상
2012072700100070,2012년 7월 27일 04시,금요일,울산광역시 동구 서부동,중상사고,0,2,0,0,차대차 - 측면직각충돌,신호위반,건조,맑음,교차로 - 교차로안,이륜,남,15세,중상,승용,여,62세,중상
2012072700100122,2012년 7월 27일 07시,금요일,울산광역시 북구 효문동,중상사고,0,1,0,0,차대차 - 측면직각충돌,안전운전불이행,건조,맑음,단일로 - 기타,승용,남,62세,상해없음,승용,남,58세,상해없음
2012072700100123,2012년 7월 27일 07시,금요일,울산광역시 북구 양정동,중상사고,0,1,0,0,차대차 - 추돌 - 진행중,안전운전불이행,건조,맑음,단일로 - 기타,이륜,남,25세,중상,승용,남,34세,상해없음
2012072700100153,2012년 7월 27일 08시,금요일,울산광역시 울주군 언양읍,경상사고,0,0,1,0,차대사람 - 길가장자리구역통행중,안전운전불이행,건조,맑음,단일로 - 기타,승용,여,41세,기타불명,보행자,남,77세,경상
2012072700100189,2012년 7월 27일 09시,금요일,울산광역시 동구 화정동,경상사고,0,0,1,0,차대차 - 기타,안전운전불이행,건조,맑음,단일로 - 기타,특수,남,57세,상해없음,승합,남,37세,경상
2012072700100231,2012년 7월 27일 10시,금요일,울산광역시 남구 선암동,중상사고,0,1,1,0,차대차 - 추돌 - 주정차중,안전거리미확보,건조,맑음,교차로 - 교차로부근,승용,남,60세,상해없음,승용,남,44세,중상
2012072700100275,2012년 7월 27일 11시,금요일,울산광역시 남구 신정동,부상신고사고,0,0,0,1,차대사람 - 기타,안전운전불이행,건조,맑음,단일로 - 기타,승용,여,46세,상해없음,보행자,남,61세,부상신고
2012072700100302,2012년 7월 27일 12시,금요일,울산광역시 울주군 청량면,중상사고,0,1,0,0,차대차 - 추돌 - 진행중,안전거리미확보,건조,맑음,교차로 - 교차로안,이륜,남,62세,중상,화물,남,53세,상해없음
2012072700100329,2012년 7월 27일 13시,금요일,울산광역시 남구 여천동,사망사고,1,1,0,0,차대차 - 추돌 - 진행중,안전운전불이행,건조,맑음,교차로 - 교차로부근,화물,남,46세,사망,화물,남,39세,중상
2012072700100330,2012년 7월 27일 13시,금요일,울산광역시 울주군 온산읍,경상사고,0,0,2,0,차대차 - 측면직각충돌,신호위반,건조,맑음,교차로 - 교차로안,승용,남,32세,상해없음,승용,남,33세,경상
2012072700100431,2012년 7월 27일 16시,금요일,울산광역시 북구 연암동,경상사고,0,0,2,0,차대차 - 기타,안전운전불이행,건조,맑음,교차로 - 교차로안,승합,남,55세,상해없음,승용,남,21세,상해없음
2012072700100432,2012년 7월 27일 16시,금요일,울산광역시 중구 성안동,경상사고,0,0,1,0,차대차 - 측면직각충돌,안전거리미확보,건조,맑음,교차로 - 교차로부근,승합,남,50세,상해없음,화물,남,46세,경상
2012072700100551,2012년 7월 27일 19시,금요일,울산광역시 남구 신정동,경상사고,0,0,1,0,차대차 - 기타,신호위반,건조,맑음,교차로 - 교차로안,이륜,남,20세,상해없음,승용,남,67세,경상
2012072700100552,2012년 7월 27일 19시,금요일,울산광역시 북구 무룡동,경상사고,0,0,2,0,차대차 - 기타,교차로운행방법위반,건조,맑음,교차로 - 교차로안,승용,남,41세,상해없음,승용,여,45세,상해없음
2012072700100553,2012년 7월 27일 19시,금요일,울산광역시 동구 방어동,경상사고,0,0,1,0,차대사람 - 횡단중,안전운전불이행,건조,맑음,단일로 - 기타,원동기,남,48세,상해없음,보행자,남,8세,경상
2012072700100591,2012년 7월 27일 20시,금요일,울산광역시 북구 명촌동,경상사고,0,0,1,0,차대차 - 기타,신호위반,건조,맑음,교차로 - 교차로안,승용,여,43세,상해없음,자전거,남,30세,경상
2012072700100634,2012년 7월 27일 21시,금요일,울산광역시 울주군 삼남면,중상사고,0,1,1,0,차대차 - 측면직각충돌,직진우회전진행방해,건조,맑음,교차로 - 교차로안,승용,남,33세,상해없음,승용,남,29세,중상
2012072700100669,2012년 7월 27일 22시,금요일,울산광역시 남구 무거동,중상사고,0,1,0,0,차대사람 - 기타,안전운전불이행,건조,맑음,단일로 - 기타,자전거,남,11세,상해없음,보행자,여,47세,중상
2012072700100710,2012년 7월 27일 23시,금요일,울산광역시 남구 무거동,경상사고,0,0,2,0,차대차 - 추돌 - 주정차중,안전운전불이행,건조,맑음,교차로 - 교차로부근,승용,여,47세,상해없음,승용,남,29세,경상
2012072800100021,2012년 7월 28일 00시,토요일,울산광역시 울주군 상북면,사망사고,1,0,0,0,차대사람 - 보도통행중,안전운전불이행,건조,맑음,단일로 - 기타,화물,남,39세,상해없음,보행자,남,63세,사망
2012072800100058,2012년 7월 28일 02시,토요일,울산광역시 중구 태화동,경상사고,0,0,1,0,차대차 - 기타,안전운전불이행,건조,맑음,단일로 - 기타,기타불명,기타불명,기타불명,기타불명,승용,남,38세,경상
2012072800100077,2012년 7월 28일 03시,토요일,울산광역시 울주군 청량면,경상사고,0,0,1,0,차대차 - 측면직각충돌,안전운전불이행,건조,맑음,교차로 - 교차로부근,승용,남,31세,상해없음,승용,여,51세,경상
2012072800100143,2012년 7월 28일 07시,토요일,울산광역시 중구 서동,중상사고,0,2,3,0,차대차 - 추돌 - 주정차중,안전운전불이행,건조,맑음,교차로 - 교차로안,승용,남,21세,중상,승용,남,43세,중상
2012072800100144,2012년 7월 28일 07시,토요일,울산광역시 북구 대안동,사망사고,1,0,0,1,차량단독 - 도로외이탈 - 추락,기타,건조,맑음,단일로 - 기타,승용,남,48세,사망,,,,
2012072800100145,2012년 7월 28일 07시,토요일,울산광역시 울주군 삼동면,경상사고,0,0,1,0,차대차 - 기타,중앙선침범,건조,맑음,단일로 - 기타,기타불명,기타불명,기타불명,기타불명,승용,여,34세,경상
2012072800100189,2012년 7월 28일 09시,토요일,울산광역시 중구 서동,중상사고,0,2,0,1,차대차 - 추돌 - 진행중,안전운전불이행,건조,맑음,단일로 - 기타,승용,여,33세,부상신고,승용,여,49세,중상
2012072800100215,2012년 7월 28일 10시,토요일,울산광역시 중구 다운동,중상사고,0,1,0,1,차대차 - 정면충돌,중앙선침범,건조,맑음,단일로 - 기타,승용,남,27세,부상신고,승용,남,55세,중상
2012072800100239,2012년 7월 28일 11시,토요일,울산광역시 북구 창평동,경상사고,0,0,1,0,차대차 - 측면직각충돌,안전운전불이행,건조,맑음,교차로 - 교차로부근,승용,남,30세,상해없음,승용,남,30세,경상
2012072800100274,2012년 7월 28일 12시,토요일,울산광역시 북구 정자동,중상사고,0,1,0,0,차대차 - 측면직각충돌,안전운전불이행,건조,맑음,단일로 - 기타,화물,남,38세,상해없음,이륜,남,60세,중상
2012072800100315,2012년 7월 28일 13시,토요일,울산광역시 울주군 범서읍,경상사고,0,0,1,0,차대사람 - 횡단중,보행자보호의무위반,건조,맑음,교차로 - 교차로부근,기타불명,기타불명,기타불명,기타불명,보행자,여,15세,경상
2012072800100379,2012년 7월 28일 15시,토요일,울산광역시 중구 우정동,경상사고,0,0,1,0,차대차 - 기타,안전운전불이행,건조,맑음,단일로 - 교량,승합,남,42세,상해없음,승용,남,24세,상해없음
2012072800100413,2012년 7월 28일 16시,토요일,울산광역시 울주군 서생면,경상사고,0,0,1,0,차대차 - 정면충돌,중앙선침범,건조,맑음,단일로 - 기타,승용,여,33세,경상,승용,남,37세,상해없음
2012072800100451,2012년 7월 28일 17시,토요일,울산광역시 동구 화정동,중상사고,0,1,0,0,차대차 - 측면직각충돌,교차로운행방법위반,건조,맑음,교차로 - 교차로안,승용,여,62세,상해없음,원동기,남,50세,중상
2012072800100512,2012년 7월 28일 19시,토요일,울산광역시 울주군 삼동면,중상사고,0,1,0,0,차대사람 - 기타,안전운전불이행,건조,맑음,단일로 - 기타,승용,여,24세,상해없음,보행자,여,82세,중상
2012072800100635,2012년 7월 28일 22시,토요일,울산광역시 중구 성남동,부상신고사고,0,0,0,1,차대차 - 기타,중앙선침범,건조,맑음,교차로 - 교차로부근,자전거,남,59세,부상신고,승용,남,22세,상해없음
2012072800100658,2012년 7월 28일 23시,토요일,울산광역시 북구 신천동,경상사고,0,0,1,0,차대차 - 기타,안전운전불이행,건조,맑음,교차로 - 교차로안,기타불명,기타불명,기타불명,기타불명,이륜,남,18세,경상
2012072800100659,2012년 7월 28일 23시,토요일,울산광역시 북구 명촌동,경상사고,0,0,2,0,차대차 - 추돌 - 진행중,안전운전불이행,건조,맑음,교차로 - 교차로부근,승용,남,33세,상해없음,승용,여,39세,경상
2012072800100660,2012년 7월 28일 23시,토요일,울산광역시 남구 무거동,중상사고,0,1,0,0,차대차 - 추돌 - 진행중,안전운전불이행,건조,맑음,교차로 - 교차로부근,승용,남,40세,상해없음,승용,남,56세,상해없음
2012072900100039,2012년 7월 29일 01시,일요일,울산광역시 남구 두왕동,경상사고,0,0,4,0,차대차 - 측면직각충돌,중앙선침범,건조,맑음,교차로 - 교차로안,승용,여,28세,상해없음,승용,남,51세,경상
2012072900100069,2012년 7월 29일 03시,일요일,울산광역시 동구 서부동,사망사고,1,0,0,0,차대사람 - 기타,안전운전불이행,건조,맑음,교차로 - 교차로부근,승용,남,27세,상해없음,보행자,여,48세,사망
2012072900100082,2012년 7월 29일 04시,일요일,울산광역시 동구 서부동,경상사고,0,0,1,0,차대차 - 측면직각충돌,신호위반,건조,맑음,교차로 - 교차로안,이륜,남,27세,경상,승용,여,38세,상해없음
2012072900100096,2012년 7월 29일 05시,일요일,울산광역시 남구 달동,중상사고,0,2,0,0,차대차 - 추돌 - 진행중,안전운전불이행,건조,맑음,교차로 - 교차로부근,승용,남,27세,상해없음,승용,남,31세,중상
2012072900100115,2012년 7월 29일 07시,일요일,울산광역시 북구 신천동,경상사고,0,0,1,0,차대차 - 측면직각충돌,신호위반,건조,맑음,교차로 - 교차로안,승용,남,49세,상해없음,승용,남,34세,경상
2012072900100116,2012년 7월 29일 07시,일요일,울산광역시 남구 무거동,중상사고,0,1,1,0,차대차 - 측면직각충돌,신호위반,건조,맑음,교차로 - 교차로안,승용,여,56세,상해없음,화물,남,56세,중상
2012072900100152,2012년 7월 29일 09시,일요일,울산광역시 북구 진장동,중상사고,0,2,0,0,차대차 - 측면직각충돌,신호위반,건조,맑음,교차로 - 교차로안,승용,남,62세,상해없음,승용,남,52세,중상
2012072900100245,2012년 7월 29일 13시,일요일,울산광역시 남구 무거동,중상사고,0,1,2,1,차대차 - 추돌 - 진행중,안전운전불이행,건조,맑음,단일로 - 기타,승용,여,27세,경상,승용,남,52세,중상
2012072900100246,2012년 7월 29일 13시,일요일,울산광역시 울주군 범서읍,경상사고,0,0,1,0,차대차 - 기타,안전거리미확보,건조,맑음,단일로 - 기타,승용,남,58세,상해없음,이륜,남,43세,경상
2012072900100341,2012년 7월 29일 16시,일요일,울산광역시 동구 화정동,경상사고,0,0,1,0,차대차 - 측면직각충돌,신호위반,건조,맑음,교차로 - 교차로안,승용,남,52세,상해없음,이륜,남,34세,경상
2012072900100382,2012년 7월 29일 17시,일요일,울산광역시 중구 남외동,중상사고,0,1,1,0,차대차 - 추돌 - 진행중,안전거리미확보,건조,맑음,단일로 - 기타,승용,여,59세,상해없음,승용,여,54세,중상
2012072900100414,2012년 7월 29일 18시,일요일,울산광역시 동구 화정동,중상사고,0,1,1,0,차대차 - 측면직각충돌,안전운전불이행,건조,맑음,단일로 - 기타,이륜,남,18세,중상,승용,남,28세,상해없음
2012072900100415,2012년 7월 29일 18시,일요일,울산광역시 울주군 온양읍,경상사고,0,0,1,0,차대차 - 측면직각충돌,교차로운행방법위반,건조,맑음,교차로 - 교차로안,화물,남,55세,상해없음,승용,남,35세,경상
2012072900100497,2012년 7월 29일 21시,일요일,울산광역시 북구 연암동,경상사고,0,0,1,1,차대차 - 측면직각충돌,안전거리미확보,건조,맑음,단일로 - 기타,이륜,남,17세,부상신고,승합,남,54세,상해없음
2012073000100046,2012년 7월 30일 04시,월요일,울산광역시 동구 일산동,경상사고,0,0,1,0,차대사람 - 기타,안전운전불이행,건조,맑음,교차로 - 교차로안,승용,남,44세,상해없음,보행자,남,35세,경상
2012073000100089,2012년 7월 30일 07시,월요일,울산광역시 북구 화봉동,경상사고,0,0,1,0,차대사람 - 횡단중,보행자보호의무위반,건조,맑음,단일로 - 횡단보도상,승용,남,57세,상해없음,보행자,여,18세,경상
2012073000100090,2012년 7월 30일 07시,월요일,울산광역시 동구 방어동,경상사고,0,0,1,0,차대차 - 기타,안전운전불이행,건조,맑음,단일로 - 기타,승용,남,41세,상해없음,화물,남,53세,경상
2012073000100091,2012년 7월 30일 07시,월요일,울산광역시 울주군 청량면,경상사고,0,0,1,0,차대차 - 정면충돌,안전운전불이행,건조,맑음,단일로 - 기타,자전거,남,69세,경상,화물,남,27세,상해없음
2012073000100253,2012년 7월 30일 12시,월요일,울산광역시 북구 중산동,경상사고,0,0,1,0,차대차 - 측면직각충돌,안전운전불이행,건조,맑음,교차로 - 교차로부근,원동기,남,72세,경상,승용,남,51세,상해없음
2012073000100254,2012년 7월 30일 12시,월요일,울산광역시 울주군 범서읍,중상사고,0,1,0,0,차대사람 - 횡단중,안전운전불이행,건조,맑음,교차로 - 교차로부근,승용,여,27세,상해없음,보행자,남,6세,중상
2012073000100338,2012년 7월 30일 14시,월요일,울산광역시 북구 효문동,중상사고,0,1,0,0,차대차 - 측면직각충돌,안전운전불이행,건조,맑음,단일로 - 기타,이륜,남,22세,중상,승용,남,41세,상해없음
2012073000100339,2012년 7월 30일 14시,월요일,울산광역시 울주군 온산읍,중상사고,0,2,0,0,차대차 - 기타,신호위반,건조,맑음,교차로 - 교차로안,승용,남,26세,상해없음,승용,남,43세,중상
2012073000100456,2012년 7월 30일 17시,월요일,울산광역시 남구 무거동,중상사고,0,1,0,0,차대사람 - 기타,안전운전불이행,건조,맑음,단일로 - 기타,이륜,남,73세,상해없음,보행자,남,41세,중상
2012073000100500,2012년 7월 30일 18시,월요일,울산광역시 북구 화봉동,경상사고,0,0,2,0,차대차 - 추돌 - 진행중,안전거리미확보,건조,맑음,교차로 - 교차로부근,승용,남,50세,상해없음,승용,여,30세,경상
2012073000100521,2012년 7월 30일 19시,월요일,울산광역시 중구 동동,경상사고,0,0,1,0,차대차 - 기타,안전운전불이행,건조,맑음,단일로 - 기타,이륜,남,22세,경상,승용,남,42세,상해없음
2012073000100522,2012년 7월 30일 19시,월요일,울산광역시 북구 효문동,중상사고,0,1,0,0,차대차 - 기타,안전운전불이행,건조,맑음,교차로 - 교차로부근,승용,남,38세,상해없음,승용,남,44세,중상
2012073000100585,2012년 7월 30일 21시,월요일,울산광역시 남구 삼산동,경상사고,0,0,1,0,차대차 - 추돌 - 진행중,안전운전불이행,건조,맑음,단일로 - 기타,이륜,남,51세,경상,승용,남,28세,상해없음
2012073000100609,2012년 7월 30일 22시,월요일,울산광역시 중구 우정동,경상사고,0,0,2,0,차대차 - 측면직각충돌,직진우회전진행방해,건조,맑음,교차로 - 교차로안,승용,남,23세,상해없음,승용,여,28세,경상
2012073000100642,2012년 7월 30일 23시,월요일,울산광역시 남구 달동,경상사고,0,0,1,0,차대사람 - 횡단중,안전운전불이행,건조,맑음,교차로 - 교차로안,승용,남,35세,상해없음,보행자,남,30세,경상
2012073100100021,2012년 7월 31일 00시,화요일,울산광역시 북구 신천동,중상사고,0,1,0,0,차대사람 - 횡단중,안전운전불이행,건조,맑음,교차로 - 교차로부근,승용,남,43세,상해없음,보행자,남,15세,중상
2012073100100022,2012년 7월 31일 00시,화요일,울산광역시 북구 염포동,경상사고,0,0,1,0,차대차 - 측면직각충돌,안전거리미확보,건조,맑음,교차로 - 교차로안,승용,남,51세,상해없음,이륜,남,28세,경상
2012073100100074,2012년 7월 31일 06시,화요일,울산광역시 남구 신정동,경상사고,0,0,1,0,차대차 - 기타,안전운전불이행,건조,맑음,단일로 - 횡단보도상,승용,남,55세,상해없음,자전거,남,21세,경상
2012073100100092,2012년 7월 31일 07시,화요일,울산광역시 중구 교동,중상사고,0,1,0,0,차대차 - 측면직각충돌,교차로운행방법위반,건조,맑음,교차로 - 교차로안,승용,남,37세,상해없음,자전거,남,73세,중상
2012073100100177,2012년 7월 31일 10시,화요일,울산광역시 중구 학성동,부상신고사고,0,0,0,1,차대차 - 추돌 - 진행중,안전운전불이행,건조,맑음,단일로 - 기타,자전거,여,68세,부상신고,승용,남,45세,상해없음
2012073100100238,2012년 7월 31일 12시,화요일,울산광역시 남구 야음동,경상사고,0,0,1,0,차대사람 - 횡단중,안전운전불이행,건조,맑음,단일로 - 기타,승용,기타불명,기타불명,기타불명,보행자,여,27세,경상
2012073100100301,2012년 7월 31일 14시,화요일,울산광역시 동구 일산동,경상사고,0,0,2,0,차대차 - 추돌 - 주정차중,안전운전불이행,건조,맑음,단일로 - 기타,화물,남,56세,상해없음,승용,남,52세,경상
2012073100100358,2012년 7월 31일 16시,화요일,울산광역시 북구 명촌동,경상사고,0,0,2,0,차대차 - 기타,안전거리미확보,건조,맑음,단일로 - 기타,화물,남,49세,상해없음,승용,남,31세,경상
2012073100100359,2012년 7월 31일 16시,화요일,울산광역시 울주군 서생면,중상사고,0,1,0,0,차량단독 - 전도전복,안전운전불이행,건조,맑음,단일로 - 기타,원동기,남,41세,중상,,,,
2012073100100395,2012년 7월 31일 17시,화요일,울산광역시 중구 학성동,경상사고,0,0,1,0,차대사람 - 기타,안전운전불이행,건조,맑음,단일로 - 기타,승용,남,59세,상해없음,보행자,남,22세,경상
2012073100100396,2012년 7월 31일 17시,화요일,울산광역시 울주군 삼남면,부상신고사고,0,0,0,1,차대사람 - 차도통행중,안전운전불이행,건조,맑음,단일로 - 기타,화물,남,50세,상해없음,보행자,남,5세,부상신고
2012073100100460,2012년 7월 31일 19시,화요일,울산광역시 중구 다운동,경상사고,0,0,1,0,차대차 - 추돌 - 진행중,안전운전불이행,건조,맑음,교차로 - 교차로안,승합,남,30세,상해없음,승용,남,41세,상해없음
2012073100100493,2012년 7월 31일 20시,화요일,울산광역시 울주군 언양읍,경상사고,0,0,1,0,차대차 - 측면직각충돌,교차로운행방법위반,건조,맑음,교차로 - 교차로안,승용,여,45세,경상,승용,여,34세,상해없음
2012073100100529,2012년 7월 31일 21시,화요일,울산광역시 울주군 범서읍,경상사고,0,0,1,0,차대차 - 기타,안전운전불이행,건조,맑음,단일로 - 기타,승용,남,53세,상해없음,승용,여,55세,경상
2012073100100571,2012년 7월 31일 22시,화요일,울산광역시 남구 삼산동,경상사고,0,0,3,0,차대차 - 측면직각충돌,교차로운행방법위반,건조,맑음,교차로 - 교차로부근,승용,남,44세,상해없음,승용,여,58세,상해없음
2012073100100606,2012년 7월 31일 23시,화요일,울산광역시 동구 방어동,경상사고,0,0,1,0,차대차 - 기타,신호위반,건조,맑음,교차로 - 교차로안,이륜,남,29세,경상,승용,남,31세,상해없음
2012080100100070,2012년 8월 1일 05시,수요일,울산광역시 남구 삼산동,중상사고,0,2,1,0,차대차 - 기타,신호위반,건조,맑음,교차로 - 교차로안,승용,남,50세,상해없음,승용,남,55세,경상
2012080100100148,2012년 8월 1일 09시,수요일,울산광역시 남구 신정동,중상사고,0,1,0,0,차대사람 - 보도통행중,기타,건조,맑음,교차로 - 교차로부근,승용,남,71세,상해없음,보행자,여,82세,중상
2012080100100149,2012년 8월 1일 09시,수요일,울산광역시 북구 대안동,중상사고,0,1,0,0,차대사람 - 기타,안전운전불이행,건조,맑음,단일로 - 기타,승합,남,38세,상해없음,보행자,남,84세,중상
2012080100100212,2012년 8월 1일 11시,수요일,울산광역시 동구 화정동,경상사고,0,0,2,0,차대차 - 측면직각충돌,안전운전불이행,건조,맑음,교차로 - 교차로안,승용,남,40세,상해없음,승합,남,56세,상해없음
2012080100100272,2012년 8월 1일 13시,수요일,울산광역시 중구 태화동,경상사고,0,0,2,0,차대차 - 추돌 - 주정차중,안전운전불이행,건조,맑음,교차로 - 교차로부근,승용,남,30세,상해없음,승용,남,54세,상해없음
2012080100100273,2012년 8월 1일 13시,수요일,울산광역시 울주군 언양읍,경상사고,0,0,1,0,차대차 - 측면직각충돌,교차로운행방법위반,건조,맑음,교차로 - 교차로안,원동기,남,17세,경상,승용,남,52세,상해없음
2012080100100364,2012년 8월 1일 16시,수요일,울산광역시 울주군 범서읍,경상사고,0,0,1,0,차대차 - 추돌 - 진행중,안전거리미확보,건조,맑음,단일로 - 기타,승용,남,37세,상해없음,승용,남,42세,경상
2012080100100436,2012년 8월 1일 18시,수요일,울산광역시 동구 일산동,중상사고,0,1,0,0,차대차 - 정면충돌,중앙선침범,건조,맑음,단일로 - 기타,승용,남,50세,상해없음,이륜,남,31세,중상
2012080100100495,2012년 8월 1일 20시,수요일,울산광역시 남구 야음동,경상사고,0,0,3,0,차대차 - 추돌 - 주정차중,안전운전불이행,건조,맑음,교차로 - 교차로안,화물,남,53세,상해없음,승용,남,39세,경상
2012080200100093,2012년 8월 2일 07시,목요일,울산광역시 동구 서부동,중상사고,0,1,0,0,차대차 - 측면직각충돌,안전운전불이행,건조,맑음,단일로 - 기타,승용,남,23세,상해없음,화물,남,59세,상해없음
2012080200100114,2012년 8월 2일 08시,목요일,울산광역시 북구 호계동,경상사고,0,0,1,1,차대차 - 측면직각충돌,안전운전불이행,건조,맑음,교차로 - 교차로안,승용,남,22세,부상신고,승용,남,45세,경상
2012080200100141,2012년 8월 2일 09시,목요일,울산광역시 남구 옥동,경상사고,0,0,1,0,차대차 - 측면직각충돌,신호위반,건조,맑음,교차로 - 교차로안,승용,여,71세,상해없음,승용,여,40세,경상
2012080200100142,2012년 8월 2일 09시,목요일,울산광역시 동구 전하동,중상사고,0,1,0,0,차대차 - 기타,직진우회전진행방해,건조,맑음,교차로 - 교차로안,승용,여,29세,상해없음,이륜,남,60세,중상
2012080200100262,2012년 8월 2일 13시,목요일,울산광역시 남구 삼산동,경상사고,0,0,1,0,차대사람 - 기타,안전운전불이행,건조,맑음,단일로 - 기타,승용,남,50세,상해없음,보행자,남,10세,경상
2012080200100359,2012년 8월 2일 16시,목요일,울산광역시 중구 성안동,경상사고,0,0,1,0,차대사람 - 보도통행중,기타,건조,맑음,단일로 - 기타,승용,남,42세,상해없음,보행자,남,62세,경상
2012080200100432,2012년 8월 2일 18시,목요일,울산광역시 남구 달동,경상사고,0,0,3,0,차대차 - 측면직각충돌,안전운전불이행,건조,맑음,교차로 - 교차로부근,승용,여,39세,상해없음,승용,여,50세,경상
2012080200100433,2012년 8월 2일 18시,목요일,울산광역시 북구 정자동,경상사고,0,0,1,0,차대차 - 측면직각충돌,직진우회전진행방해,건조,맑음,교차로 - 교차로안,승용,남,54세,상해없음,승용,남,50세,경상
2012080200100434,2012년 8월 2일 18시,목요일,울산광역시 울주군 언양읍,경상사고,0,0,1,0,차대차 - 측면직각충돌,교차로운행방법위반,건조,맑음,교차로 - 교차로안,원동기,남,22세,경상,승용,남,52세,상해없음
2012080300100019,2012년 8월 3일 00시,금요일,울산광역시 울주군 서생면,경상사고,0,0,1,0,차대사람 - 기타,안전운전불이행,건조,맑음,단일로 - 기타,승용,여,41세,상해없음,보행자,남,31세,경상
2012080300100033,2012년 8월 3일 01시,금요일,울산광역시 남구 달동,중상사고,0,1,0,0,차대사람 - 횡단중,안전운전불이행,건조,맑음,단일로 - 기타,승용,남,23세,상해없음,보행자,남,51세,중상
2012080300100034,2012년 8월 3일 01시,금요일,울산광역시 남구 삼산동,중상사고,0,1,0,0,차대사람 - 차도통행중,안전운전불이행,건조,맑음,단일로 - 기타,승용,남,42세,상해없음,보행자,남,48세,중상
2012080300100109,2012년 8월 3일 07시,금요일,울산광역시 울주군 온양읍,중상사고,0,1,1,0,차량단독 - 전도전복,안전운전불이행,건조,맑음,단일로 - 기타,승용,여,48세,경상,,,,
2012080300100185,2012년 8월 3일 10시,금요일,울산광역시 중구 학산동,경상사고,0,0,1,0,차대차 - 측면직각충돌,안전운전불이행,건조,맑음,단일로 - 기타,승용,여,54세,상해없음,승용,남,60세,경상
2012080300100186,2012년 8월 3일 10시,금요일,울산광역시 동구 동부동,경상사고,0,0,1,0,차대사람 - 횡단중,신호위반,건조,맑음,교차로 - 교차로부근,승용,남,45세,상해없음,보행자,여,40세,경상
2012080300100298,2012년 8월 3일 14시,금요일,울산광역시 중구 우정동,중상사고,0,1,0,0,차대차 - 측면직각충돌,안전운전불이행,건조,맑음,단일로 - 기타,승용,남,51세,상해없음,승용,남,27세,중상