사고번호,사고일시,요일,시군구,사고내용,사망자수,중상자수,경상자수,부상신고자수,사고유형,법규위반,노면상태,기상상태,도로형태,가해운전자 차종,가해운전자 성별,가해운전자 연령,가해운전자 상해정도,피해운전자 차종,피해운전자 성별,피해운전자 연령,피해운전자 상해정도
2012080300100299,2012년 8월 3일 14시,금요일,울산광역시 울주군 서생면,중상사고,0,2,0,0,차대차 - 측면직각충돌,중앙선침범,건조,맑음,단일로 - 기타,화물,남,58세,상해없음,승용,남,62세,중상
2012080300100362,2012년 8월 3일 16시,금요일,울산광역시 북구 정자동,경상사고,0,0,1,0,차대사람 - 횡단중,안전운전불이행,건조,맑음,단일로 - 기타,이륜,남,44세,상해없음,보행자,여,53세,경상
2012080300100405,2012년 8월 3일 17시,금요일,울산광역시 중구 반구동,중상사고,0,1,0,0,차대차 - 측면직각충돌,교차로운행방법위반,건조,맑음,교차로 - 교차로안,승용,남,19세,상해없음,승합,남,56세,상해없음
2012080300100406,2012년 8월 3일 17시,금요일,울산광역시 중구 다운동,경상사고,0,0,1,0,차대차 - 측면직각충돌,안전운전불이행,건조,맑음,교차로 - 교차로부근,화물,남,42세,상해없음,이륜,남,18세,경상
2012080300100407,2012년 8월 3일 17시,금요일,울산광역시 북구 효문동,경상사고,0,0,1,0,차대사람 - 기타,안전운전불이행,건조,맑음,단일로 - 기타,자전거,남,39세,상해없음,보행자,여,57세,경상
2012080300100534,2012년 8월 3일 20시,금요일,울산광역시 남구 옥동,중상사고,0,4,1,0,차대차 - 측면직각충돌,중앙선침범,건조,맑음,단일로 - 기타,승용,남,55세,상해없음,승용,남,57세,중상
2012080300100535,2012년 8월 3일 20시,금요일,울산광역시 남구 무거동,중상사고,0,1,0,0,차대차 - 측면직각충돌,신호위반,건조,맑음,단일로 - 횡단보도상,승용,남,58세,상해없음,자전거,남,40세,중상
2012080300100569,2012년 8월 3일 21시,금요일,울산광역시 남구 삼산동,중상사고,0,1,0,0,차대차 - 정면충돌,안전운전불이행,건조,맑음,교차로 - 교차로안,승용,남,56세,상해없음,승용,여,50세,중상
2012080300100623,2012년 8월 3일 23시,금요일,울산광역시 북구 연암동,경상사고,0,0,2,0,차대차 - 추돌 - 주정차중,안전운전불이행,건조,맑음,교차로 - 교차로부근,화물,남,36세,상해없음,승용,남,36세,경상
2012080300100624,2012년 8월 3일 23시,금요일,울산광역시 중구 반구동,경상사고,0,0,1,0,차대사람 - 기타,안전운전불이행,건조,맑음,단일로 - 기타,승합,기타불명,기타불명,기타불명,보행자,남,41세,경상
2012080400100045,2012년 8월 4일 02시,토요일,울산광역시 중구 우정동,경상사고,0,0,1,0,차대차 - 측면직각충돌,신호위반,건조,맑음,교차로 - 교차로안,이륜,남,16세,상해없음,이륜,남,16세,상해없음
2012080400100071,2012년 8월 4일 04시,토요일,울산광역시 남구 선암동,중상사고,0,2,2,0,차대차 - 추돌 - 주정차중,안전운전불이행,건조,맑음,단일로 - 기타,승용,여,27세,상해없음,승용,남,41세,중상
2012080400100201,2012년 8월 4일 11시,토요일,울산광역시 북구 호계동,경상사고,0,0,1,0,차대차 - 기타,안전운전불이행,건조,맑음,교차로 - 교차로부근,승용,여,48세,상해없음,승용,남,32세,기타불명
2012080400100229,2012년 8월 4일 12시,토요일,울산광역시 중구 남외동,중상사고,0,1,0,0,차대사람 - 횡단중,안전운전불이행,건조,맑음,단일로 - 횡단보도상,화물,남,38세,상해없음,보행자,여,85세,중상
2012080400100265,2012년 8월 4일 13시,토요일,울산광역시 울주군 삼남면,부상신고사고,0,0,0,4,차대차 - 측면직각충돌,교차로운행방법위반,건조,맑음,교차로 - 교차로안,승용,남,62세,부상신고,승용,남,51세,부상신고
2012080400100293,2012년 8월 4일 14시,토요일,울산광역시 동구 주전동,경상사고,0,0,1,0,차대차 - 기타,안전운전불이행,건조,맑음,단일로 - 기타,승용,여,32세,상해없음,승용,여,38세,상해없음
2012080400100331,2012년 8월 4일 15시,토요일,울산광역시 울주군 서생면,부상신고사고,0,0,0,1,차대차 - 추돌 - 진행중,안전운전불이행,건조,맑음,단일로 - 기타,승용,남,71세,상해없음,승용,남,24세,부상신고
2012080500100030,2012년 8월 5일 01시,일요일,울산광역시 남구 삼산동,경상사고,0,0,1,0,차대차 - 기타,기타,건조,맑음,단일로 - 기타,화물,남,36세,기타불명,승용,남,54세,경상
2012080500100057,2012년 8월 5일 03시,일요일,울산광역시 중구 북정동,경상사고,0,0,2,0,차대차 - 측면직각충돌,신호위반,건조,맑음,교차로 - 교차로안,승용,남,63세,상해없음,승용,남,55세,경상
2012080500100090,2012년 8월 5일 06시,일요일,울산광역시 남구 삼산동,경상사고,0,0,1,0,차대차 - 측면직각충돌,안전운전불이행,건조,맑음,교차로 - 교차로안,승용,남,38세,상해없음,승용,남,54세,경상
2012080500100129,2012년 8월 5일 09시,일요일,울산광역시 남구 삼산동,중상사고,0,2,0,0,차대차 - 측면직각충돌,신호위반,건조,맑음,교차로 - 교차로안,승용,남,62세,상해없음,승용,남,50세,중상
2012080500100174,2012년 8월 5일 11시,일요일,울산광역시 중구 반구동,중상사고,0,1,3,0,차대차 - 측면직각충돌,직진우회전진행방해,건조,맑음,교차로 - 교차로안,승용,여,38세,경상,승용,여,35세,중상
2012080500100199,2012년 8월 5일 12시,일요일,울산광역시 중구 옥교동,사망사고,1,0,0,0,차대차 - 측면직각충돌,안전운전불이행,건조,맑음,단일로 - 기타,화물,남,55세,상해없음,자전거,남,76세,사망
2012080500100225,2012년 8월 5일 13시,일요일,울산광역시 동구 동부동,경상사고,0,0,1,0,차대차 - 정면충돌,신호위반,건조,맑음,교차로 - 교차로안,승용,여,51세,상해없음,이륜,남,30세,경상
2012080500100226,2012년 8월 5일 13시,일요일,울산광역시 북구 신명동,경상사고,0,0,1,0,차대사람 - 횡단중,안전운전불이행,건조,맑음,단일로 - 기타,승용,여,50세,상해없음,보행자,여,13세,경상
2012080500100361,2012년 8월 5일 17시,일요일,울산광역시 동구 일산동,경상사고,0,0,1,0,차대차 - 측면직각충돌,직진우회전진행방해,건조,맑음,교차로 - 교차로안,이륜,남,49세,경상,승용,남,37세,상해없음
2012080500100502,2012년 8월 5일 21시,일요일,울산광역시 북구 양정동,경상사고,0,0,1,0,차대차 - 기타,안전거리미확보,건조,맑음,단일로 - 기타,승용,남,57세,상해없음,이륜,남,17세,경상
2012080600100008,2012년 8월 6일 00시,월요일,울산광역시 남구 무거동,사망사고,1,0,1,0,차대차 - 추돌 - 주정차중,안전운전불이행,건조,맑음,교차로 - 교차로부근,승용,남,34세,경상,이륜,남,51세,사망
2012080600100017,2012년 8월 6일 01시,월요일,울산광역시 북구 양정동,경상사고,0,0,1,0,차대차 - 기타,안전운전불이행,건조,맑음,단일로 - 기타,승용,남,26세,상해없음,승용,남,40세,경상
2012080600100018,2012년 8월 6일 01시,월요일,울산광역시 울주군 서생면,경상사고,0,0,1,0,차량단독 - 도로외이탈 - 추락,안전운전불이행,건조,맑음,단일로 - 기타,원동기,남,42세,경상,,,,
2012080600100021,2012년 8월 6일 02시,월요일,울산광역시 남구 삼산동,중상사고,0,1,0,0,차대차 - 기타,신호위반,건조,맑음,교차로 - 교차로안,이륜,남,16세,중상,승용,남,60세,상해없음
2012080600100115,2012년 8월 6일 08시,월요일,울산광역시 울주군 청량면,경상사고,0,0,3,0,차대차 - 추돌 - 진행중,안전거리미확보,건조,맑음,단일로 - 기타,승용,남,25세,경상,승용,남,59세,경상
2012080600100145,2012년 8월 6일 09시,월요일,울산광역시 울주군 상북면,중상사고,0,1,5,1,차량단독 - 공작물충돌,안전운전불이행,건조,맑음,단일로 - 기타,승합,남,54세,상해없음,,,,
2012080600100209,2012년 8월 6일 11시,월요일,울산광역시 북구 염포동,중상사고,0,3,0,0,차대차 - 측면직각충돌,중앙선침범,건조,맑음,교차로 - 교차로부근,승용,여,31세,상해없음,승용,남,29세,중상
2012080600100232,2012년 8월 6일 12시,월요일,울산광역시 동구 화정동,중상사고,0,1,0,0,차대차 - 측면직각충돌,교차로운행방법위반,건조,맑음,교차로 - 교차로안,이륜,남,55세,중상,승용,여,30세,상해없음
2012080600100257,2012년 8월 6일 13시,월요일,울산광역시 남구 신정동,중상사고,0,1,6,0,차대차 - 추돌 - 주정차중,안전운전불이행,건조,맑음,교차로 - 교차로부근,승용,여,49세,상해없음,승용,남,74세,중상
2012080600100290,2012년 8월 6일 14시,월요일,울산광역시 중구 반구동,경상사고,0,0,2,0,차대차 - 측면직각충돌,직진우회전진행방해,건조,맑음,교차로 - 교차로안,승용,남,52세,상해없음,승용,남,19세,경상
2012080600100438,2012년 8월 6일 18시,월요일,울산광역시 울주군 온산읍,경상사고,0,0,2,0,차대사람 - 횡단중,안전운전불이행,건조,맑음,단일로 - 기타,승용,여,31세,상해없음,보행자,여,43세,경상
2012080600100501,2012년 8월 6일 20시,월요일,울산광역시 중구 반구동,경상사고,0,0,1,0,차대차 - 기타,안전거리미확보,건조,맑음,단일로 - 기타,원동기,남,17세,경상,승용,남,24세,상해없음
2012080600100502,2012년 8월 6일 20시,월요일,울산광역시 남구 삼산동,중상사고,0,1,0,0,차대사람 - 보도통행중,안전운전불이행,건조,맑음,단일로 - 기타,승용,남,26세,상해없음,보행자,남,55세,중상
2012080600100503,2012년 8월 6일 20시,월요일,울산광역시 남구 삼산동,중상사고,0,1,0,0,차대차 - 측면직각충돌,차로위반,건조,맑음,단일로 - 기타,승용,남,30세,중상,화물,남,36세,상해없음
2012080600100563,2012년 8월 6일 22시,월요일,울산광역시 북구 연암동,경상사고,0,0,2,0,차대차 - 측면직각충돌,직진우회전진행방해,건조,맑음,교차로 - 교차로안,승용,남,71세,상해없음,원동기,남,16세,경상
2012080600100564,2012년 8월 6일 22시,월요일,울산광역시 북구 염포동,경상사고,0,0,1,0,차대차 - 추돌 - 주정차중,안전운전불이행,건조,맑음,교차로 - 교차로부근,승용,남,40세,상해없음,승용,남,42세,경상
2012080600100598,2012년 8월 6일 23시,월요일,울산광역시 남구 매암동,경상사고,0,0,1,0,차대차 - 기타,안전운전불이행,건조,맑음,단일로 - 기타,승용,남,41세,상해없음,이륜,남,35세,경상
2012080600100599,2012년 8월 6일 23시,월요일,울산광역시 남구 달동,경상사고,0,0,2,0,차대차 - 추돌 - 주정차중,안전운전불이행,건조,맑음,단일로 - 횡단보도부근,승용,남,34세,상해없음,승용,남,56세,경상
2012080700100138,2012년 8월 7일 08시,화요일,울산광역시 남구 옥동,경상사고,0,0,1,0,차대차 - 기타,신호위반,건조,맑음,교차로 - 교차로부근,승용,여,42세,상해없음,승용,여,43세,경상
2012080700100170,2012년 8월 7일 09시,화요일,울산광역시 북구 명촌동,중상사고,0,1,0,0,차대차 - 기타,안전거리미확보,건조,맑음,단일로 - 기타,화물,남,56세,상해없음,승용,남,68세,중상
2012080700100249,2012년 8월 7일 12시,화요일,울산광역시 동구 전하동,경상사고,0,0,1,0,차대차 - 추돌 - 진행중,안전운전불이행,건조,맑음,교차로 - 교차로부근,승용,남,39세,상해없음,이륜,남,61세,경상
2012080700100311,2012년 8월 7일 14시,화요일,울산광역시 동구 전하동,중상사고,0,1,0,0,차대차 - 측면직각충돌,안전운전불이행,건조,맑음,교차로 - 교차로안,승용,남,29세,상해없음,이륜,남,61세,중상
2012080700100422,2012년 8월 7일 17시,화요일,울산광역시 북구 명촌동,중상사고,0,1,0,0,차대사람 - 차도통행중,안전운전불이행,건조,맑음,단일로 - 기타,승용,남,37세,상해없음,보행자,남,14세,중상
2012080700100423,2012년 8월 7일 17시,화요일,울산광역시 울주군 청량면,경상사고,0,0,1,0,차대차 - 추돌 - 주정차중,안전거리미확보,건조,맑음,교차로 - 교차로부근,화물,남,51세,상해없음,승용,남,47세,경상
2012080700100463,2012년 8월 7일 18시,화요일,울산광역시 북구 양정동,경상사고,0,0,1,0,차대차 - 추돌 - 주정차중,안전운전불이행,건조,맑음,단일로 - 기타,승용,남,31세,상해없음,승합,남,58세,경상
2012080700100464,2012년 8월 7일 18시,화요일,울산광역시 울주군 범서읍,경상사고,0,0,1,0,차대차 - 측면직각충돌,직진우회전진행방해,건조,맑음,교차로 - 교차로부근,승용,남,44세,상해없음,승용,남,35세,경상
2012080700100509,2012년 8월 7일 19시,화요일,울산광역시 울주군 온양읍,경상사고,0,0,1,0,차대차 - 측면직각충돌,직진우회전진행방해,건조,맑음,교차로 - 교차로안,승용,남,20세,상해없음,승용,남,35세,경상
2012080700100617,2012년 8월 7일 22시,화요일,울산광역시 북구 무룡동,부상신고사고,0,0,0,1,차대사람 - 기타,안전운전불이행,건조,맑음,단일로 - 기타,기타불명,기타불명,기타불명,기타불명,보행자,여,45세,부상신고
2012080800100081,2012년 8월 8일 06시,수요일,울산광역시 중구 학성동,경상사고,0,0,1,0,차대사람 - 횡단중,신호위반,건조,맑음,단일로 - 기타,승용,남,23세,상해없음,보행자,여,41세,경상
2012080800100098,2012년 8월 8일 07시,수요일,울산광역시 울주군 온산읍,경상사고,0,0,2,0,차대차 - 측면직각충돌,직진우회전진행방해,건조,맑음,교차로 - 교차로안,건설기계,남,47세,상해없음,승합,남,30세,경상
2012080800100129,2012년 8월 8일 08시,수요일,울산광역시 북구 효문동,경상사고,0,0,2,0,차대차 - 측면직각충돌,직진우회전진행방해,건조,맑음,교차로 - 교차로안,승용,남,64세,상해없음,승용,남,38세,경상
2012080800100164,2012년 8월 8일 09시,수요일,울산광역시 북구 진장동,경상사고,0,0,8,0,차대차 - 기타,안전거리미확보,건조,맑음,단일로 - 기타,승용,남,50세,상해없음,승합,남,54세,상해없음
2012080800100165,2012년 8월 8일 09시,수요일,울산광역시 중구 복산동,경상사고,0,0,1,0,차대차 - 측면직각충돌,안전운전불이행,건조,맑음,단일로 - 기타,승용,여,44세,상해없음,농기계,여,54세,경상
2012080800100269,2012년 8월 8일 13시,수요일,울산광역시 남구 신정동,중상사고,0,1,0,0,차대사람 - 길가장자리구역통행중,기타,건조,맑음,단일로 - 기타,화물,여,51세,상해없음,보행자,여,78세,중상
2012080800100296,2012년 8월 8일 14시,수요일,울산광역시 남구 삼산동,경상사고,0,0,1,0,차대사람 - 기타,안전운전불이행,건조,맑음,단일로 - 기타,승용,여,43세,상해없음,보행자,남,35세,경상
2012080800100432,2012년 8월 8일 18시,수요일,울산광역시 중구 반구동,경상사고,0,0,1,0,차대차 - 측면직각충돌,안전운전불이행,건조,맑음,교차로 - 교차로안,승용,남,55세,상해없음,승용,여,30세,경상
2012080800100529,2012년 8월 8일 21시,수요일,울산광역시 울주군 온산읍,경상사고,0,0,1,0,차대차 - 측면직각충돌,직진우회전진행방해,건조,맑음,교차로 - 교차로안,승용,여,28세,상해없음,승합,남,47세,경상
2012080900100015,2012년 8월 9일 00시,목요일,울산광역시 남구 무거동,경상사고,0,0,1,0,차대차 - 추돌 - 진행중,안전운전불이행,건조,맑음,단일로 - 기타,승용,남,52세,상해없음,승용,남,24세,경상
2012080900100050,2012년 8월 9일 03시,목요일,울산광역시 중구 태화동,중상사고,0,1,0,0,차대사람 - 차도통행중,안전운전불이행,건조,맑음,단일로 - 기타,승용,남,30세,상해없음,보행자,남,53세,중상
2012080900100101,2012년 8월 9일 07시,목요일,울산광역시 남구 달동,중상사고,0,1,0,0,차대차 - 기타,안전운전불이행,건조,맑음,단일로 - 기타,승용,남,47세,상해없음,자전거,여,51세,중상
2012080900100135,2012년 8월 9일 08시,목요일,울산광역시 북구 염포동,중상사고,0,1,0,0,차대차 - 측면직각충돌,신호위반,건조,맑음,교차로 - 교차로안,승용,남,43세,상해없음,자전거,남,58세,중상
2012080900100188,2012년 8월 9일 11시,목요일,울산광역시 울주군 삼남면,경상사고,0,0,2,0,차대차 - 측면직각충돌,안전거리미확보,건조,맑음,단일로 - 기타,승용,여,34세,상해없음,승용,여,49세,경상
2012080900100284,2012년 8월 9일 14시,목요일,울산광역시 중구 남외동,중상사고,0,1,0,0,차대차 - 기타,안전운전불이행,건조,맑음,단일로 - 기타,기타불명,기타불명,기타불명,기타불명,자전거,남,18세,중상
2012080900100460,2012년 8월 9일 19시,목요일,울산광역시 동구 전하동,중상사고,0,1,0,0,차대사람 - 기타,기타,건조,맑음,단일로 - 기타,화물,남,43세,상해없음,보행자,남,46세,중상
2012080900100502,2012년 8월 9일 20시,목요일,울산광역시 중구 남외동,중상사고,0,1,0,0,차대차 - 기타,신호위반,건조,맑음,교차로 - 교차로안,승용,남,38세,상해없음,이륜,남,29세,중상
2012080900100503,2012년 8월 9일 20시,목요일,울산광역시 북구 달천동,중상사고,0,1,0,0,차대차 - 정면충돌,중앙선침범,건조,맑음,단일로 - 기타,승용,남,38세,상해없음,이륜,남,51세,중상
2012080900100521,2012년 8월 9일 21시,목요일,울산광역시 북구 연암동,경상사고,0,0,1,0,차대차 - 추돌 - 진행중,안전운전불이행,건조,맑음,교차로 - 교차로부근,화물,기타불명,기타불명,기타불명,승용,남,32세,경상
2012080900100579,2012년 8월 9일 23시,목요일,울산광역시 중구 학성동,중상사고,0,1,0,0,차대사람 - 횡단중,안전운전불이행,건조,흐림,단일로 - 기타,이륜,기타불명,기타불명,기타불명,보행자,남,54세,중상
2012081000100018,2012년 8월 10일 00시,금요일,울산광역시 남구 무거동,경상사고,0,0,1,0,차대차 - 측면직각충돌,안전운전불이행,건조,맑음,단일로 - 기타,화물,기타불명,기타불명,기타불명,승용,여,27세,경상
2012081000100040,2012년 8월 10일 01시,금요일,울산광역시 북구 신천동,사망사고,1,0,0,0,차대차 - 기타,안전운전불이행,건조,맑음,단일로 - 기타,승용,남,54세,상해없음,승용,남,57세,상해없음
2012081000100070,2012년 8월 10일 03시,금요일,울산광역시 남구 달동,중상사고,0,4,1,0,차대차 - 추돌 - 주정차중,안전운전불이행,건조,맑음,교차로 - 교차로부근,승용,남,40세,중상,승용,여,52세,중상
2012081000100098,2012년 8월 10일 06시,금요일,울산광역시 울주군 온산읍,중상사고,0,1,1,0,차대차 - 측면직각충돌,안전운전불이행,건조,맑음,단일로 - 기타,승용,남,42세,경상,승용,남,47세,중상
2012081000100119,2012년 8월 10일 07시,금요일,울산광역시 동구 방어동,중상사고,0,1,0,0,차대차 - 측면직각충돌,직진우회전진행방해,건조,맑음,교차로 - 교차로안,승용,여,46세,상해없음,원동기,남,65세,중상
2012081000100120,2012년 8월 10일 07시,금요일,울산광역시 동구 서부동,경상사고,0,0,1,0,차대차 - 측면직각충돌,직진우회전진행방해,건조,맑음,교차로 - 교차로안,이륜,남,51세,상해없음,자전거,남,45세,경상
2012081000100146,2012년 8월 10일 08시,금요일,울산광역시 동구 전하동,중상사고,0,1,0,0,차대사람 - 기타,안전운전불이행,건조,맑음,단일로 - 횡단보도부근,승용,남,39세,상해없음,보행자,여,27세,중상
2012081000100177,2012년 8월 10일 09시,금요일,울산광역시 북구 상안동,중상사고,0,1,0,0,차대사람 - 횡단중,신호위반,건조,맑음,단일로 - 횡단보도상,승합,남,55세,상해없음,보행자,여,9세,중상
2012081000100207,2012년 8월 10일 10시,금요일,울산광역시 북구 명촌동,중상사고,0,1,1,0,차대차 - 기타,안전거리미확보,건조,맑음,단일로 - 기타,화물,남,54세,상해없음,승용,남,61세,중상
2012081000100267,2012년 8월 10일 12시,금요일,울산광역시 북구 연암동,경상사고,0,0,1,0,차대차 - 기타,안전거리미확보,건조,맑음,단일로 - 기타,원동기,남,75세,경상,승용,여,28세,상해없음
2012081000100369,2012년 8월 10일 15시,금요일,울산광역시 중구 다운동,중상사고,0,1,0,0,차대차 - 기타,중앙선침범,습기,비,단일로 - 기타,승합,남,29세,중상,건설기계,남,44세,상해없음
2012081000100416,2012년 8월 10일 16시,금요일,울산광역시 남구 달동,중상사고,0,1,0,0,차대차 - 기타,신호위반,건조,맑음,교차로 - 교차로안,이륜,남,16세,중상,승용,남,38세,상해없음
2012081000100462,2012년 8월 10일 17시,금요일,울산광역시 울주군 서생면,경상사고,0,0,2,0,차대차 - 정면충돌,중앙선침범,건조,맑음,단일로 - 기타,승합,남,33세,상해없음,승용,남,59세,경상
2012081000100505,2012년 8월 10일 18시,금요일,울산광역시 중구 복산동,중상사고,0,1,0,1,차대차 - 측면직각충돌,직진우회전진행방해,건조,맑음,교차로 - 교차로안,승용,여,33세,부상신고,승용,남,31세,중상
2012081000100506,2012년 8월 10일 18시,금요일,울산광역시 남구 달동,중상사고,0,1,0,0,차대차 - 기타,안전거리미확보,건조,맑음,단일로 - 기타,승용,남,47세,상해없음,원동기,남,26세,중상
2012081000100544,2012년 8월 10일 19시,금요일,울산광역시 남구 달동,경상사고,0,0,1,0,차대사람 - 기타,안전운전불이행,건조,맑음,단일로 - 기타,승용,남,39세,상해없음,보행자,남,50세,경상
2012081000100545,2012년 8월 10일 19시,금요일,울산광역시 동구 서부동,중상사고,0,1,2,0,차대차 - 추돌 - 주정차중,안전운전불이행,건조,맑음,교차로 - 교차로부근,이륜,남,17세,중상,승용,여,49세,경상
2012081000100619,2012년 8월 10일 21시,금요일,울산광역시 동구 화정동,경상사고,0,0,1,0,차대차 - 측면직각충돌,교차로운행방법위반,건조,맑음,교차로 - 교차로안,승용,남,43세,상해없음,이륜,남,34세,경상
2012081000100620,2012년 8월 10일 21시,금요일,울산광역시 동구 서부동,경상사고,0,0,1,0,차대차 - 추돌 - 주정차중,안전운전불이행,습기,비,교차로 - 교차로부근,승용,남,61세,상해없음,이륜,남,17세,경상
2012081000100646,2012년 8월 10일 22시,금요일,울산광역시 울주군 온양읍,경상사고,0,0,1,0,차대차 - 기타,안전운전불이행,건조,맑음,단일로 - 기타,승용,남,49세,상해없음,화물,남,36세,기타불명
2012081100100058,2012년 8월 11일 01시,토요일,울산광역시 북구 천곡동,경상사고,0,0,1,0,차대차 - 추돌 - 주정차중,안전운전불이행,건조,맑음,교차로 - 교차로부근,승용,남,34세,상해없음,승용,여,44세,경상
2012081100100059,2012년 8월 11일 01시,토요일,울산광역시 동구 방어동,경상사고,0,0,2,0,차대차 - 기타,안전운전불이행,건조,맑음,단일로 - 횡단보도부근,승용,여,58세,상해없음,승용,남,55세,경상
2012081100100108,2012년 8월 11일 04시,토요일,울산광역시 남구 상개동,경상사고,0,0,3,0,차대차 - 측면직각충돌,안전거리미확보,건조,맑음,교차로 - 교차로안,승용,남,19세,상해없음,승용,남,28세,상해없음
2012081100100109,2012년 8월 11일 04시,토요일,울산광역시 남구 신정동,경상사고,0,0,1,0,차대차 - 기타,안전운전불이행,건조,맑음,단일로 - 기타,승용,기타불명,기타불명,기타불명,자전거,남,19세,경상
2012081100100257,2012년 8월 11일 12시,토요일,울산광역시 동구 서부동,경상사고,0,0,2,0,차대차 - 측면직각충돌,교차로운행방법위반,건조,맑음,교차로 - 교차로안,승용,여,50세,상해없음,이륜,남,19세,경상
2012081100100282,2012년 8월 11일 13시,토요일,울산광역시 남구 무거동,경상사고,0,0,1,0,차대사람 - 차도통행중,안전운전불이행,건조,맑음,단일로 - 기타,승용,기타불명,기타불명,기타불명,보행자,여,20세,경상
2012081100100394,2012년 8월 11일 17시,토요일,울산광역시 남구 신정동,중상사고,0,1,0,0,차대차 - 측면직각충돌,직진우회전진행방해,건조,맑음,교차로 - 교차로안,승용,여,36세,상해없음,이륜,남,42세,중상
2012081100100395,2012년 8월 11일 17시,토요일,울산광역시 동구 방어동,중상사고,0,1,0,0,차대차 - 추돌 - 진행중,중앙선침범,건조,맑음,단일로 - 기타,승용,남,30세,상해없음,이륜,남,36세,중상
2012081200100044,2012년 8월 12일 01시,일요일,울산광역시 동구 방어동,중상사고,0,1,0,0,차량단독 - 공작물충돌,안전운전불이행,건조,맑음,단일로 - 기타,승용,남,35세,중상,,,,
2012081200100085,2012년 8월 12일 04시,일요일,울산광역시 남구 야음동,경상사고,0,0,5,0,차대차 - 추돌 - 주정차중,안전운전불이행,건조,맑음,교차로 - 교차로부근,승용,남,28세,상해없음,승용,남,66세,경상
2012081200100145,2012년 8월 12일 08시,일요일,울산광역시 남구 신정동,중상사고,0,1,0,0,차대차 - 기타,교차로운행방법위반,건조,맑음,교차로 - 교차로안,승용,남,38세,상해없음,자전거,남,31세,중상
2012081200100158,2012년 8월 12일 09시,일요일,울산광역시 북구 양정동,중상사고,0,1,0,0,차량단독 - 기타,기타,건조,맑음,단일로 - 기타,승합,남,53세,기타불명,,,,
2012081200100181,2012년 8월 12일 10시,일요일,울산광역시 중구 옥교동,부상신고사고,0,0,0,1,차대차 - 측면직각충돌,직진우회전진행방해,건조,맑음,교차로 - 교차로안,이륜,남,68세,부상신고,승용,남,37세,상해없음
2012081200100236,2012년 8월 12일 13시,일요일,울산광역시 동구 주전동,경상사고,0,0,2,0,차대차 - 정면충돌,중앙선침범,건조,맑음,단일로 - 기타,승용,여,30세,상해없음,승용,남,27세,경상
2012081200100293,2012년 8월 12일 15시,일요일,울산광역시 울주군 청량면,부상신고사고,0,0,0,1,차대사람 - 기타,기타,건조,흐림,교차로 - 교차로부근,승용,남,42세,상해없음,보행자,남,61세,부상신고
2012081200100324,2012년 8월 12일 16시,일요일,울산광역시 남구 달동,경상사고,0,0,1,0,차대차 - 측면직각충돌,안전운전불이행,건조,맑음,단일로 - 기타,화물,남,48세,상해없음,승용,여,43세,경상
2012081200100361,2012년 8월 12일 17시,일요일,울산광역시 남구 신정동,중상사고,0,1,0,0,차대차 - 측면직각충돌,중앙선침범,건조,맑음,교차로 - 교차로부근,자전거,남,42세,중상,승용,남,23세,상해없음
2012081200100393,2012년 8월 12일 18시,일요일,울산광역시 중구 반구동,중상사고,0,1,0,0,차대차 - 측면직각충돌,신호위반,습기,비,교차로 - 교차로안,승용,여,50세,상해없음,승용,남,53세,상해없음
2012081200100450,2012년 8월 12일 20시,일요일,울산광역시 동구 방어동,경상사고,0,0,2,0,차대차 - 추돌 - 진행중,안전거리미확보,건조,맑음,단일로 - 기타,승용,여,27세,상해없음,승용,남,50세,경상
2012081200100513,2012년 8월 12일 22시,일요일,울산광역시 동구 일산동,경상사고,0,0,1,0,차대사람 - 길가장자리구역통행중,안전운전불이행,건조,맑음,단일로 - 기타,승용,남,56세,상해없음,보행자,남,46세,경상
2012081300100021,2012년 8월 13일 00시,월요일,울산광역시 남구 신정동,중상사고,0,1,1,0,차대차 - 측면직각충돌,안전거리미확보,건조,흐림,단일로 - 기타,승용,남,21세,상해없음,이륜,남,17세,경상
2012081300100022,2012년 8월 13일 00시,월요일,울산광역시 울주군 서생면,중상사고,0,1,1,0,차대차 - 정면충돌,중앙선침범,건조,맑음,단일로 - 기타,승용,여,45세,중상,승용,남,19세,경상
2012081300100072,2012년 8월 13일 06시,월요일,울산광역시 남구 삼산동,경상사고,0,0,2,0,차대차 - 측면직각충돌,중앙선침범,습기,비,단일로 - 기타,승용,남,42세,상해없음,승용,남,65세,경상
2012081300100091,2012년 8월 13일 07시,월요일,울산광역시 동구 서부동,경상사고,0,0,1,0,차대차 - 기타,신호위반,습기,비,교차로 - 교차로부근,승용,기타불명,기타불명,기타불명,이륜,남,27세,경상
2012081300100118,2012년 8월 13일 08시,월요일,울산광역시 중구 유곡동,경상사고,0,0,2,0,차대차 - 측면직각충돌,안전운전불이행,습기,비,교차로 - 교차로부근,화물,남,34세,상해없음,화물,남,64세,경상
2012081300100149,2012년 8월 13일 09시,월요일,울산광역시 중구 반구동,경상사고,0,0,1,0,차대차 - 측면직각충돌,안전운전불이행,습기,비,단일로 - 기타,이륜,남,31세,상해없음,이륜,남,49세,경상