사고번호,사고일시,요일,시군구,사고내용,사망자수,중상자수,경상자수,부상신고자수,사고유형,법규위반,노면상태,기상상태,도로형태,가해운전자 차종,가해운전자 성별,가해운전자 연령,가해운전자 상해정도,피해운전자 차종,피해운전자 성별,피해운전자 연령,피해운전자 상해정도
2012081300100244,2012년 8월 13일 12시,월요일,울산광역시 남구 신정동,경상사고,0,0,1,0,차대차 - 추돌 - 주정차중,안전거리미확보,건조,흐림,교차로 - 교차로부근,승용,남,44세,상해없음,승용,여,53세,경상
2012081300100268,2012년 8월 13일 13시,월요일,울산광역시 울주군 언양읍,중상사고,0,1,1,0,차대차 - 측면직각충돌,신호위반,습기,비,교차로 - 교차로안,승용,남,51세,상해없음,승용,남,53세,중상
2012081300100347,2012년 8월 13일 15시,월요일,울산광역시 중구 남외동,경상사고,0,0,1,0,차대사람 - 횡단중,안전운전불이행,건조,맑음,교차로 - 교차로안,기타불명,기타불명,기타불명,기타불명,보행자,여,18세,경상
2012081300100348,2012년 8월 13일 15시,월요일,울산광역시 울주군 범서읍,중상사고,0,1,1,0,차대차 - 기타,안전운전불이행,건조,맑음,교차로 - 교차로부근,승용,남,38세,상해없음,승합,남,31세,상해없음
2012081300100385,2012년 8월 13일 16시,월요일,울산광역시 중구 태화동,중상사고,0,1,0,0,차대차 - 측면직각충돌,교차로운행방법위반,건조,맑음,교차로 - 교차로안,승용,여,25세,상해없음,이륜,남,51세,중상
2012081300100411,2012년 8월 13일 17시,월요일,울산광역시 북구 명촌동,중상사고,0,1,2,1,차대차 - 측면직각충돌,안전운전불이행,건조,맑음,단일로 - 기타,이륜,남,48세,부상신고,이륜,남,35세,중상
2012081300100412,2012년 8월 13일 17시,월요일,울산광역시 남구 달동,경상사고,0,0,1,0,차대차 - 기타,신호위반,건조,맑음,교차로 - 교차로안,승용,남,56세,상해없음,이륜,남,51세,경상
2012081300100457,2012년 8월 13일 18시,월요일,울산광역시 동구 화정동,중상사고,0,1,0,0,차대사람 - 기타,보행자보호의무위반,건조,맑음,단일로 - 횡단보도상,승용,남,38세,상해없음,보행자,여,41세,중상
2012081300100538,2012년 8월 13일 20시,월요일,울산광역시 남구 무거동,경상사고,0,0,1,0,차대차 - 측면직각충돌,중앙선침범,건조,맑음,단일로 - 기타,승용,여,44세,상해없음,승용,남,27세,경상
2012081300100539,2012년 8월 13일 20시,월요일,울산광역시 울주군 온산읍,경상사고,0,0,1,0,차대사람 - 기타,안전운전불이행,건조,맑음,단일로 - 기타,승용,남,47세,상해없음,보행자,남,42세,경상
2012081300100567,2012년 8월 13일 21시,월요일,울산광역시 중구 태화동,중상사고,0,1,0,0,차대차 - 정면충돌,안전운전불이행,습기,비,교차로 - 교차로안,승용,여,46세,상해없음,이륜,남,29세,중상
2012081300100568,2012년 8월 13일 21시,월요일,울산광역시 남구 달동,중상사고,0,1,0,0,차대차 - 측면직각충돌,교차로운행방법위반,건조,맑음,교차로 - 교차로안,승용,여,29세,상해없음,이륜,남,23세,중상
2012081300100622,2012년 8월 13일 23시,월요일,울산광역시 동구 화정동,중상사고,0,1,0,0,차대사람 - 횡단중,안전운전불이행,건조,맑음,교차로 - 교차로안,이륜,남,17세,상해없음,보행자,남,29세,중상
2012081400100037,2012년 8월 14일 01시,화요일,울산광역시 중구 다운동,경상사고,0,0,1,0,차대사람 - 기타,안전운전불이행,건조,맑음,단일로 - 기타,기타불명,기타불명,기타불명,기타불명,보행자,남,30세,경상
2012081400100082,2012년 8월 14일 05시,화요일,울산광역시 북구 상안동,사망사고,2,1,3,0,차대차 - 측면직각충돌,신호위반,습기,비,교차로 - 교차로안,승합,남,59세,상해없음,승용,남,58세,중상
2012081400100115,2012년 8월 14일 07시,화요일,울산광역시 중구 남외동,경상사고,0,0,1,0,차대차 - 측면직각충돌,안전거리미확보,건조,흐림,단일로 - 기타,승용,남,49세,상해없음,이륜,남,28세,경상
2012081400100116,2012년 8월 14일 07시,화요일,울산광역시 북구 호계동,경상사고,0,0,1,0,차대차 - 측면직각충돌,교차로운행방법위반,건조,흐림,교차로 - 교차로안,승용,남,31세,상해없음,승용,남,29세,경상
2012081400100134,2012년 8월 14일 08시,화요일,울산광역시 동구 방어동,중상사고,0,1,0,0,차대차 - 추돌 - 주정차중,안전거리미확보,건조,맑음,단일로 - 기타,이륜,남,40세,중상,승용,남,44세,상해없음
2012081400100135,2012년 8월 14일 08시,화요일,울산광역시 동구 일산동,경상사고,0,0,1,0,차대차 - 추돌 - 진행중,안전거리미확보,건조,맑음,교차로 - 교차로부근,화물,남,66세,상해없음,승용,남,57세,경상
2012081400100164,2012년 8월 14일 09시,화요일,울산광역시 남구 신정동,경상사고,0,0,1,0,차대차 - 기타,중앙선침범,건조,맑음,교차로 - 교차로부근,승용,남,37세,상해없음,이륜,남,18세,경상
2012081400100183,2012년 8월 14일 10시,화요일,울산광역시 울주군 온산읍,중상사고,0,1,0,0,차대사람 - 횡단중,보행자보호의무위반,습기,흐림,교차로 - 교차로부근,화물,남,55세,상해없음,보행자,여,69세,중상
2012081400100213,2012년 8월 14일 11시,화요일,울산광역시 북구 천곡동,경상사고,0,0,1,0,차대차 - 측면직각충돌,안전운전불이행,건조,맑음,단일로 - 기타,화물,남,52세,상해없음,승용,여,47세,경상
2012081400100214,2012년 8월 14일 11시,화요일,울산광역시 울주군 청량면,경상사고,0,0,1,0,차대차 - 기타,안전거리미확보,습기,비,교차로 - 교차로부근,화물,남,59세,상해없음,승용,여,41세,경상
2012081400100251,2012년 8월 14일 12시,화요일,울산광역시 북구 염포동,경상사고,0,0,1,0,차대차 - 추돌 - 진행중,안전운전불이행,건조,맑음,단일로 - 기타,이륜,남,26세,경상,승용,남,53세,상해없음
2012081400100277,2012년 8월 14일 13시,화요일,울산광역시 남구 삼산동,경상사고,0,0,5,0,차대차 - 추돌 - 주정차중,안전거리미확보,건조,맑음,교차로 - 교차로부근,승용,남,50세,상해없음,승용,남,35세,경상
2012081400100372,2012년 8월 14일 16시,화요일,울산광역시 울주군 두서면,부상신고사고,0,0,0,1,차대차 - 기타,안전운전불이행,건조,맑음,교차로 - 교차로부근,화물,남,50세,상해없음,승용,남,62세,부상신고
2012081400100481,2012년 8월 14일 19시,화요일,울산광역시 중구 성안동,경상사고,0,0,1,0,차대차 - 측면직각충돌,직진우회전진행방해,건조,맑음,교차로 - 교차로안,화물,남,51세,기타불명,승용,남,40세,경상
2012081400100532,2012년 8월 14일 20시,화요일,울산광역시 중구 성남동,중상사고,0,1,0,0,차대차 - 측면직각충돌,안전거리미확보,습기,비,단일로 - 기타,승용,남,51세,상해없음,이륜,남,42세,중상
2012081400100580,2012년 8월 14일 21시,화요일,울산광역시 중구 다운동,중상사고,0,1,0,0,차대차 - 측면직각충돌,직진우회전진행방해,건조,맑음,교차로 - 교차로안,승용,여,27세,상해없음,이륜,남,18세,중상
2012081400100626,2012년 8월 14일 22시,화요일,울산광역시 북구 창평동,경상사고,0,0,2,0,차대사람 - 길가장자리구역통행중,안전운전불이행,습기,비,단일로 - 기타,기타불명,기타불명,기타불명,기타불명,보행자,여,42세,경상
2012081400100627,2012년 8월 14일 22시,화요일,울산광역시 북구 달천동,경상사고,0,0,1,0,차대차 - 측면직각충돌,신호위반,건조,맑음,교차로 - 교차로안,승용,남,35세,상해없음,승용,남,40세,경상
2012081400100628,2012년 8월 14일 22시,화요일,울산광역시 동구 방어동,경상사고,0,0,4,0,차대차 - 추돌 - 주정차중,안전운전불이행,습기,비,단일로 - 기타,승용,남,37세,상해없음,승용,여,36세,경상
2012081500100054,2012년 8월 15일 00시,수요일,울산광역시 울주군 웅촌면,중상사고,0,1,1,0,차대차 - 추돌 - 진행중,안전거리미확보,기타,흐림,단일로 - 기타,승용,여,48세,경상,승용,남,55세,중상
2012081500100118,2012년 8월 15일 02시,수요일,울산광역시 남구 달동,경상사고,0,0,2,0,차대차 - 기타,안전운전불이행,습기,비,교차로 - 교차로안,승용,남,33세,상해없음,승용,남,57세,경상
2012081500100119,2012년 8월 15일 02시,수요일,울산광역시 울주군 청량면,부상신고사고,0,0,0,1,차량단독 - 공작물충돌,안전운전불이행,습기,비,교차로 - 교차로부근,승용,남,55세,상해없음,,,,
2012081500100218,2012년 8월 15일 06시,수요일,울산광역시 남구 신정동,중상사고,0,2,1,0,차대차 - 측면직각충돌,안전운전불이행,습기,흐림,교차로 - 교차로부근,승용,남,48세,경상,화물,남,42세,중상
2012081500100219,2012년 8월 15일 06시,수요일,울산광역시 남구 신정동,중상사고,0,1,0,0,차대차 - 추돌 - 주정차중,안전운전불이행,건조,맑음,단일로 - 기타,승용,여,50세,중상,화물,남,45세,기타불명
2012081500100231,2012년 8월 15일 07시,수요일,울산광역시 북구 매곡동,중상사고,0,1,0,0,차대차 - 측면직각충돌,신호위반,건조,맑음,교차로 - 교차로안,이륜,남,65세,중상,승용,남,31세,상해없음
2012081500100300,2012년 8월 15일 11시,수요일,울산광역시 중구 학산동,경상사고,0,0,1,0,차대사람 - 기타,안전운전불이행,건조,맑음,단일로 - 기타,화물,남,43세,상해없음,보행자,여,68세,경상
2012081500100319,2012년 8월 15일 12시,수요일,울산광역시 울주군 상북면,경상사고,0,0,1,0,차대차 - 측면직각충돌,교차로운행방법위반,건조,맑음,교차로 - 교차로안,승용,남,82세,상해없음,승용,여,45세,경상
2012081500100356,2012년 8월 15일 14시,수요일,울산광역시 남구 무거동,중상사고,0,1,0,0,차대차 - 추돌 - 주정차중,안전운전불이행,습기,흐림,교차로 - 교차로부근,이륜,남,16세,중상,승용,남,37세,상해없음
2012081500100441,2012년 8월 15일 19시,수요일,울산광역시 울주군 두서면,중상사고,0,2,0,0,차대차 - 기타,안전운전불이행,건조,맑음,단일로 - 기타,승용,남,25세,상해없음,승용,여,49세,중상
2012081500100522,2012년 8월 15일 20시,수요일,울산광역시 중구 반구동,경상사고,0,0,3,0,차대차 - 추돌 - 주정차중,안전운전불이행,습기,흐림,단일로 - 기타,승용,남,28세,상해없음,승용,여,48세,경상
2012081500100523,2012년 8월 15일 20시,수요일,울산광역시 남구 무거동,중상사고,0,1,0,0,차대사람 - 차도통행중,안전운전불이행,건조,흐림,교차로 - 교차로부근,승용,남,54세,상해없음,보행자,남,62세,중상
2012081500100524,2012년 8월 15일 20시,수요일,울산광역시 울주군 범서읍,중상사고,0,1,3,0,차대차 - 기타,차로위반,습기,비,단일로 - 기타,승용,여,41세,상해없음,승용,남,40세,경상
2012081500100563,2012년 8월 15일 21시,수요일,울산광역시 북구 연암동,중상사고,0,1,0,0,차대차 - 측면직각충돌,안전운전불이행,건조,맑음,단일로 - 기타,승용,기타불명,기타불명,기타불명,이륜,남,17세,중상
2012081500100564,2012년 8월 15일 21시,수요일,울산광역시 울주군 온양읍,중상사고,0,1,0,0,차대차 - 기타,중앙선침범,건조,맑음,단일로 - 기타,승용,남,57세,상해없음,승용,여,27세,상해없음
2012081600100132,2012년 8월 16일 08시,목요일,울산광역시 울주군 온양읍,부상신고사고,0,0,0,1,차대차 - 측면직각충돌,교차로운행방법위반,건조,맑음,교차로 - 교차로안,승용,여,42세,상해없음,이륜,남,45세,부상신고
2012081600100237,2012년 8월 16일 12시,목요일,울산광역시 북구 매곡동,중상사고,0,1,1,0,차대차 - 측면직각충돌,안전거리미확보,건조,맑음,교차로 - 교차로부근,승용,남,23세,상해없음,승용,여,43세,중상
2012081600100263,2012년 8월 16일 13시,목요일,울산광역시 동구 방어동,중상사고,0,1,0,0,차대차 - 측면직각충돌,교차로운행방법위반,건조,맑음,교차로 - 교차로안,승용,남,52세,상해없음,이륜,남,81세,중상
2012081600100364,2012년 8월 16일 16시,목요일,울산광역시 북구 산하동,경상사고,0,0,2,0,차대차 - 추돌 - 진행중,안전운전불이행,건조,맑음,단일로 - 기타,이륜,남,16세,경상,승용,남,42세,상해없음
2012081600100390,2012년 8월 16일 17시,목요일,울산광역시 북구 명촌동,경상사고,0,0,1,0,차대차 - 측면직각충돌,안전거리미확보,습기,비,단일로 - 기타,승용,남,64세,상해없음,승용,여,43세,경상
2012081600100391,2012년 8월 16일 17시,목요일,울산광역시 동구 방어동,경상사고,0,0,1,0,차대사람 - 기타,안전운전불이행,건조,맑음,교차로 - 교차로안,승용,남,47세,상해없음,보행자,남,44세,경상
2012081600100392,2012년 8월 16일 17시,목요일,울산광역시 북구 염포동,중상사고,0,1,2,0,차대사람 - 횡단중,안전운전불이행,건조,맑음,단일로 - 기타,이륜,남,52세,중상,보행자,남,30세,경상
2012081600100393,2012년 8월 16일 17시,목요일,울산광역시 울주군 온산읍,경상사고,0,0,2,0,차대차 - 추돌 - 진행중,안전거리미확보,건조,맑음,교차로 - 교차로부근,화물,남,35세,상해없음,승용,여,55세,경상
2012081600100430,2012년 8월 16일 18시,목요일,울산광역시 중구 반구동,사망사고,1,0,0,0,차량단독 - 기타,안전운전불이행,습기,비,단일로 - 기타,자전거,남,70세,사망,,,,
2012081600100431,2012년 8월 16일 18시,목요일,울산광역시 동구 동부동,경상사고,0,0,1,0,차대사람 - 기타,보행자보호의무위반,건조,맑음,단일로 - 횡단보도상,승용,남,47세,상해없음,보행자,여,28세,경상
2012081600100501,2012년 8월 16일 20시,목요일,울산광역시 중구 태화동,부상신고사고,0,0,0,1,차대사람 - 기타,안전운전불이행,건조,맑음,교차로 - 교차로안,승용,여,47세,상해없음,보행자,남,42세,부상신고
2012081600100552,2012년 8월 16일 22시,목요일,울산광역시 울주군 언양읍,부상신고사고,0,0,0,1,차대차 - 측면직각충돌,교차로운행방법위반,습기,흐림,교차로 - 교차로안,승용,여,46세,상해없음,원동기,남,31세,부상신고
2012081600100586,2012년 8월 16일 23시,목요일,울산광역시 북구 연암동,경상사고,0,0,3,0,차대차 - 추돌 - 진행중,안전운전불이행,건조,맑음,단일로 - 기타,승용,남,28세,경상,승용,남,38세,경상
2012081700100017,2012년 8월 17일 00시,금요일,울산광역시 중구 다운동,중상사고,0,3,1,0,차대차 - 기타,신호위반,건조,맑음,교차로 - 교차로안,화물,남,45세,상해없음,승용,여,45세,중상
2012081700100018,2012년 8월 17일 00시,금요일,울산광역시 남구 야음동,경상사고,0,0,1,0,차대차 - 추돌 - 주정차중,안전운전불이행,습기,비,교차로 - 교차로부근,승용,남,32세,상해없음,승용,남,25세,경상
2012081700100059,2012년 8월 17일 04시,금요일,울산광역시 남구 옥동,중상사고,0,1,3,0,차대차 - 추돌 - 주정차중,안전운전불이행,건조,맑음,교차로 - 교차로부근,승용,남,43세,상해없음,승용,남,61세,경상
2012081700100124,2012년 8월 17일 08시,금요일,울산광역시 남구 선암동,중상사고,0,1,2,0,차대차 - 측면직각충돌,교차로운행방법위반,건조,맑음,교차로 - 교차로안,승용,남,29세,경상,자전거,남,65세,중상
2012081700100199,2012년 8월 17일 11시,금요일,울산광역시 동구 화정동,경상사고,0,0,1,0,차대차 - 측면직각충돌,차로위반,건조,맑음,단일로 - 기타,승용,남,60세,상해없음,이륜,남,19세,경상
2012081700100200,2012년 8월 17일 11시,금요일,울산광역시 울주군 언양읍,중상사고,0,1,1,0,차대사람 - 횡단중,신호위반,건조,맑음,교차로 - 교차로부근,승용,여,55세,상해없음,보행자,여,72세,경상
2012081700100348,2012년 8월 17일 16시,금요일,울산광역시 중구 남외동,중상사고,0,1,0,0,차대사람 - 횡단중,보행자보호의무위반,건조,맑음,단일로 - 기타,화물,남,34세,상해없음,보행자,남,8세,중상
2012081700100463,2012년 8월 17일 19시,금요일,울산광역시 중구 교동,경상사고,0,0,1,0,차대차 - 측면직각충돌,직진우회전진행방해,건조,맑음,교차로 - 교차로안,승용,남,63세,상해없음,승용,여,48세,경상
2012081700100586,2012년 8월 17일 22시,금요일,울산광역시 북구 창평동,경상사고,0,0,1,0,차대사람 - 기타,기타,건조,맑음,단일로 - 기타,승합,남,49세,기타불명,보행자,남,69세,경상
2012081800100050,2012년 8월 18일 01시,토요일,울산광역시 남구 달동,경상사고,0,0,1,0,차대차 - 측면직각충돌,안전거리미확보,건조,맑음,교차로 - 교차로부근,승용,여,50세,상해없음,이륜,남,32세,경상
2012081800100051,2012년 8월 18일 01시,토요일,울산광역시 남구 삼산동,경상사고,0,0,1,0,차대사람 - 기타,안전운전불이행,건조,맑음,단일로 - 기타,승용,남,25세,상해없음,보행자,남,48세,경상
2012081800100088,2012년 8월 18일 03시,토요일,울산광역시 북구 창평동,경상사고,0,0,2,0,차대차 - 기타,기타,건조,맑음,단일로 - 기타,화물,남,51세,상해없음,승용,남,54세,경상
2012081800100102,2012년 8월 18일 04시,토요일,울산광역시 남구 무거동,중상사고,0,1,0,0,차대사람 - 횡단중,보행자보호의무위반,건조,맑음,교차로 - 교차로부근,승용,남,39세,상해없음,보행자,여,50세,중상
2012081800100166,2012년 8월 18일 08시,토요일,울산광역시 울주군 온산읍,중상사고,0,3,1,1,차대차 - 기타,중앙선침범,건조,맑음,단일로 - 기타,승용,여,30세,중상,승용,남,34세,부상신고
2012081800100206,2012년 8월 18일 10시,토요일,울산광역시 남구 신정동,경상사고,0,0,1,0,차대차 - 추돌 - 주정차중,안전운전불이행,건조,맑음,단일로 - 기타,승용,남,45세,상해없음,승용,여,27세,경상
2012081800100261,2012년 8월 18일 12시,토요일,울산광역시 울주군 온산읍,경상사고,0,0,1,0,차대차 - 기타,중앙선침범,건조,맑음,단일로 - 기타,승용,남,35세,상해없음,승용,남,64세,경상
2012081800100326,2012년 8월 18일 14시,토요일,울산광역시 울주군 청량면,사망사고,1,0,0,0,차량단독 - 공작물충돌,안전운전불이행,건조,맑음,단일로 - 기타,승용,남,73세,사망,,,,
2012081800100427,2012년 8월 18일 17시,토요일,울산광역시 중구 남외동,중상사고,0,1,0,0,차대차 - 측면직각충돌,신호위반,건조,맑음,교차로 - 교차로부근,승용,남,53세,상해없음,이륜,남,52세,중상
2012081900100008,2012년 8월 19일 00시,일요일,울산광역시 울주군 범서읍,중상사고,0,5,1,1,차대차 - 측면직각충돌,안전운전불이행,건조,맑음,단일로 - 기타,승용,남,23세,중상,승합,남,38세,중상
2012081900100053,2012년 8월 19일 02시,일요일,울산광역시 동구 일산동,경상사고,0,0,1,0,차대차 - 측면직각충돌,교차로운행방법위반,건조,맑음,교차로 - 교차로안,승용,남,39세,상해없음,승합,남,25세,경상
2012081900100080,2012년 8월 19일 04시,일요일,울산광역시 북구 호계동,중상사고,0,1,1,0,차대차 - 측면직각충돌,직진우회전진행방해,건조,맑음,교차로 - 교차로안,이륜,남,25세,경상,승용,남,62세,상해없음
2012081900100120,2012년 8월 19일 07시,일요일,울산광역시 북구 중산동,경상사고,0,0,1,0,차대차 - 측면직각충돌,안전운전불이행,건조,맑음,단일로 - 기타,승용,남,33세,상해없음,승용,남,47세,경상
2012081900100148,2012년 8월 19일 09시,일요일,울산광역시 북구 화봉동,경상사고,0,0,1,0,차대차 - 측면직각충돌,안전거리미확보,건조,맑음,단일로 - 기타,승용,남,44세,상해없음,화물,남,52세,경상
2012081900100178,2012년 8월 19일 11시,일요일,울산광역시 북구 산하동,경상사고,0,0,2,0,차량단독 - 기타,안전운전불이행,건조,맑음,단일로 - 기타,이륜,남,17세,경상,,,,
2012081900100198,2012년 8월 19일 12시,일요일,울산광역시 동구 전하동,중상사고,0,1,0,0,차대차 - 측면직각충돌,안전운전불이행,건조,맑음,교차로 - 교차로안,승용,여,59세,상해없음,이륜,남,24세,중상
2012081900100216,2012년 8월 19일 13시,일요일,울산광역시 남구 무거동,중상사고,0,1,0,0,차대차 - 측면직각충돌,신호위반,건조,맑음,교차로 - 교차로안,승용,여,22세,상해없음,자전거,남,21세,중상
2012081900100378,2012년 8월 19일 19시,일요일,울산광역시 울주군 삼남면,경상사고,0,0,1,0,차대차 - 기타,안전운전불이행,건조,흐림,단일로 - 기타,승용,남,70세,기타불명,승용,남,42세,경상
2012081900100407,2012년 8월 19일 20시,일요일,울산광역시 남구 삼산동,경상사고,0,0,2,0,차대차 - 정면충돌,신호위반,건조,맑음,교차로 - 교차로안,승용,남,49세,상해없음,승용,남,51세,경상
2012081900100437,2012년 8월 19일 21시,일요일,울산광역시 동구 전하동,경상사고,0,0,2,0,차대차 - 측면직각충돌,교차로운행방법위반,건조,맑음,교차로 - 교차로안,승용,남,45세,경상,승용,남,63세,경상
2012082000100003,2012년 8월 20일 00시,월요일,울산광역시 울주군 온양읍,사망사고,1,0,0,0,차량단독 - 공작물충돌,안전운전불이행,건조,맑음,단일로 - 터널,승용,남,52세,사망,,,,
2012082000100087,2012년 8월 20일 06시,월요일,울산광역시 남구 신정동,경상사고,0,0,1,0,차대차 - 기타,안전운전불이행,건조,맑음,교차로 - 교차로안,자전거,남,30세,경상,승용,남,47세,상해없음
2012082000100088,2012년 8월 20일 06시,월요일,울산광역시 울주군 온산읍,경상사고,0,0,1,0,차대차 - 기타,신호위반,건조,맑음,교차로 - 교차로안,승용,남,45세,상해없음,승용,남,37세,경상
2012082000100248,2012년 8월 20일 12시,월요일,울산광역시 남구 신정동,경상사고,0,0,1,0,차대차 - 기타,안전운전불이행,건조,맑음,교차로 - 교차로부근,승합,여,57세,상해없음,승용,남,38세,경상
2012082000100249,2012년 8월 20일 12시,월요일,울산광역시 남구 삼산동,경상사고,0,0,1,0,차대차 - 추돌 - 진행중,안전운전불이행,건조,맑음,교차로 - 교차로안,승용,남,49세,상해없음,승용,남,32세,경상
2012082000100376,2012년 8월 20일 16시,월요일,울산광역시 북구 화봉동,경상사고,0,0,1,0,차대사람 - 기타,안전운전불이행,건조,맑음,단일로 - 기타,기타불명,기타불명,기타불명,기타불명,보행자,남,16세,경상
2012082000100444,2012년 8월 20일 18시,월요일,울산광역시 북구 무룡동,중상사고,0,1,0,0,차대차 - 기타,안전운전불이행,건조,맑음,단일로 - 기타,승용,기타불명,기타불명,기타불명,자전거,남,46세,중상
2012082000100522,2012년 8월 20일 20시,월요일,울산광역시 북구 연암동,중상사고,0,1,2,1,차대차 - 추돌 - 주정차중,안전운전불이행,건조,맑음,단일로 - 기타,승용,여,39세,부상신고,화물,남,58세,경상
2012082000100523,2012년 8월 20일 20시,월요일,울산광역시 북구 진장동,경상사고,0,0,1,0,차대차 - 추돌 - 주정차중,안전운전불이행,건조,맑음,단일로 - 기타,승용,남,56세,기타불명,승용,남,49세,경상
2012082000100524,2012년 8월 20일 20시,월요일,울산광역시 남구 신정동,경상사고,0,0,1,0,차대차 - 추돌 - 진행중,안전운전불이행,건조,맑음,단일로 - 기타,승용,남,56세,상해없음,승용,남,41세,경상
2012082000100525,2012년 8월 20일 20시,월요일,울산광역시 남구 신정동,경상사고,0,0,1,0,차대사람 - 횡단중,보행자보호의무위반,건조,맑음,교차로 - 교차로부근,승용,남,65세,상해없음,보행자,남,63세,경상
2012082000100567,2012년 8월 20일 21시,월요일,울산광역시 북구 상안동,경상사고,0,0,1,0,차대차 - 측면직각충돌,신호위반,건조,맑음,교차로 - 교차로안,승용,남,38세,상해없음,화물,남,55세,경상
2012082000100638,2012년 8월 20일 23시,월요일,울산광역시 북구 천곡동,부상신고사고,0,0,0,1,차대차 - 추돌 - 주정차중,안전운전불이행,건조,맑음,단일로 - 기타,자전거,남,59세,부상신고,화물,여,48세,기타불명
2012082000100639,2012년 8월 20일 23시,월요일,울산광역시 북구 화봉동,경상사고,0,0,3,0,차대차 - 측면직각충돌,안전거리미확보,건조,맑음,단일로 - 기타,승용,남,56세,상해없음,원동기,남,17세,경상
2012082100100069,2012년 8월 21일 02시,화요일,울산광역시 남구 달동,중상사고,0,1,1,0,차대차 - 측면직각충돌,직진우회전진행방해,건조,맑음,교차로 - 교차로안,승용,남,56세,상해없음,승용,여,41세,경상
2012082100100070,2012년 8월 21일 02시,화요일,울산광역시 동구 방어동,경상사고,0,0,1,0,차대차 - 기타,신호위반,건조,맑음,교차로 - 교차로안,이륜,남,22세,상해없음,승용,남,55세,상해없음
2012082100100173,2012년 8월 21일 08시,화요일,울산광역시 중구 학성동,경상사고,0,0,1,0,차대사람 - 횡단중,신호위반,건조,맑음,단일로 - 횡단보도상,이륜,남,62세,상해없음,보행자,남,17세,경상
2012082100100291,2012년 8월 21일 12시,화요일,울산광역시 남구 신정동,경상사고,0,0,3,0,차대차 - 추돌 - 주정차중,안전거리미확보,건조,맑음,교차로 - 교차로부근,승용,남,20세,상해없음,승용,여,57세,경상
2012082100100292,2012년 8월 21일 12시,화요일,울산광역시 울주군 서생면,경상사고,0,0,1,0,차대차 - 정면충돌,중앙선침범,건조,맑음,단일로 - 기타,화물,남,42세,상해없음,승용,남,77세,경상
2012082100100385,2012년 8월 21일 15시,화요일,울산광역시 남구 삼산동,경상사고,0,0,1,0,차대차 - 측면직각충돌,안전거리미확보,건조,맑음,단일로 - 기타,승용,남,45세,상해없음,이륜,남,41세,경상
2012082100100419,2012년 8월 21일 16시,화요일,울산광역시 북구 호계동,경상사고,0,0,1,0,차대차 - 측면직각충돌,안전운전불이행,건조,맑음,단일로 - 기타,승용,여,26세,상해없음,이륜,남,32세,경상
2012082100100455,2012년 8월 21일 17시,화요일,울산광역시 북구 명촌동,중상사고,0,1,0,0,차대차 - 기타,안전운전불이행,건조,맑음,단일로 - 기타,승용,남,53세,상해없음,원동기,남,52세,중상
2012082100100456,2012년 8월 21일 17시,화요일,울산광역시 남구 신정동,중상사고,0,2,0,0,차대차 - 측면직각충돌,중앙선침범,건조,맑음,교차로 - 교차로부근,이륜,남,16세,중상,승용,남,45세,상해없음
2012082100100495,2012년 8월 21일 18시,화요일,울산광역시 울주군 언양읍,경상사고,0,0,3,0,차대차 - 정면충돌,중앙선침범,건조,맑음,교차로 - 교차로안,승용,남,30세,상해없음,승용,남,39세,경상
2012082100100571,2012년 8월 21일 20시,화요일,울산광역시 남구 무거동,중상사고,0,1,0,0,차대사람 - 횡단중,보행자보호의무위반,건조,맑음,교차로 - 교차로부근,승용,남,28세,상해없음,보행자,여,38세,중상
2012082100100572,2012년 8월 21일 20시,화요일,울산광역시 울주군 온산읍,사망사고,1,0,0,0,차량단독 - 전도전복,안전운전불이행,건조,맑음,단일로 - 기타,자전거,남,71세,사망,,,,
2012082100100603,2012년 8월 21일 21시,화요일,울산광역시 북구 중산동,부상신고사고,0,0,0,1,차대차 - 측면직각충돌,중앙선침범,건조,맑음,교차로 - 교차로부근,승용,남,59세,상해없음,승용,남,34세,부상신고
2012082100100649,2012년 8월 21일 22시,화요일,울산광역시 북구 화봉동,경상사고,0,0,1,0,차대차 - 기타,안전거리미확보,건조,맑음,단일로 - 기타,화물,남,36세,상해없음,승합,남,57세,경상
2012082200100072,2012년 8월 22일 03시,수요일,울산광역시 남구 신정동,중상사고,0,1,1,0,차대차 - 기타,안전운전불이행,습기,흐림,단일로 - 기타,승용,남,21세,상해없음,승용,남,62세,중상
2012082200100073,2012년 8월 22일 03시,수요일,울산광역시 남구 달동,중상사고,0,1,1,0,차대차 - 측면직각충돌,교차로운행방법위반,건조,맑음,교차로 - 교차로안,승용,남,39세,상해없음,승용,남,57세,경상
2012082200100133,2012년 8월 22일 07시,수요일,울산광역시 북구 명촌동,경상사고,0,0,1,0,차대차 - 기타,안전운전불이행,건조,맑음,단일로 - 기타,승용,남,68세,상해없음,승용,남,66세,경상
2012082200100166,2012년 8월 22일 08시,수요일,울산광역시 남구 삼산동,경상사고,0,0,1,0,차대차 - 측면직각충돌,안전운전불이행,습기,비,교차로 - 교차로부근,승용,남,26세,상해없음,승용,남,48세,경상