사고번호,사고일시,요일,시군구,사고내용,사망자수,중상자수,경상자수,부상신고자수,사고유형,법규위반,노면상태,기상상태,도로형태,가해운전자 차종,가해운전자 성별,가해운전자 연령,가해운전자 상해정도,피해운전자 차종,피해운전자 성별,피해운전자 연령,피해운전자 상해정도
2012090100100344,2012년 9월 1일 13시,토요일,울산광역시 울주군 두동면,경상사고,0,0,1,0,차대차 - 추돌 - 진행중,기타,건조,맑음,교차로 - 교차로안,이륜,남,67세,경상,승용,남,40세,상해없음
2012090100100408,2012년 9월 1일 15시,토요일,울산광역시 북구 연암동,경상사고,0,0,1,0,차대차 - 추돌 - 주정차중,안전운전불이행,건조,맑음,단일로 - 기타,승용,남,49세,상해없음,이륜,남,47세,경상
2012090100100409,2012년 9월 1일 15시,토요일,울산광역시 북구 화봉동,경상사고,0,0,1,0,차대차 - 측면직각충돌,안전운전불이행,건조,맑음,교차로 - 교차로안,자전거,남,11세,경상,승용,남,22세,상해없음
2012090100100447,2012년 9월 1일 16시,토요일,울산광역시 중구 유곡동,경상사고,0,0,7,0,차대차 - 추돌 - 주정차중,안전운전불이행,건조,맑음,단일로 - 기타,승용,남,65세,상해없음,승용,여,35세,경상
2012090100100448,2012년 9월 1일 16시,토요일,울산광역시 울주군 삼남면,중상사고,0,1,0,0,차대차 - 추돌 - 진행중,안전운전불이행,건조,맑음,단일로 - 기타,화물,남,52세,상해없음,자전거,여,44세,중상
2012090100100486,2012년 9월 1일 17시,토요일,울산광역시 동구 전하동,경상사고,0,0,1,0,차대차 - 측면직각충돌,안전운전불이행,건조,맑음,단일로 - 기타,화물,남,53세,경상,승용,남,35세,상해없음
2012090100100524,2012년 9월 1일 18시,토요일,울산광역시 울주군 온양읍,중상사고,0,1,3,0,차량단독 - 전도전복,안전운전불이행,건조,흐림,단일로 - 기타,승용,남,18세,경상,,,,
2012090100100587,2012년 9월 1일 20시,토요일,울산광역시 남구 삼산동,중상사고,0,2,1,0,차대차 - 정면충돌,신호위반,건조,맑음,교차로 - 교차로안,승용,남,40세,상해없음,승용,남,49세,중상
2012090100100657,2012년 9월 1일 22시,토요일,울산광역시 동구 일산동,경상사고,0,0,1,0,차대차 - 추돌 - 진행중,안전운전불이행,건조,맑음,교차로 - 교차로부근,승합,남,38세,상해없음,승용,남,46세,경상
2012090100100658,2012년 9월 1일 22시,토요일,울산광역시 울주군 온산읍,중상사고,0,1,0,0,차대차 - 추돌 - 진행중,안전운전불이행,건조,맑음,단일로 - 기타,승용,남,35세,상해없음,화물,남,38세,중상
2012090100100680,2012년 9월 1일 23시,토요일,울산광역시 북구 양정동,경상사고,0,0,1,0,차대차 - 측면직각충돌,안전운전불이행,건조,맑음,교차로 - 교차로부근,승용,남,59세,상해없음,승용,남,34세,경상
2012090200100030,2012년 9월 2일 01시,일요일,울산광역시 북구 연암동,경상사고,0,0,2,0,차대차 - 추돌 - 진행중,안전운전불이행,건조,맑음,미분류 - 미분류,승용,남,28세,상해없음,화물,남,45세,경상
2012090200100068,2012년 9월 2일 04시,일요일,울산광역시 남구 삼산동,경상사고,0,0,1,0,차대차 - 추돌 - 진행중,안전운전불이행,건조,맑음,교차로 - 교차로부근,승용,남,28세,상해없음,승용,여,50세,경상
2012090200100069,2012년 9월 2일 04시,일요일,울산광역시 동구 방어동,경상사고,0,0,1,0,차대사람 - 길가장자리구역통행중,안전운전불이행,건조,맑음,단일로 - 기타,화물,남,43세,상해없음,보행자,여,63세,경상
2012090200100433,2012년 9월 2일 19시,일요일,울산광역시 울주군 삼남면,중상사고,0,1,0,0,차대차 - 측면직각충돌,안전운전불이행,건조,맑음,단일로 - 기타,기타불명,기타불명,기타불명,기타불명,이륜,남,52세,중상
2012090200100467,2012년 9월 2일 20시,일요일,울산광역시 남구 삼산동,경상사고,0,0,1,0,차대차 - 측면직각충돌,안전운전불이행,건조,맑음,단일로 - 기타,승용,여,29세,상해없음,원동기,남,36세,경상
2012090200100497,2012년 9월 2일 21시,일요일,울산광역시 동구 화정동,경상사고,0,0,4,0,차대차 - 정면충돌,중앙선침범,건조,맑음,단일로 - 기타,승합,남,46세,상해없음,승용,남,41세,경상
2012090200100498,2012년 9월 2일 21시,일요일,울산광역시 울주군 온양읍,중상사고,0,1,2,0,차대차 - 측면직각충돌,교차로운행방법위반,건조,맑음,교차로 - 교차로안,승용,남,43세,상해없음,승용,여,28세,경상
2012090200100517,2012년 9월 2일 22시,일요일,울산광역시 울주군 웅촌면,경상사고,0,0,1,0,차대차 - 기타,안전운전불이행,건조,맑음,단일로 - 기타,승용,남,43세,경상,승용,남,34세,상해없음
2012090300100135,2012년 9월 3일 08시,월요일,울산광역시 울주군 청량면,경상사고,0,0,2,1,차대차 - 추돌 - 진행중,안전거리미확보,건조,맑음,단일로 - 기타,특수,남,45세,기타불명,화물,남,44세,경상
2012090300100167,2012년 9월 3일 09시,월요일,울산광역시 울주군 삼남면,부상신고사고,0,0,0,5,차대차 - 기타,교차로운행방법위반,건조,맑음,교차로 - 교차로안,승용,여,36세,부상신고,승용,남,73세,부상신고
2012090300100194,2012년 9월 3일 10시,월요일,울산광역시 남구 달동,중상사고,0,2,0,0,차대차 - 측면직각충돌,신호위반,건조,맑음,교차로 - 교차로안,승용,남,41세,상해없음,승용,여,39세,중상
2012090300100349,2012년 9월 3일 15시,월요일,울산광역시 동구 전하동,중상사고,0,1,0,0,차대사람 - 기타,안전운전불이행,건조,맑음,교차로 - 교차로부근,승용,여,44세,상해없음,보행자,여,7세,중상
2012090300100393,2012년 9월 3일 16시,월요일,울산광역시 중구 서동,중상사고,0,1,0,0,차대차 - 측면직각충돌,중앙선침범,건조,맑음,교차로 - 교차로안,승용,남,39세,상해없음,승합,남,56세,중상
2012090300100394,2012년 9월 3일 16시,월요일,울산광역시 남구 신정동,중상사고,0,1,0,0,차대차 - 추돌 - 진행중,안전운전불이행,건조,맑음,단일로 - 기타,승용,남,52세,상해없음,자전거,남,24세,중상
2012090300100395,2012년 9월 3일 16시,월요일,울산광역시 울주군 청량면,사망사고,1,0,0,0,차대차 - 측면직각충돌,안전운전불이행,건조,맑음,교차로 - 교차로안,승용,여,54세,상해없음,이륜,남,39세,사망
2012090300100419,2012년 9월 3일 17시,월요일,울산광역시 동구 전하동,경상사고,0,0,1,0,차대차 - 측면직각충돌,신호위반,건조,맑음,교차로 - 교차로안,승용,남,69세,상해없음,자전거,남,27세,경상
2012090300100537,2012년 9월 3일 20시,월요일,울산광역시 중구 옥교동,경상사고,0,0,2,0,차대차 - 추돌 - 주정차중,안전운전불이행,건조,맑음,단일로 - 교량,승용,남,34세,상해없음,승용,여,45세,경상
2012090300100578,2012년 9월 3일 21시,월요일,울산광역시 북구 상안동,중상사고,0,1,0,0,차대사람 - 보도통행중,기타,건조,흐림,교차로 - 교차로부근,승용,여,49세,상해없음,보행자,여,31세,중상
2012090300100579,2012년 9월 3일 21시,월요일,울산광역시 중구 다운동,경상사고,0,0,2,0,차대차 - 추돌 - 진행중,안전운전불이행,건조,흐림,단일로 - 기타,화물,남,45세,상해없음,승용,남,46세,경상
2012090300100634,2012년 9월 3일 23시,월요일,울산광역시 중구 복산동,경상사고,0,0,1,0,차대차 - 추돌 - 주정차중,안전운전불이행,건조,맑음,단일로 - 기타,승용,남,33세,상해없음,승용,남,70세,경상
2012090300100635,2012년 9월 3일 23시,월요일,울산광역시 동구 방어동,경상사고,0,0,1,0,차대차 - 측면직각충돌,교차로운행방법위반,습기,비,교차로 - 교차로부근,승용,여,43세,상해없음,승용,여,50세,경상
2012090400100020,2012년 9월 4일 01시,화요일,울산광역시 중구 우정동,경상사고,0,0,2,0,차대차 - 추돌 - 주정차중,안전운전불이행,건조,맑음,교차로 - 교차로부근,승용,남,18세,기타불명,승용,여,22세,경상
2012090400100056,2012년 9월 4일 05시,화요일,울산광역시 남구 삼산동,중상사고,0,1,0,1,차대차 - 측면직각충돌,안전운전불이행,건조,맑음,단일로 - 기타,승용,여,42세,상해없음,원동기,남,35세,부상신고
2012090400100072,2012년 9월 4일 06시,화요일,울산광역시 북구 효문동,중상사고,0,1,0,0,차대사람 - 횡단중,보행자보호의무위반,건조,맑음,단일로 - 횡단보도상,승용,남,49세,상해없음,보행자,여,23세,중상
2012090400100103,2012년 9월 4일 07시,화요일,울산광역시 중구 유곡동,중상사고,0,1,0,0,차대차 - 측면직각충돌,직진우회전진행방해,습기,맑음,교차로 - 교차로안,이륜,남,55세,중상,승용,남,73세,상해없음
2012090400100104,2012년 9월 4일 07시,화요일,울산광역시 동구 일산동,경상사고,0,0,1,0,차대차 - 측면직각충돌,직진우회전진행방해,건조,맑음,교차로 - 교차로안,이륜,남,57세,경상,화물,남,46세,상해없음
2012090400100105,2012년 9월 4일 07시,화요일,울산광역시 북구 양정동,중상사고,0,1,0,0,차대사람 - 기타,안전운전불이행,건조,맑음,단일로 - 기타,승용,남,18세,상해없음,보행자,남,17세,중상
2012090400100106,2012년 9월 4일 07시,화요일,울산광역시 울주군 온산읍,경상사고,0,0,1,0,차대사람 - 기타,안전운전불이행,건조,맑음,교차로 - 교차로안,화물,남,44세,상해없음,보행자,남,16세,경상
2012090400100147,2012년 9월 4일 08시,화요일,울산광역시 동구 전하동,경상사고,0,0,2,0,차대차 - 기타,안전거리미확보,건조,맑음,단일로 - 기타,화물,남,28세,상해없음,화물,남,38세,경상
2012090400100173,2012년 9월 4일 09시,화요일,울산광역시 동구 방어동,중상사고,0,1,0,0,차대차 - 측면직각충돌,교차로운행방법위반,건조,맑음,교차로 - 교차로안,승용,여,41세,상해없음,이륜,남,62세,중상
2012090400100241,2012년 9월 4일 12시,화요일,울산광역시 북구 가대동,중상사고,0,1,0,0,차량단독 - 전도전복,안전운전불이행,건조,맑음,단일로 - 기타,화물,남,31세,중상,,,,
2012090400100242,2012년 9월 4일 12시,화요일,울산광역시 북구 연암동,경상사고,0,0,1,0,차대차 - 측면직각충돌,안전거리미확보,건조,맑음,단일로 - 기타,승용,여,37세,경상,승용,남,52세,상해없음
2012090400100243,2012년 9월 4일 12시,화요일,울산광역시 북구 천곡동,중상사고,0,1,0,0,차대차 - 측면직각충돌,신호위반,건조,맑음,교차로 - 교차로부근,승합,여,43세,상해없음,승용,여,40세,중상
2012090400100404,2012년 9월 4일 17시,화요일,울산광역시 중구 서동,경상사고,0,0,3,0,차대차 - 추돌 - 진행중,안전운전불이행,건조,맑음,단일로 - 기타,승용,남,36세,상해없음,승용,여,44세,경상
2012090400100514,2012년 9월 4일 19시,화요일,울산광역시 중구 다운동,중상사고,0,1,0,1,차대사람 - 기타,안전운전불이행,건조,맑음,교차로 - 교차로안,이륜,남,16세,부상신고,보행자,여,18세,중상
2012090400100611,2012년 9월 4일 21시,화요일,울산광역시 동구 전하동,경상사고,0,0,1,0,차대사람 - 보도통행중,기타,건조,맑음,단일로 - 기타,승용,남,24세,상해없음,보행자,여,29세,경상
2012090500100031,2012년 9월 5일 00시,수요일,울산광역시 중구 남외동,경상사고,0,0,1,0,차대차 - 측면직각충돌,신호위반,건조,맑음,교차로 - 교차로안,원동기,남,26세,기타불명,승용,남,50세,경상
2012090500100048,2012년 9월 5일 01시,수요일,울산광역시 북구 진장동,중상사고,0,1,1,0,차량단독 - 전도전복,안전운전불이행,건조,맑음,단일로 - 기타,원동기,남,18세,중상,,,,
2012090500100085,2012년 9월 5일 04시,수요일,울산광역시 울주군 온산읍,부상신고사고,0,0,0,1,차대차 - 기타,안전운전불이행,건조,맑음,교차로 - 교차로안,화물,남,43세,부상신고,화물,남,52세,기타불명
2012090500100098,2012년 9월 5일 05시,수요일,울산광역시 동구 서부동,중상사고,0,1,0,0,차대사람 - 기타,안전운전불이행,건조,맑음,교차로 - 교차로안,원동기,기타불명,기타불명,기타불명,보행자,남,38세,중상
2012090500100099,2012년 9월 5일 05시,수요일,울산광역시 울주군 삼남면,중상사고,0,1,1,0,차대차 - 정면충돌,중앙선침범,건조,맑음,단일로 - 기타,승용,남,31세,상해없음,승용,여,41세,중상
2012090500100149,2012년 9월 5일 07시,수요일,울산광역시 남구 신정동,경상사고,0,0,3,0,차대차 - 측면직각충돌,중앙선침범,습기,비,단일로 - 기타,승합,여,39세,상해없음,승용,남,41세,경상
2012090500100150,2012년 9월 5일 07시,수요일,울산광역시 울주군 온산읍,경상사고,0,0,3,0,차대차 - 기타,안전운전불이행,습기,비,단일로 - 기타,승용,남,55세,상해없음,승용,남,39세,경상
2012090500100223,2012년 9월 5일 09시,수요일,울산광역시 중구 복산동,경상사고,0,0,1,0,차대차 - 측면직각충돌,신호위반,습기,흐림,교차로 - 교차로안,승용,여,56세,상해없음,이륜,남,66세,경상
2012090500100224,2012년 9월 5일 09시,수요일,울산광역시 남구 무거동,중상사고,0,2,0,0,차대차 - 추돌 - 주정차중,안전운전불이행,건조,맑음,교차로 - 교차로부근,승용,남,33세,상해없음,승용,남,58세,중상
2012090500100255,2012년 9월 5일 11시,수요일,울산광역시 중구 남외동,중상사고,0,1,0,0,차대사람 - 기타,안전운전불이행,건조,맑음,단일로 - 기타,화물,남,41세,상해없음,보행자,여,69세,중상
2012090500100256,2012년 9월 5일 11시,수요일,울산광역시 울주군 온양읍,중상사고,0,1,0,0,차대차 - 추돌 - 진행중,안전거리미확보,건조,맑음,단일로 - 기타,승용,여,56세,상해없음,농기계,남,72세,중상
2012090500100279,2012년 9월 5일 12시,수요일,울산광역시 울주군 온산읍,경상사고,0,0,1,0,차량단독 - 도로외이탈 - 기타,안전운전불이행,건조,맑음,단일로 - 기타,화물,남,54세,경상,,,,
2012090500100374,2012년 9월 5일 15시,수요일,울산광역시 남구 삼산동,중상사고,0,2,0,0,차대차 - 추돌 - 진행중,안전운전불이행,건조,맑음,교차로 - 교차로부근,승용,남,55세,상해없음,화물,남,66세,중상
2012090500100375,2012년 9월 5일 15시,수요일,울산광역시 동구 방어동,경상사고,0,0,1,0,차대차 - 측면직각충돌,안전거리미확보,건조,맑음,단일로 - 기타,화물,남,51세,상해없음,원동기,남,23세,경상
2012090500100448,2012년 9월 5일 17시,수요일,울산광역시 남구 야음동,경상사고,0,0,2,0,차대차 - 측면직각충돌,신호위반,건조,맑음,교차로 - 교차로안,이륜,남,16세,경상,승용,남,52세,상해없음
2012090500100449,2012년 9월 5일 17시,수요일,울산광역시 남구 신정동,경상사고,0,0,1,0,차대사람 - 기타,안전운전불이행,건조,맑음,단일로 - 기타,승합,남,49세,상해없음,보행자,여,56세,경상
2012090500100498,2012년 9월 5일 18시,수요일,울산광역시 중구 우정동,경상사고,0,0,4,0,차대차 - 추돌 - 진행중,안전운전불이행,건조,맑음,단일로 - 기타,승용,남,60세,상해없음,승용,여,42세,경상
2012090500100538,2012년 9월 5일 19시,수요일,울산광역시 남구 삼산동,경상사고,0,0,1,0,차대차 - 기타,안전운전불이행,건조,맑음,단일로 - 기타,이륜,남,16세,경상,승용,남,52세,상해없음
2012090500100539,2012년 9월 5일 19시,수요일,울산광역시 동구 화정동,경상사고,0,0,1,0,차대차 - 추돌 - 주정차중,기타,건조,맑음,교차로 - 교차로안,승용,남,42세,상해없음,이륜,남,37세,경상
2012090500100573,2012년 9월 5일 20시,수요일,울산광역시 울주군 삼남면,중상사고,0,1,0,0,차대사람 - 횡단중,보행자보호의무위반,건조,맑음,교차로 - 교차로안,승용,남,40세,상해없음,보행자,남,62세,중상
2012090500100600,2012년 9월 5일 21시,수요일,울산광역시 북구 연암동,경상사고,0,0,1,0,차대차 - 추돌 - 주정차중,안전운전불이행,건조,맑음,교차로 - 교차로안,승용,남,46세,상해없음,승용,여,43세,경상
2012090500100627,2012년 9월 5일 22시,수요일,울산광역시 남구 달동,경상사고,0,0,1,0,차대차 - 기타,신호위반,건조,맑음,교차로 - 교차로부근,승용,남,58세,상해없음,승용,여,45세,경상
2012090500100657,2012년 9월 5일 23시,수요일,울산광역시 동구 화정동,중상사고,0,1,0,0,차대차 - 측면직각충돌,교차로운행방법위반,건조,맑음,교차로 - 교차로안,승용,여,35세,상해없음,이륜,남,29세,중상
2012090600100100,2012년 9월 6일 06시,목요일,울산광역시 중구 성안동,중상사고,0,1,0,0,차량단독 - 기타,안전운전불이행,건조,맑음,단일로 - 기타,승합,남,30세,상해없음,,,,
2012090600100101,2012년 9월 6일 06시,목요일,울산광역시 울주군 온산읍,중상사고,0,1,0,2,차대차 - 정면충돌,안전운전불이행,건조,맑음,교차로 - 교차로안,화물,남,34세,상해없음,승용,남,34세,중상
2012090600100140,2012년 9월 6일 07시,목요일,울산광역시 북구 매곡동,중상사고,0,1,0,0,차대차 - 추돌 - 진행중,안전운전불이행,건조,맑음,단일로 - 기타,이륜,기타불명,기타불명,기타불명,자전거,남,25세,중상
2012090600100185,2012년 9월 6일 08시,목요일,울산광역시 동구 전하동,중상사고,0,1,0,0,차대사람 - 횡단중,신호위반,건조,맑음,단일로 - 횡단보도상,승합,남,46세,상해없음,보행자,여,49세,중상
2012090600100280,2012년 9월 6일 11시,목요일,울산광역시 중구 태화동,중상사고,0,1,0,0,차대차 - 측면직각충돌,안전운전불이행,건조,맑음,교차로 - 교차로부근,화물,남,33세,상해없음,자전거,남,23세,중상
2012090600100371,2012년 9월 6일 14시,목요일,울산광역시 북구 천곡동,경상사고,0,0,1,0,차대차 - 정면충돌,안전운전불이행,건조,맑음,단일로 - 기타,승용,남,65세,상해없음,이륜,남,35세,경상
2012090600100685,2012년 9월 6일 21시,목요일,울산광역시 중구 남외동,경상사고,0,0,1,0,차대차 - 추돌 - 진행중,안전운전불이행,건조,맑음,교차로 - 교차로안,승용,남,50세,상해없음,원동기,남,24세,경상
2012090700100019,2012년 9월 7일 00시,금요일,울산광역시 남구 달동,경상사고,0,0,4,0,차대차 - 측면직각충돌,신호위반,건조,맑음,교차로 - 교차로안,승용,남,39세,상해없음,승용,남,39세,경상
2012090700100131,2012년 9월 7일 07시,금요일,울산광역시 중구 학성동,중상사고,0,1,0,0,차대사람 - 기타,보행자보호의무위반,건조,맑음,교차로 - 교차로안,화물,남,70세,상해없음,보행자,여,64세,중상
2012090700100132,2012년 9월 7일 07시,금요일,울산광역시 동구 화정동,경상사고,0,0,1,0,차대차 - 측면직각충돌,안전운전불이행,건조,맑음,단일로 - 기타,이륜,남,35세,경상,승용,남,51세,상해없음
2012090700100282,2012년 9월 7일 12시,금요일,울산광역시 북구 상안동,중상사고,0,1,0,0,차대차 - 측면직각충돌,안전운전불이행,건조,맑음,단일로 - 기타,승용,여,47세,상해없음,이륜,남,21세,중상
2012090700100342,2012년 9월 7일 14시,금요일,울산광역시 남구 삼산동,경상사고,0,0,1,0,차대사람 - 횡단중,안전운전불이행,건조,맑음,단일로 - 기타,승용,남,55세,상해없음,보행자,남,38세,경상
2012090700100448,2012년 9월 7일 17시,금요일,울산광역시 울주군 온양읍,경상사고,0,0,2,0,차대차 - 측면직각충돌,안전운전불이행,건조,맑음,교차로 - 교차로안,이륜,남,82세,경상,승용,남,31세,경상
2012090700100493,2012년 9월 7일 18시,금요일,울산광역시 동구 방어동,중상사고,0,1,0,0,차대차 - 기타,중앙선침범,건조,맑음,단일로 - 기타,이륜,남,29세,상해없음,이륜,남,58세,중상
2012090700100541,2012년 9월 7일 19시,금요일,울산광역시 중구 학성동,경상사고,0,0,1,0,차대사람 - 기타,안전운전불이행,건조,맑음,기타 - 기타,승합,남,66세,상해없음,보행자,여,59세,경상
2012090700100542,2012년 9월 7일 19시,금요일,울산광역시 남구 신정동,중상사고,0,1,0,0,차대사람 - 횡단중,안전운전불이행,건조,맑음,단일로 - 기타,화물,여,51세,상해없음,보행자,여,87세,중상
2012090700100574,2012년 9월 7일 20시,금요일,울산광역시 북구 화봉동,사망사고,1,0,0,0,차대차 - 측면직각충돌,신호위반,건조,맑음,교차로 - 교차로안,승용,남,35세,상해없음,이륜,남,55세,사망
2012090700100575,2012년 9월 7일 20시,금요일,울산광역시 북구 정자동,중상사고,0,1,0,0,차대사람 - 차도통행중,안전운전불이행,건조,맑음,단일로 - 기타,승용,여,32세,상해없음,보행자,남,65세,중상
2012090700100644,2012년 9월 7일 22시,금요일,울산광역시 남구 두왕동,경상사고,0,0,4,0,차대차 - 정면충돌,안전운전불이행,건조,맑음,단일로 - 기타,승용,남,32세,상해없음,화물,남,48세,경상
2012090700100645,2012년 9월 7일 22시,금요일,울산광역시 남구 삼산동,중상사고,0,1,0,0,차대차 - 추돌 - 진행중,안전운전불이행,건조,맑음,교차로 - 교차로부근,승용,남,28세,상해없음,승용,여,53세,중상
2012090700100646,2012년 9월 7일 22시,금요일,울산광역시 남구 선암동,경상사고,0,0,1,0,차대사람 - 기타,안전운전불이행,건조,맑음,단일로 - 기타,승용,남,41세,상해없음,보행자,남,39세,경상
2012090800100062,2012년 9월 8일 00시,토요일,울산광역시 남구 신정동,중상사고,0,1,0,0,차대사람 - 횡단중,안전운전불이행,습기,비,단일로 - 기타,승용,남,34세,상해없음,보행자,남,41세,중상
2012090800100063,2012년 9월 8일 00시,토요일,울산광역시 동구 화정동,경상사고,0,0,1,0,차대사람 - 기타,안전운전불이행,건조,맑음,기타 - 기타,승용,기타불명,기타불명,기타불명,보행자,남,32세,경상
2012090800100115,2012년 9월 8일 01시,토요일,울산광역시 북구 명촌동,중상사고,0,1,2,0,차대차 - 추돌 - 주정차중,안전운전불이행,습기,비,단일로 - 기타,승용,남,34세,상해없음,승용,남,54세,중상
2012090800100116,2012년 9월 8일 01시,토요일,울산광역시 남구 달동,경상사고,0,0,1,0,차대차 - 추돌 - 진행중,기타,습기,비,교차로 - 교차로부근,승용,남,43세,상해없음,승용,남,35세,상해없음
2012090800100150,2012년 9월 8일 02시,토요일,울산광역시 동구 방어동,중상사고,0,1,0,0,차대차 - 측면직각충돌,교차로운행방법위반,습기,비,교차로 - 교차로안,승용,여,40세,상해없음,이륜,남,28세,중상
2012090800100151,2012년 9월 8일 02시,토요일,울산광역시 북구 양정동,중상사고,0,1,2,0,차대차 - 추돌 - 주정차중,안전운전불이행,습기,맑음,교차로 - 교차로부근,승용,남,30세,상해없음,승용,여,56세,경상
2012090800100175,2012년 9월 8일 03시,토요일,울산광역시 남구 달동,경상사고,0,0,1,0,차대사람 - 기타,교차로운행방법위반,건조,맑음,교차로 - 교차로안,승용,남,23세,상해없음,보행자,남,46세,경상
2012090800100195,2012년 9월 8일 04시,토요일,울산광역시 남구 야음동,경상사고,0,0,2,0,차대차 - 추돌 - 진행중,안전운전불이행,습기,비,교차로 - 교차로부근,승용,남,41세,상해없음,승용,남,45세,경상
2012090800100232,2012년 9월 8일 06시,토요일,울산광역시 북구 연암동,중상사고,0,1,0,0,차대차 - 측면직각충돌,중앙선침범,습기,비,교차로 - 교차로부근,승용,남,25세,상해없음,승용,남,47세,중상
2012090800100233,2012년 9월 8일 06시,토요일,울산광역시 울주군 언양읍,경상사고,0,0,1,0,차대차 - 기타,안전운전불이행,습기,비,기타 - 기타,화물,남,62세,상해없음,승용,남,35세,경상
2012090800100248,2012년 9월 8일 07시,토요일,울산광역시 남구 무거동,경상사고,0,0,1,0,차대차 - 추돌 - 진행중,안전운전불이행,습기,비,교차로 - 교차로부근,화물,남,41세,상해없음,승용,남,44세,경상
2012090800100283,2012년 9월 8일 09시,토요일,울산광역시 울주군 범서읍,중상사고,0,1,0,1,차대차 - 기타,중앙선침범,습기,흐림,단일로 - 기타,승합,남,45세,부상신고,승용,남,46세,중상
2012090800100406,2012년 9월 8일 13시,토요일,울산광역시 남구 달동,경상사고,0,0,1,0,차대사람 - 횡단중,신호위반,건조,맑음,단일로 - 기타,승용,여,34세,상해없음,보행자,남,18세,경상
2012090800100434,2012년 9월 8일 14시,토요일,울산광역시 중구 다운동,중상사고,0,1,0,0,차대사람 - 횡단중,신호위반,건조,맑음,단일로 - 기타,승용,남,57세,상해없음,보행자,여,58세,중상
2012090800100521,2012년 9월 8일 16시,토요일,울산광역시 울주군 범서읍,중상사고,0,5,0,0,차대차 - 정면충돌,중앙선침범,건조,맑음,단일로 - 기타,승용,남,23세,상해없음,승용,여,44세,중상
2012090800100589,2012년 9월 8일 18시,토요일,울산광역시 북구 진장동,경상사고,0,0,3,0,차대차 - 측면직각충돌,직진우회전진행방해,건조,맑음,교차로 - 교차로안,승용,여,33세,경상,승용,남,71세,상해없음
2012090800100617,2012년 9월 8일 19시,토요일,울산광역시 울주군 온양읍,경상사고,0,0,2,0,차대차 - 추돌 - 주정차중,안전운전불이행,건조,맑음,교차로 - 교차로부근,승용,남,42세,상해없음,승용,여,43세,경상
2012090800100654,2012년 9월 8일 20시,토요일,울산광역시 북구 호계동,중상사고,0,2,3,0,차대차 - 측면직각충돌,안전운전불이행,건조,맑음,단일로 - 기타,승용,남,39세,상해없음,승용,남,24세,중상
2012090800100686,2012년 9월 8일 21시,토요일,울산광역시 동구 화정동,경상사고,0,0,1,0,차대차 - 기타,중앙선침범,건조,맑음,단일로 - 횡단보도부근,자전거,남,15세,상해없음,승용,남,32세,상해없음
2012090800100711,2012년 9월 8일 22시,토요일,울산광역시 동구 방어동,중상사고,0,1,0,0,차량단독 - 전도전복,안전운전불이행,건조,맑음,교차로 - 교차로부근,이륜,남,42세,중상,,,,
2012090800100712,2012년 9월 8일 22시,토요일,울산광역시 북구 신현동,중상사고,0,2,0,0,차량단독 - 공작물충돌,안전운전불이행,습기,흐림,단일로 - 기타,승용,남,25세,중상,,,,
2012090900100051,2012년 9월 9일 01시,일요일,울산광역시 동구 화정동,중상사고,0,1,0,0,차대차 - 정면충돌,직진우회전진행방해,건조,흐림,교차로 - 교차로안,승용,남,43세,상해없음,이륜,여,46세,중상
2012090900100052,2012년 9월 9일 01시,일요일,울산광역시 울주군 온산읍,경상사고,0,0,1,0,차대차 - 기타,안전운전불이행,건조,맑음,교차로 - 교차로부근,승용,여,43세,상해없음,원동기,남,46세,경상
2012090900100072,2012년 9월 9일 02시,일요일,울산광역시 남구 달동,경상사고,0,0,1,0,차대사람 - 기타,안전운전불이행,건조,맑음,단일로 - 기타,승용,남,30세,상해없음,보행자,남,22세,경상
2012090900100073,2012년 9월 9일 02시,일요일,울산광역시 울주군 청량면,경상사고,0,0,1,0,차량단독 - 기타,안전운전불이행,건조,맑음,단일로 - 기타,이륜,남,16세,경상,,,,
2012090900100122,2012년 9월 9일 05시,일요일,울산광역시 북구 양정동,경상사고,0,0,3,0,차대차 - 추돌 - 주정차중,안전운전불이행,건조,맑음,교차로 - 교차로부근,승용,남,25세,상해없음,승용,남,53세,경상
2012090900100148,2012년 9월 9일 07시,일요일,울산광역시 남구 달동,중상사고,0,1,0,0,차대차 - 측면직각충돌,안전운전불이행,건조,흐림,교차로 - 교차로안,승용,남,29세,상해없음,승용,남,29세,중상
2012090900100252,2012년 9월 9일 12시,일요일,울산광역시 중구 복산동,중상사고,0,1,1,0,차대차 - 추돌 - 주정차중,안전운전불이행,건조,맑음,교차로 - 교차로부근,승용,여,54세,상해없음,승용,남,30세,경상
2012090900100280,2012년 9월 9일 13시,일요일,울산광역시 남구 야음동,경상사고,0,0,1,0,차대차 - 측면직각충돌,신호위반,건조,맑음,교차로 - 교차로부근,승용,남,58세,상해없음,이륜,남,45세,경상
2012090900100402,2012년 9월 9일 17시,일요일,울산광역시 중구 복산동,경상사고,0,0,2,0,차대차 - 측면직각충돌,신호위반,습기,비,교차로 - 교차로부근,승용,여,39세,상해없음,승용,남,48세,경상
2012090900100496,2012년 9월 9일 20시,일요일,울산광역시 남구 선암동,사망사고,1,0,0,0,차대사람 - 기타,안전운전불이행,습기,비,단일로 - 기타,승용,남,56세,상해없음,보행자,남,62세,사망