사고번호,사고일시,요일,시군구,사고내용,사망자수,중상자수,경상자수,부상신고자수,사고유형,법규위반,노면상태,기상상태,도로형태,가해운전자 차종,가해운전자 성별,가해운전자 연령,가해운전자 상해정도,피해운전자 차종,피해운전자 성별,피해운전자 연령,피해운전자 상해정도
2012090900100497,2012년 9월 9일 20시,일요일,울산광역시 동구 화정동,경상사고,0,0,1,0,차대차 - 측면직각충돌,교차로운행방법위반,건조,맑음,교차로 - 교차로안,승용,남,35세,상해없음,이륜,남,17세,경상
2012090900100498,2012년 9월 9일 20시,일요일,울산광역시 동구 방어동,경상사고,0,0,1,0,차대차 - 추돌 - 주정차중,안전운전불이행,습기,비,교차로 - 교차로부근,승용,남,50세,상해없음,승용,남,24세,경상
2012090900100534,2012년 9월 9일 21시,일요일,울산광역시 동구 화정동,경상사고,0,0,1,0,차대차 - 측면직각충돌,교차로운행방법위반,건조,맑음,교차로 - 교차로안,승용,남,32세,상해없음,이륜,남,23세,경상
2012090900100553,2012년 9월 9일 22시,일요일,울산광역시 중구 반구동,경상사고,0,0,1,0,차대사람 - 기타,안전운전불이행,건조,맑음,단일로 - 기타,기타불명,기타불명,기타불명,기타불명,보행자,여,19세,경상
2012091000100028,2012년 9월 10일 01시,월요일,울산광역시 남구 달동,중상사고,0,3,1,0,차대차 - 측면직각충돌,직진우회전진행방해,습기,비,교차로 - 교차로안,승용,여,48세,상해없음,승용,남,49세,중상
2012091000100073,2012년 9월 10일 06시,월요일,울산광역시 남구 여천동,경상사고,0,0,1,0,차대차 - 추돌 - 주정차중,안전운전불이행,습기,비,교차로 - 교차로부근,승용,남,35세,상해없음,승용,남,43세,경상
2012091000100149,2012년 9월 10일 08시,월요일,울산광역시 북구 염포동,중상사고,0,1,0,0,차대차 - 추돌 - 진행중,안전운전불이행,습기,비,교차로 - 교차로부근,승용,남,57세,상해없음,이륜,남,45세,중상
2012091000100177,2012년 9월 10일 09시,월요일,울산광역시 중구 성남동,경상사고,0,0,1,0,차대차 - 추돌 - 진행중,안전거리미확보,습기,비,교차로 - 교차로안,화물,남,23세,상해없음,승용,여,43세,경상
2012091000100254,2012년 9월 10일 12시,월요일,울산광역시 중구 다운동,경상사고,0,0,1,0,차대차 - 추돌 - 진행중,안전운전불이행,건조,맑음,교차로 - 교차로안,승용,여,41세,상해없음,승용,남,26세,경상
2012091000100340,2012년 9월 10일 15시,월요일,울산광역시 동구 서부동,경상사고,0,0,1,0,차대차 - 기타,안전거리미확보,습기,비,교차로 - 교차로부근,화물,남,28세,상해없음,승용,여,44세,경상
2012091000100372,2012년 9월 10일 16시,월요일,울산광역시 중구 남외동,중상사고,0,1,1,0,차대차 - 정면충돌,안전운전불이행,습기,비,교차로 - 교차로안,화물,남,44세,중상,승합,남,46세,경상
2012091000100492,2012년 9월 10일 19시,월요일,울산광역시 남구 삼산동,경상사고,0,0,2,0,차대차 - 측면직각충돌,신호위반,건조,맑음,교차로 - 교차로안,이륜,남,30세,경상,이륜,남,26세,경상
2012091000100493,2012년 9월 10일 19시,월요일,울산광역시 울주군 온산읍,경상사고,0,0,2,0,차대차 - 정면충돌,중앙선침범,건조,맑음,단일로 - 교량,승용,남,42세,상해없음,승용,남,41세,경상
2012091000100592,2012년 9월 10일 22시,월요일,울산광역시 울주군 온산읍,중상사고,0,1,0,0,차대차 - 추돌 - 주정차중,안전거리미확보,건조,맑음,교차로 - 교차로부근,승용,남,51세,상해없음,승용,여,54세,중상
2012091100100022,2012년 9월 11일 00시,화요일,울산광역시 중구 성남동,경상사고,0,0,1,0,차대차 - 기타,안전운전불이행,건조,맑음,교차로 - 교차로안,화물,남,62세,상해없음,승용,남,40세,경상
2012091100100023,2012년 9월 11일 00시,화요일,울산광역시 북구 효문동,경상사고,0,0,1,0,차대사람 - 기타,신호위반,건조,맑음,단일로 - 기타,승용,남,35세,상해없음,보행자,여,37세,경상
2012091100100024,2012년 9월 11일 00시,화요일,울산광역시 북구 상안동,중상사고,0,3,0,0,차대차 - 추돌 - 주정차중,안전운전불이행,건조,맑음,교차로 - 교차로부근,승용,남,35세,상해없음,승용,남,66세,중상
2012091100100025,2012년 9월 11일 00시,화요일,울산광역시 남구 옥동,경상사고,0,0,1,0,차대사람 - 차도통행중,안전운전불이행,건조,맑음,단일로 - 기타,승용,여,59세,상해없음,보행자,남,46세,경상
2012091100100129,2012년 9월 11일 07시,화요일,울산광역시 북구 양정동,중상사고,0,1,1,0,차대차 - 추돌 - 주정차중,안전거리미확보,건조,맑음,단일로 - 기타,승용,남,29세,상해없음,승용,남,46세,중상
2012091100100356,2012년 9월 11일 14시,화요일,울산광역시 중구 동동,경상사고,0,0,3,0,차대차 - 측면직각충돌,안전운전불이행,건조,맑음,교차로 - 교차로안,승용,남,57세,상해없음,승용,여,51세,경상
2012091100100357,2012년 9월 11일 14시,화요일,울산광역시 남구 삼산동,중상사고,0,1,0,0,차대사람 - 기타,안전운전불이행,건조,맑음,단일로 - 기타,화물,남,43세,상해없음,보행자,여,26세,중상
2012091100100385,2012년 9월 11일 15시,화요일,울산광역시 울주군 웅촌면,경상사고,0,0,2,0,차대차 - 추돌 - 진행중,안전운전불이행,건조,맑음,단일로 - 기타,건설기계,남,51세,상해없음,승용,여,42세,경상
2012091100100441,2012년 9월 11일 17시,화요일,울산광역시 북구 염포동,중상사고,0,1,0,1,차대차 - 추돌 - 진행중,안전운전불이행,건조,맑음,단일로 - 기타,승용,남,58세,부상신고,승합,남,44세,상해없음
2012091100100508,2012년 9월 11일 19시,화요일,울산광역시 남구 달동,중상사고,0,2,1,0,차대차 - 정면충돌,중앙선침범,건조,맑음,단일로 - 기타,승용,남,33세,기타불명,승용,남,49세,중상
2012091100100509,2012년 9월 11일 19시,화요일,울산광역시 동구 방어동,경상사고,0,0,1,0,차대차 - 측면직각충돌,안전운전불이행,건조,맑음,교차로 - 교차로부근,승합,남,40세,상해없음,이륜,남,60세,상해없음
2012091100100540,2012년 9월 11일 20시,화요일,울산광역시 중구 성남동,중상사고,0,1,0,0,차대사람 - 기타,안전운전불이행,건조,맑음,단일로 - 기타,기타불명,기타불명,기타불명,기타불명,보행자,남,61세,중상
2012091100100541,2012년 9월 11일 20시,화요일,울산광역시 동구 화정동,중상사고,0,1,1,0,차대차 - 측면직각충돌,안전운전불이행,건조,맑음,교차로 - 교차로안,이륜,남,34세,중상,승용,여,29세,상해없음
2012091100100555,2012년 9월 11일 21시,화요일,울산광역시 울주군 두서면,중상사고,0,1,1,0,차대차 - 추돌 - 진행중,안전운전불이행,건조,맑음,단일로 - 기타,화물,남,57세,상해없음,화물,남,67세,경상
2012091100100575,2012년 9월 11일 21시,화요일,울산광역시 울주군 온양읍,중상사고,0,1,0,1,차대차 - 측면직각충돌,직진우회전진행방해,건조,맑음,교차로 - 교차로안,승용,여,46세,상해없음,승용,여,55세,중상
2012091100100598,2012년 9월 11일 22시,화요일,울산광역시 울주군 서생면,중상사고,0,1,4,0,차대차 - 측면직각충돌,안전운전불이행,건조,맑음,단일로 - 기타,승용,남,57세,상해없음,승용,여,48세,경상
2012091100100628,2012년 9월 11일 23시,화요일,울산광역시 북구 진장동,경상사고,0,0,2,0,차대차 - 추돌 - 주정차중,안전운전불이행,건조,맑음,교차로 - 교차로부근,승용,남,37세,상해없음,승용,여,36세,경상
2012091200100012,2012년 9월 12일 00시,수요일,울산광역시 남구 삼산동,경상사고,0,0,1,0,차대차 - 측면직각충돌,신호위반,건조,맑음,교차로 - 교차로안,원동기,남,16세,상해없음,승용,남,55세,경상
2012091200100076,2012년 9월 12일 06시,수요일,울산광역시 북구 명촌동,경상사고,0,0,1,0,차대차 - 기타,안전운전불이행,건조,맑음,교차로 - 교차로안,승용,남,34세,상해없음,자전거,남,47세,경상
2012091200100077,2012년 9월 12일 06시,수요일,울산광역시 남구 야음동,경상사고,0,0,2,0,차대차 - 측면직각충돌,교차로운행방법위반,건조,맑음,교차로 - 교차로안,승용,여,24세,상해없음,승용,남,60세,경상
2012091200100148,2012년 9월 12일 08시,수요일,울산광역시 중구 태화동,중상사고,0,1,0,0,차대차 - 측면직각충돌,직진우회전진행방해,건조,맑음,교차로 - 교차로안,승용,남,46세,상해없음,자전거,남,41세,중상
2012091200100149,2012년 9월 12일 08시,수요일,울산광역시 울주군 온산읍,중상사고,0,1,0,0,차대차 - 기타,중앙선침범,건조,맑음,단일로 - 기타,승용,남,57세,상해없음,승용,남,33세,중상
2012091200100170,2012년 9월 12일 09시,수요일,울산광역시 울주군 언양읍,중상사고,0,1,1,0,차대차 - 측면직각충돌,교차로운행방법위반,건조,맑음,교차로 - 교차로안,승용,여,66세,경상,승용,남,65세,중상
2012091200100204,2012년 9월 12일 11시,수요일,울산광역시 북구 송정동,중상사고,0,1,0,0,차대차 - 측면직각충돌,안전거리미확보,건조,맑음,단일로 - 기타,화물,남,52세,상해없음,화물,남,29세,중상
2012091200100450,2012년 9월 12일 19시,수요일,울산광역시 남구 신정동,부상신고사고,0,0,0,1,차대사람 - 기타,안전운전불이행,건조,맑음,교차로 - 교차로안,승용,여,42세,상해없음,보행자,여,42세,부상신고
2012091200100451,2012년 9월 12일 19시,수요일,울산광역시 동구 일산동,경상사고,0,0,1,0,차대차 - 기타,안전운전불이행,건조,맑음,교차로 - 교차로안,자전거,남,8세,경상,승용,남,42세,상해없음
2012091200100452,2012년 9월 12일 19시,수요일,울산광역시 울주군 온산읍,중상사고,0,1,0,0,차대사람 - 기타,안전운전불이행,건조,맑음,단일로 - 기타,화물,남,47세,상해없음,보행자,남,40세,중상
2012091200100453,2012년 9월 12일 19시,수요일,울산광역시 울주군 온산읍,중상사고,0,1,1,0,차대차 - 측면직각충돌,안전운전불이행,건조,맑음,교차로 - 교차로부근,승용,남,41세,경상,승용,남,46세,중상
2012091200100488,2012년 9월 12일 20시,수요일,울산광역시 북구 진장동,중상사고,0,1,1,0,차대차 - 측면직각충돌,신호위반,건조,맑음,교차로 - 교차로안,승용,남,23세,상해없음,승용,남,37세,경상
2012091200100548,2012년 9월 12일 22시,수요일,울산광역시 북구 효문동,경상사고,0,0,1,0,차대차 - 추돌 - 진행중,안전운전불이행,건조,맑음,단일로 - 기타,화물,남,23세,상해없음,승용,남,59세,경상
2012091200100549,2012년 9월 12일 22시,수요일,울산광역시 북구 양정동,중상사고,0,2,3,0,차대차 - 추돌 - 주정차중,안전운전불이행,건조,맑음,단일로 - 기타,화물,남,23세,중상,승합,남,32세,경상
2012091200100575,2012년 9월 12일 23시,수요일,울산광역시 동구 방어동,경상사고,0,0,1,0,차대차 - 기타,교차로운행방법위반,건조,맑음,교차로 - 교차로부근,승용,기타불명,기타불명,기타불명,이륜,남,28세,경상
2012091300100039,2012년 9월 13일 02시,목요일,울산광역시 북구 양정동,경상사고,0,0,2,0,차대차 - 추돌 - 주정차중,안전운전불이행,건조,맑음,단일로 - 기타,승용,남,62세,상해없음,승용,남,46세,상해없음
2012091300100135,2012년 9월 13일 07시,목요일,울산광역시 동구 서부동,중상사고,0,1,1,0,차대사람 - 기타,신호위반,건조,맑음,단일로 - 기타,이륜,남,31세,경상,보행자,여,18세,중상
2012091300100179,2012년 9월 13일 08시,목요일,울산광역시 남구 달동,중상사고,0,3,4,0,차량단독 - 공작물충돌,기타,건조,맑음,단일로 - 기타,승합,남,44세,경상,,,,
2012091300100259,2012년 9월 13일 11시,목요일,울산광역시 울주군 언양읍,중상사고,0,1,0,0,차대사람 - 기타,안전운전불이행,건조,맑음,단일로 - 횡단보도상,기타불명,기타불명,기타불명,기타불명,보행자,여,80세,중상
2012091300100286,2012년 9월 13일 12시,목요일,울산광역시 동구 일산동,경상사고,0,0,2,0,차대차 - 추돌 - 주정차중,안전운전불이행,건조,맑음,단일로 - 기타,승용,남,63세,상해없음,화물,남,37세,경상
2012091300100317,2012년 9월 13일 13시,목요일,울산광역시 울주군 상북면,중상사고,0,1,0,0,차량단독 - 공작물충돌,안전운전불이행,건조,맑음,교차로 - 교차로부근,건설기계,남,35세,중상,,,,
2012091300100338,2012년 9월 13일 14시,목요일,울산광역시 중구 우정동,중상사고,0,1,0,0,차대차 - 측면직각충돌,신호위반,건조,맑음,교차로 - 교차로안,승용,여,58세,상해없음,이륜,남,56세,중상
2012091300100339,2012년 9월 13일 14시,목요일,울산광역시 남구 무거동,경상사고,0,0,2,0,차대차 - 기타,안전운전불이행,건조,맑음,교차로 - 교차로안,승합,남,58세,상해없음,승용,남,40세,경상
2012091300100369,2012년 9월 13일 15시,목요일,울산광역시 중구 태화동,경상사고,0,0,1,1,차대차 - 기타,기타,건조,맑음,단일로 - 기타,승용,여,50세,부상신고,화물,남,56세,상해없음
2012091300100404,2012년 9월 13일 16시,목요일,울산광역시 울주군 두동면,경상사고,0,0,1,0,차대차 - 기타,중앙선침범,건조,맑음,단일로 - 기타,건설기계,남,35세,상해없음,화물,남,51세,경상
2012091300100433,2012년 9월 13일 17시,목요일,울산광역시 동구 방어동,경상사고,0,0,1,0,차대차 - 추돌 - 진행중,안전운전불이행,건조,맑음,단일로 - 기타,승용,남,41세,상해없음,이륜,남,29세,경상
2012091300100469,2012년 9월 13일 18시,목요일,울산광역시 동구 서부동,중상사고,0,1,0,0,차대차 - 측면직각충돌,차로위반,건조,맑음,단일로 - 기타,승용,남,61세,상해없음,이륜,남,45세,중상
2012091300100470,2012년 9월 13일 18시,목요일,울산광역시 동구 서부동,경상사고,0,0,1,0,차대차 - 기타,중앙선침범,건조,맑음,교차로 - 교차로부근,승용,남,49세,상해없음,승용,남,32세,경상
2012091300100565,2012년 9월 13일 21시,목요일,울산광역시 울주군 온양읍,사망사고,1,0,0,0,차대차 - 추돌 - 진행중,안전운전불이행,건조,맑음,단일로 - 기타,승용,남,57세,사망,화물,남,57세,상해없음
2012091300100597,2012년 9월 13일 21시,목요일,울산광역시 중구 유곡동,경상사고,0,0,1,0,차대차 - 추돌 - 진행중,안전운전불이행,건조,맑음,단일로 - 기타,화물,남,29세,상해없음,승용,남,52세,경상
2012091300100675,2012년 9월 13일 23시,목요일,울산광역시 중구 우정동,경상사고,0,0,1,0,차대차 - 측면직각충돌,안전운전불이행,습기,비,단일로 - 기타,승용,남,49세,경상,승용,남,26세,상해없음
2012091300100676,2012년 9월 13일 23시,목요일,울산광역시 동구 화정동,중상사고,0,1,0,0,차대사람 - 길가장자리구역통행중,안전운전불이행,습기,비,단일로 - 기타,이륜,남,30세,상해없음,보행자,남,32세,중상
2012091300100677,2012년 9월 13일 23시,목요일,울산광역시 울주군 청량면,중상사고,0,1,0,0,차대사람 - 기타,안전운전불이행,습기,비,단일로 - 기타,승용,여,44세,상해없음,보행자,남,49세,중상
2012091300100678,2012년 9월 13일 23시,목요일,울산광역시 울주군 범서읍,경상사고,0,0,1,0,차대차 - 측면직각충돌,중앙선침범,습기,비,단일로 - 교량,화물,남,53세,상해없음,승용,남,27세,경상
2012091400100028,2012년 9월 14일 00시,금요일,울산광역시 남구 삼산동,경상사고,0,0,1,0,차대사람 - 기타,안전운전불이행,습기,비,단일로 - 기타,승용,남,52세,상해없음,보행자,남,19세,경상
2012091400100050,2012년 9월 14일 01시,금요일,울산광역시 동구 화정동,중상사고,0,1,0,0,차대차 - 측면직각충돌,안전운전불이행,습기,비,기타 - 기타,원동기,남,38세,중상,승용,남,57세,기타불명
2012091400100101,2012년 9월 14일 04시,금요일,울산광역시 울주군 온산읍,부상신고사고,0,0,0,1,차대차 - 기타,신호위반,습기,비,교차로 - 교차로안,기타불명,기타불명,기타불명,기타불명,원동기,남,39세,부상신고
2012091400100117,2012년 9월 14일 05시,금요일,울산광역시 울주군 온양읍,부상신고사고,0,0,0,1,차대사람 - 횡단중,안전운전불이행,습기,비,교차로 - 교차로부근,화물,남,37세,상해없음,보행자,여,59세,부상신고
2012091400100136,2012년 9월 14일 06시,금요일,울산광역시 울주군 범서읍,경상사고,0,0,1,0,차대차 - 기타,신호위반,습기,비,교차로 - 교차로안,승용,남,40세,상해없음,승용,남,43세,경상
2012091400100195,2012년 9월 14일 08시,금요일,울산광역시 북구 양정동,경상사고,0,0,1,0,차대차 - 측면직각충돌,신호위반,습기,흐림,교차로 - 교차로안,승용,여,34세,상해없음,자전거,남,53세,경상
2012091400100314,2012년 9월 14일 12시,금요일,울산광역시 울주군 청량면,경상사고,0,0,1,0,차량단독 - 공작물충돌,안전운전불이행,건조,흐림,단일로 - 기타,승용,여,56세,경상,,,,
2012091400100340,2012년 9월 14일 13시,금요일,울산광역시 남구 달동,경상사고,0,0,2,0,차대차 - 기타,안전운전불이행,건조,맑음,교차로 - 교차로부근,승용,남,42세,상해없음,승용,여,32세,경상
2012091400100576,2012년 9월 14일 19시,금요일,울산광역시 북구 연암동,경상사고,0,0,1,0,차대차 - 추돌 - 주정차중,안전운전불이행,습기,비,교차로 - 교차로부근,화물,남,46세,상해없음,승용,남,38세,경상
2012091400100613,2012년 9월 14일 20시,금요일,울산광역시 남구 달동,중상사고,0,2,0,0,차대차 - 추돌 - 주정차중,안전거리미확보,건조,흐림,교차로 - 교차로부근,화물,남,51세,상해없음,승용,여,22세,중상
2012091400100614,2012년 9월 14일 20시,금요일,울산광역시 남구 두왕동,중상사고,0,2,2,0,차대차 - 추돌 - 주정차중,안전거리미확보,습기,비,단일로 - 기타,승용,남,23세,상해없음,승용,남,39세,상해없음
2012091400100615,2012년 9월 14일 20시,금요일,울산광역시 동구 전하동,경상사고,0,0,2,0,차대차 - 추돌 - 주정차중,직진우회전진행방해,건조,맑음,교차로 - 교차로부근,승합,남,29세,상해없음,승용,남,40세,상해없음
2012091400100660,2012년 9월 14일 21시,금요일,울산광역시 중구 우정동,중상사고,0,1,1,0,차대사람 - 보도통행중,보행자보호의무위반,습기,비,단일로 - 기타,승용,남,28세,상해없음,보행자,남,28세,중상
2012091400100698,2012년 9월 14일 22시,금요일,울산광역시 남구 달동,경상사고,0,0,2,0,차대차 - 추돌 - 주정차중,안전운전불이행,습기,비,교차로 - 교차로부근,화물,남,47세,상해없음,승용,남,51세,경상
2012091400100699,2012년 9월 14일 22시,금요일,울산광역시 동구 방어동,경상사고,0,0,1,0,차대사람 - 기타,안전운전불이행,건조,맑음,단일로 - 기타,승용,기타불명,기타불명,기타불명,보행자,남,18세,경상
2012091400100733,2012년 9월 14일 23시,금요일,울산광역시 북구 호계동,경상사고,0,0,1,0,차대차 - 추돌 - 주정차중,안전운전불이행,건조,맑음,교차로 - 교차로부근,승용,남,40세,상해없음,화물,남,42세,경상
2012091400100734,2012년 9월 14일 23시,금요일,울산광역시 북구 연암동,경상사고,0,0,1,0,차대차 - 측면직각충돌,신호위반,습기,흐림,교차로 - 교차로안,화물,남,66세,상해없음,화물,남,35세,경상
2012091500100112,2012년 9월 15일 03시,토요일,울산광역시 남구 무거동,경상사고,0,0,1,0,차대차 - 측면직각충돌,직진우회전진행방해,건조,흐림,교차로 - 교차로안,승용,남,49세,상해없음,승용,여,50세,경상
2012091500100123,2012년 9월 15일 04시,토요일,울산광역시 북구 효문동,경상사고,0,0,1,0,차대차 - 정면충돌,중앙선침범,습기,비,교차로 - 교차로부근,승용,남,38세,상해없음,승용,남,56세,경상
2012091500100160,2012년 9월 15일 06시,토요일,울산광역시 중구 태화동,부상신고사고,0,0,0,1,차대차 - 측면직각충돌,직진우회전진행방해,습기,비,교차로 - 교차로안,승용,여,52세,부상신고,승용,여,31세,상해없음
2012091500100186,2012년 9월 15일 07시,토요일,울산광역시 남구 무거동,경상사고,0,0,1,0,차대차 - 측면직각충돌,신호위반,습기,비,교차로 - 교차로안,승용,남,40세,상해없음,화물,남,55세,상해없음
2012091500100214,2012년 9월 15일 08시,토요일,울산광역시 북구 연암동,경상사고,0,0,1,0,차대차 - 추돌 - 진행중,안전운전불이행,습기,맑음,교차로 - 교차로부근,승용,남,24세,상해없음,승용,여,40세,경상
2012091500100215,2012년 9월 15일 08시,토요일,울산광역시 남구 옥동,중상사고,0,1,0,0,차대차 - 추돌 - 주정차중,안전운전불이행,습기,비,교차로 - 교차로부근,승합,남,62세,상해없음,승용,남,67세,중상
2012091500100255,2012년 9월 15일 09시,토요일,울산광역시 중구 서동,중상사고,0,1,0,0,차대차 - 측면직각충돌,안전거리미확보,습기,비,교차로 - 교차로부근,승용,남,60세,상해없음,승용,여,26세,중상
2012091500100256,2012년 9월 15일 09시,토요일,울산광역시 북구 염포동,중상사고,0,1,0,0,차량단독 - 기타,안전운전불이행,건조,맑음,단일로 - 기타,승합,남,52세,상해없음,,,,
2012091500100347,2012년 9월 15일 12시,토요일,울산광역시 중구 남외동,경상사고,0,0,2,0,차대차 - 추돌 - 진행중,안전운전불이행,습기,비,단일로 - 기타,화물,남,48세,상해없음,승용,남,27세,경상
2012091500100506,2012년 9월 15일 17시,토요일,울산광역시 남구 달동,중상사고,0,2,0,0,차대차 - 측면직각충돌,교차로운행방법위반,건조,맑음,교차로 - 교차로안,승용,남,35세,상해없음,승용,남,21세,중상
2012091500100507,2012년 9월 15일 17시,토요일,울산광역시 울주군 언양읍,중상사고,0,1,0,0,차대사람 - 횡단중,안전운전불이행,습기,비,단일로 - 기타,화물,남,30세,상해없음,보행자,여,24세,중상
2012091500100567,2012년 9월 15일 19시,토요일,울산광역시 북구 연암동,경상사고,0,0,3,0,차량단독 - 기타,안전운전불이행,습기,비,단일로 - 기타,승용,남,44세,상해없음,,,,
2012091500100568,2012년 9월 15일 19시,토요일,울산광역시 북구 신천동,중상사고,0,1,0,0,차대사람 - 횡단중,안전운전불이행,습기,비,교차로 - 교차로안,승용,남,19세,상해없음,보행자,여,17세,중상
2012091500100569,2012년 9월 15일 19시,토요일,울산광역시 남구 삼산동,중상사고,0,1,0,0,차대차 - 측면직각충돌,신호위반,습기,비,교차로 - 교차로안,승용,남,38세,상해없음,이륜,남,39세,중상
2012091500100607,2012년 9월 15일 20시,토요일,울산광역시 북구 중산동,부상신고사고,0,0,0,1,차대차 - 측면직각충돌,신호위반,습기,비,교차로 - 교차로안,승용,여,35세,상해없음,승용,남,51세,부상신고
2012091500100608,2012년 9월 15일 20시,토요일,울산광역시 울주군 웅촌면,중상사고,0,1,0,0,차대차 - 추돌 - 진행중,안전운전불이행,습기,맑음,단일로 - 기타,원동기,남,24세,중상,승합,남,50세,상해없음
2012091500100671,2012년 9월 15일 22시,토요일,울산광역시 남구 삼산동,중상사고,0,1,0,0,차대차 - 정면충돌,신호위반,습기,비,교차로 - 교차로안,이륜,남,48세,중상,승용,남,31세,상해없음
2012091500100706,2012년 9월 15일 23시,토요일,울산광역시 남구 삼산동,중상사고,0,1,1,0,차대차 - 기타,교차로운행방법위반,습기,비,교차로 - 교차로안,승용,여,53세,중상,승용,남,64세,경상
2012091600100047,2012년 9월 16일 01시,일요일,울산광역시 남구 여천동,중상사고,0,1,0,0,차대차 - 기타,신호위반,습기,비,교차로 - 교차로안,화물,남,22세,상해없음,승용,남,57세,중상
2012091600100101,2012년 9월 16일 04시,일요일,울산광역시 북구 화봉동,중상사고,0,1,2,0,차대차 - 기타,신호위반,습기,비,교차로 - 교차로안,원동기,남,15세,중상,승용,남,29세,경상
2012091600100102,2012년 9월 16일 04시,일요일,울산광역시 울주군 청량면,중상사고,0,1,0,0,차량단독 - 공작물충돌,안전운전불이행,습기,비,단일로 - 기타,승용,남,21세,상해없음,,,,
2012091600100103,2012년 9월 16일 04시,일요일,울산광역시 울주군 청량면,중상사고,0,1,0,0,차대차 - 추돌 - 진행중,안전운전불이행,습기,비,단일로 - 기타,승용,남,24세,상해없음,승용,남,29세,중상
2012091600100172,2012년 9월 16일 08시,일요일,울산광역시 동구 전하동,경상사고,0,0,1,0,차대차 - 측면직각충돌,직진우회전진행방해,건조,맑음,교차로 - 교차로안,승용,남,38세,상해없음,승용,남,55세,경상
2012091600100209,2012년 9월 16일 10시,일요일,울산광역시 울주군 상북면,중상사고,0,1,0,0,차대차 - 추돌 - 진행중,안전운전불이행,습기,비,단일로 - 기타,화물,남,46세,상해없음,자전거,여,58세,중상
2012091600100234,2012년 9월 16일 11시,일요일,울산광역시 북구 화봉동,경상사고,0,0,2,0,차대차 - 추돌 - 진행중,안전운전불이행,습기,비,단일로 - 기타,승용,남,30세,상해없음,승용,남,27세,경상
2012091600100327,2012년 9월 16일 14시,일요일,울산광역시 중구 복산동,경상사고,0,0,2,0,차대차 - 추돌 - 주정차중,안전운전불이행,습기,비,단일로 - 기타,승용,남,59세,상해없음,승용,남,54세,경상
2012091600100359,2012년 9월 16일 15시,일요일,울산광역시 동구 전하동,경상사고,0,0,1,0,차대차 - 측면직각충돌,교차로운행방법위반,습기,비,교차로 - 교차로안,승용,여,46세,상해없음,이륜,남,24세,경상
2012091600100388,2012년 9월 16일 16시,일요일,울산광역시 동구 일산동,경상사고,0,0,2,0,차대차 - 기타,안전운전불이행,습기,비,교차로 - 교차로안,승용,남,40세,상해없음,승용,남,44세,경상
2012091600100417,2012년 9월 16일 17시,일요일,울산광역시 남구 달동,중상사고,0,1,0,0,차대차 - 추돌 - 진행중,안전운전불이행,습기,비,교차로 - 교차로부근,승용,남,23세,상해없음,승용,여,45세,중상
2012091600100418,2012년 9월 16일 17시,일요일,울산광역시 남구 신정동,중상사고,0,1,1,0,차대차 - 기타,교차로운행방법위반,습기,비,교차로 - 교차로부근,승용,남,23세,상해없음,원동기,남,21세,중상
2012091600100504,2012년 9월 16일 19시,일요일,울산광역시 중구 태화동,경상사고,0,0,6,0,차대차 - 정면충돌,안전운전불이행,습기,비,교차로 - 교차로안,승용,남,29세,상해없음,승용,남,42세,경상
2012091600100505,2012년 9월 16일 19시,일요일,울산광역시 동구 서부동,경상사고,0,0,1,0,차대사람 - 횡단중,안전운전불이행,습기,비,교차로 - 교차로안,승용,남,27세,상해없음,보행자,남,38세,경상
2012091600100542,2012년 9월 16일 20시,일요일,울산광역시 중구 성남동,중상사고,0,2,0,0,차대사람 - 횡단중,신호위반,습기,비,단일로 - 횡단보도상,화물,남,44세,상해없음,보행자,여,32세,중상
2012091600100543,2012년 9월 16일 20시,일요일,울산광역시 남구 야음동,중상사고,0,1,1,0,차대사람 - 횡단중,보행자보호의무위반,습기,비,교차로 - 교차로부근,승용,남,43세,상해없음,보행자,남,40세,중상
2012091600100595,2012년 9월 16일 21시,일요일,울산광역시 남구 신정동,중상사고,0,1,0,0,차대사람 - 횡단중,안전운전불이행,습기,비,단일로 - 횡단보도부근,승용,남,63세,상해없음,보행자,여,58세,중상
2012091600100596,2012년 9월 16일 21시,일요일,울산광역시 울주군 서생면,경상사고,0,0,4,0,차대차 - 기타,중앙선침범,습기,비,단일로 - 기타,승용,남,46세,상해없음,승용,남,32세,경상
2012091600100632,2012년 9월 16일 22시,일요일,울산광역시 중구 반구동,중상사고,0,1,2,0,차대차 - 정면충돌,중앙선침범,습기,비,교차로 - 교차로부근,승합,남,64세,상해없음,승용,남,57세,중상
2012091600100633,2012년 9월 16일 22시,일요일,울산광역시 남구 야음동,경상사고,0,0,1,0,차대사람 - 횡단중,안전운전불이행,습기,비,단일로 - 횡단보도부근,승용,남,24세,상해없음,보행자,남,48세,경상
2012091600100659,2012년 9월 16일 23시,일요일,울산광역시 중구 태화동,중상사고,0,2,0,0,차대차 - 추돌 - 진행중,안전운전불이행,습기,비,교차로 - 교차로부근,승용,남,38세,상해없음,승용,여,50세,중상