사고번호,사고일시,요일,시군구,사고내용,사망자수,중상자수,경상자수,부상신고자수,사고유형,법규위반,노면상태,기상상태,도로형태,가해운전자 차종,가해운전자 성별,가해운전자 연령,가해운전자 상해정도,피해운전자 차종,피해운전자 성별,피해운전자 연령,피해운전자 상해정도
2012092600100492,2012년 9월 26일 18시,수요일,울산광역시 동구 동부동,중상사고,0,1,0,0,차대사람 - 횡단중,안전운전불이행,건조,맑음,교차로 - 교차로안,승합,여,46세,상해없음,보행자,여,52세,중상
2012092600100547,2012년 9월 26일 19시,수요일,울산광역시 동구 방어동,중상사고,0,1,0,0,차대사람 - 횡단중,보행자보호의무위반,건조,맑음,교차로 - 교차로안,화물,남,44세,상해없음,보행자,여,50세,중상
2012092600100548,2012년 9월 26일 19시,수요일,울산광역시 북구 양정동,경상사고,0,0,1,0,차대사람 - 횡단중,안전운전불이행,건조,맑음,교차로 - 교차로부근,승용,여,56세,상해없음,보행자,남,69세,경상
2012092600100549,2012년 9월 26일 19시,수요일,울산광역시 북구 양정동,경상사고,0,0,6,0,차대차 - 추돌 - 진행중,안전거리미확보,건조,맑음,교차로 - 교차로부근,승합,남,39세,상해없음,승용,남,50세,경상
2012092600100588,2012년 9월 26일 20시,수요일,울산광역시 중구 남외동,중상사고,0,1,0,0,차대차 - 측면직각충돌,신호위반,건조,맑음,교차로 - 교차로안,승용,남,54세,상해없음,이륜,남,26세,중상
2012092600100660,2012년 9월 26일 23시,수요일,울산광역시 북구 효문동,경상사고,0,0,1,0,차대차 - 측면직각충돌,안전거리미확보,건조,맑음,단일로 - 기타,승용,남,34세,상해없음,이륜,남,38세,경상
2012092700100025,2012년 9월 27일 00시,목요일,울산광역시 남구 달동,경상사고,0,0,1,0,차대사람 - 기타,안전운전불이행,건조,맑음,교차로 - 교차로부근,승용,남,45세,상해없음,보행자,남,36세,경상
2012092700100088,2012년 9월 27일 05시,목요일,울산광역시 남구 신정동,경상사고,0,0,3,0,차대차 - 정면충돌,신호위반,건조,맑음,교차로 - 교차로안,화물,남,67세,상해없음,승용,여,68세,경상
2012092700100160,2012년 9월 27일 08시,목요일,울산광역시 북구 연암동,중상사고,0,1,2,0,차대차 - 추돌 - 주정차중,안전운전불이행,건조,맑음,교차로 - 교차로부근,화물,남,48세,상해없음,승용,여,59세,중상
2012092700100161,2012년 9월 27일 08시,목요일,울산광역시 북구 호계동,중상사고,0,1,0,0,차대사람 - 기타,안전운전불이행,건조,맑음,단일로 - 횡단보도부근,승용,여,54세,상해없음,보행자,여,8세,중상
2012092700100162,2012년 9월 27일 08시,목요일,울산광역시 남구 신정동,경상사고,0,0,1,0,차대차 - 추돌 - 진행중,차로위반,건조,맑음,교차로 - 교차로부근,승용,여,48세,상해없음,승용,여,43세,경상
2012092700100163,2012년 9월 27일 08시,목요일,울산광역시 남구 옥동,중상사고,0,1,0,0,차대사람 - 횡단중,안전운전불이행,건조,맑음,교차로 - 교차로부근,승용,여,61세,상해없음,보행자,여,54세,중상
2012092700100192,2012년 9월 27일 09시,목요일,울산광역시 중구 북정동,중상사고,0,3,0,0,차대차 - 측면직각충돌,신호위반,건조,맑음,교차로 - 교차로안,승합,남,35세,상해없음,승용,남,43세,중상
2012092700100280,2012년 9월 27일 12시,목요일,울산광역시 남구 달동,경상사고,0,0,1,0,차대차 - 기타,안전운전불이행,건조,맑음,단일로 - 기타,이륜,남,69세,상해없음,승용,여,49세,상해없음
2012092700100381,2012년 9월 27일 15시,목요일,울산광역시 울주군 웅촌면,중상사고,0,1,0,0,차대차 - 측면직각충돌,교차로운행방법위반,건조,맑음,교차로 - 교차로안,건설기계,남,43세,상해없음,승용,여,55세,중상
2012092700100416,2012년 9월 27일 16시,목요일,울산광역시 북구 효문동,중상사고,0,1,0,0,차대차 - 측면직각충돌,안전운전불이행,건조,맑음,교차로 - 교차로부근,승용,남,38세,상해없음,자전거,남,72세,중상
2012092700100501,2012년 9월 27일 18시,목요일,울산광역시 동구 방어동,사망사고,1,0,0,0,차대사람 - 보도통행중,보행자보호의무위반,건조,맑음,단일로 - 횡단보도상,승용,남,41세,상해없음,보행자,여,66세,사망
2012092700100552,2012년 9월 27일 19시,목요일,울산광역시 남구 신정동,중상사고,0,1,0,0,차대사람 - 기타,안전운전불이행,건조,맑음,단일로 - 기타,승용,남,59세,상해없음,보행자,남,53세,중상
2012092700100553,2012년 9월 27일 19시,목요일,울산광역시 동구 전하동,경상사고,0,0,2,0,차대차 - 기타,안전거리미확보,건조,맑음,단일로 - 기타,이륜,남,17세,경상,이륜,남,51세,경상
2012092700100690,2012년 9월 27일 23시,목요일,울산광역시 북구 신명동,중상사고,0,1,0,0,차대사람 - 기타,안전운전불이행,건조,맑음,단일로 - 기타,승용,남,31세,상해없음,보행자,남,59세,중상
2012092800100063,2012년 9월 28일 02시,금요일,울산광역시 남구 신정동,경상사고,0,0,1,0,차대사람 - 횡단중,보행자보호의무위반,건조,맑음,단일로 - 기타,승용,남,30세,상해없음,보행자,남,40세,경상
2012092800100095,2012년 9월 28일 05시,금요일,울산광역시 남구 여천동,중상사고,0,1,0,0,차대사람 - 기타,안전운전불이행,건조,맑음,교차로 - 교차로부근,승용,남,40세,상해없음,보행자,남,53세,중상
2012092800100136,2012년 9월 28일 07시,금요일,울산광역시 울주군 청량면,경상사고,0,0,1,0,차량단독 - 공작물충돌,안전운전불이행,건조,맑음,단일로 - 기타,승용,남,31세,경상,,,,
2012092800100448,2012년 9월 28일 15시,금요일,울산광역시 북구 명촌동,중상사고,0,1,0,0,차대차 - 측면직각충돌,불법유턴,건조,맑음,교차로 - 교차로부근,자전거,여,41세,중상,화물,남,55세,상해없음
2012092800100449,2012년 9월 28일 15시,금요일,울산광역시 동구 방어동,중상사고,0,1,0,0,차대차 - 추돌 - 주정차중,교차로운행방법위반,건조,맑음,교차로 - 교차로안,승용,여,57세,상해없음,승용,여,28세,중상
2012092800100503,2012년 9월 28일 16시,금요일,울산광역시 동구 전하동,경상사고,0,0,1,0,차대차 - 추돌 - 진행중,차로위반,건조,맑음,단일로 - 기타,승용,남,39세,상해없음,승합,남,50세,경상
2012092800100553,2012년 9월 28일 17시,금요일,울산광역시 북구 송정동,경상사고,0,0,1,0,차대차 - 측면직각충돌,신호위반,건조,맑음,교차로 - 교차로안,이륜,남,24세,경상,승용,남,34세,상해없음
2012092800100554,2012년 9월 28일 17시,금요일,울산광역시 남구 무거동,중상사고,0,1,0,0,차대차 - 측면직각충돌,안전운전불이행,건조,맑음,교차로 - 교차로안,승용,남,57세,상해없음,승용,남,25세,중상
2012092800100555,2012년 9월 28일 17시,금요일,울산광역시 북구 염포동,중상사고,0,1,0,0,차대차 - 추돌 - 진행중,안전거리미확보,건조,맑음,단일로 - 기타,승용,남,28세,상해없음,이륜,남,29세,중상
2012092800100556,2012년 9월 28일 17시,금요일,울산광역시 동구 전하동,경상사고,0,0,1,0,차대차 - 추돌 - 주정차중,안전거리미확보,건조,맑음,교차로 - 교차로안,승합,남,39세,상해없음,승용,남,53세,상해없음
2012092800100614,2012년 9월 28일 18시,금요일,울산광역시 동구 전하동,경상사고,0,0,1,0,차대차 - 측면직각충돌,교차로운행방법위반,건조,맑음,교차로 - 교차로안,이륜,남,44세,경상,승용,남,60세,상해없음
2012092800100615,2012년 9월 28일 18시,금요일,울산광역시 울주군 범서읍,경상사고,0,0,1,0,차대사람 - 횡단중,안전운전불이행,건조,맑음,기타 - 기타,승용,여,40세,상해없음,보행자,남,9세,경상
2012092800100681,2012년 9월 28일 19시,금요일,울산광역시 남구 달동,중상사고,0,1,0,0,차대차 - 기타,교차로운행방법위반,건조,맑음,교차로 - 교차로안,승용,남,34세,상해없음,이륜,남,30세,중상
2012092800100756,2012년 9월 28일 21시,금요일,울산광역시 남구 삼산동,경상사고,0,0,1,0,차대차 - 추돌 - 진행중,안전운전불이행,건조,맑음,교차로 - 교차로안,승용,남,56세,상해없음,승용,남,51세,경상
2012092800100825,2012년 9월 28일 23시,금요일,울산광역시 북구 호계동,중상사고,0,2,0,0,차대차 - 측면직각충돌,신호위반,건조,맑음,교차로 - 교차로안,승용,여,27세,상해없음,승용,남,71세,중상
2012092800100826,2012년 9월 28일 23시,금요일,울산광역시 중구 남외동,중상사고,0,1,0,0,차대사람 - 횡단중,안전운전불이행,건조,맑음,교차로 - 교차로부근,승용,남,48세,상해없음,보행자,남,60세,중상
2012092900100028,2012년 9월 29일 00시,토요일,울산광역시 중구 우정동,경상사고,0,0,1,0,차대사람 - 차도통행중,안전운전불이행,건조,맑음,단일로 - 기타,승용,여,32세,상해없음,보행자,남,58세,경상
2012092900100059,2012년 9월 29일 02시,토요일,울산광역시 중구 남외동,경상사고,0,0,1,0,차대사람 - 차도통행중,안전운전불이행,건조,맑음,단일로 - 기타,승용,남,16세,상해없음,보행자,여,24세,경상
2012092900100071,2012년 9월 29일 03시,토요일,울산광역시 중구 우정동,중상사고,0,1,0,0,차대사람 - 횡단중,보행자보호의무위반,건조,맑음,단일로 - 횡단보도상,승용,남,50세,상해없음,보행자,여,33세,중상
2012092900100126,2012년 9월 29일 06시,토요일,울산광역시 울주군 범서읍,경상사고,0,0,1,0,차대차 - 기타,교차로운행방법위반,건조,맑음,교차로 - 교차로안,승합,남,50세,상해없음,승용,남,29세,경상
2012092900100150,2012년 9월 29일 07시,토요일,울산광역시 남구 옥동,중상사고,0,1,2,0,차대차 - 측면직각충돌,신호위반,건조,맑음,교차로 - 교차로안,승용,남,23세,상해없음,승용,남,53세,경상
2012092900100151,2012년 9월 29일 07시,토요일,울산광역시 북구 양정동,경상사고,0,0,4,0,차대차 - 추돌 - 진행중,안전거리미확보,건조,맑음,단일로 - 기타,승용,남,25세,상해없음,승용,여,44세,경상
2012092900100305,2012년 9월 29일 13시,토요일,울산광역시 울주군 온양읍,경상사고,0,0,2,0,차대차 - 측면직각충돌,교차로운행방법위반,건조,맑음,교차로 - 교차로안,승용,남,62세,상해없음,승용,남,23세,경상
2012092900100306,2012년 9월 29일 13시,토요일,울산광역시 울주군 온양읍,중상사고,0,1,0,0,차대차 - 정면충돌,중앙선침범,건조,맑음,단일로 - 기타,승용,남,66세,상해없음,승용,여,48세,중상
2012092900100327,2012년 9월 29일 14시,토요일,울산광역시 울주군 범서읍,경상사고,0,0,1,0,차대차 - 기타,안전운전불이행,건조,맑음,교차로 - 교차로부근,승용,여,31세,상해없음,자전거,남,11세,경상
2012092900100357,2012년 9월 29일 15시,토요일,울산광역시 남구 신정동,중상사고,0,1,1,0,차대차 - 측면직각충돌,교차로운행방법위반,건조,맑음,교차로 - 교차로안,승용,남,63세,경상,승용,여,63세,중상
2012092900100358,2012년 9월 29일 15시,토요일,울산광역시 북구 염포동,중상사고,0,1,0,0,차대차 - 정면충돌,중앙선침범,건조,맑음,단일로 - 기타,승용,남,54세,상해없음,이륜,남,41세,중상
2012092900100370,2012년 9월 29일 16시,토요일,울산광역시 동구 방어동,경상사고,0,0,2,0,차대차 - 추돌 - 진행중,안전거리미확보,건조,맑음,교차로 - 교차로부근,승용,남,47세,상해없음,승용,남,45세,경상
2012093000100104,2012년 9월 30일 09시,일요일,울산광역시 남구 신정동,중상사고,0,1,2,0,차대차 - 추돌 - 진행중,안전거리미확보,건조,맑음,교차로 - 교차로부근,승용,남,54세,상해없음,승용,남,36세,경상
2012093000100111,2012년 9월 30일 10시,일요일,울산광역시 울주군 언양읍,중상사고,0,3,6,0,차대차 - 추돌 - 주정차중,안전거리미확보,건조,맑음,단일로 - 기타,승용,남,39세,중상,승용,남,35세,상해없음
2012093000100183,2012년 9월 30일 12시,일요일,울산광역시 북구 무룡동,중상사고,0,1,0,0,차량단독 - 공작물충돌,안전운전불이행,건조,맑음,단일로 - 기타,승합,남,63세,중상,,,,
2012093000100210,2012년 9월 30일 13시,일요일,울산광역시 남구 달동,경상사고,0,0,4,0,차대차 - 측면직각충돌,신호위반,건조,맑음,교차로 - 교차로안,승용,남,46세,상해없음,승용,남,53세,경상
2012100100100053,2012년 10월 1일 03시,월요일,울산광역시 중구 북정동,경상사고,0,0,1,0,차대차 - 추돌 - 진행중,안전운전불이행,건조,맑음,단일로 - 기타,승용,남,40세,상해없음,승합,남,54세,경상
2012100100100132,2012년 10월 1일 10시,월요일,울산광역시 울주군 웅촌면,부상신고사고,0,0,0,1,차량단독 - 전도전복,안전운전불이행,건조,맑음,단일로 - 기타,이륜,남,38세,부상신고,,,,
2012100100100166,2012년 10월 1일 12시,월요일,울산광역시 울주군 온양읍,중상사고,0,1,0,0,차대사람 - 기타,안전운전불이행,건조,맑음,교차로 - 교차로부근,승용,여,51세,상해없음,보행자,여,71세,중상
2012100100100189,2012년 10월 1일 13시,월요일,울산광역시 중구 학성동,경상사고,0,0,3,0,차대차 - 측면직각충돌,직진우회전진행방해,건조,맑음,교차로 - 교차로안,승용,남,27세,경상,승용,남,50세,경상
2012100100100273,2012년 10월 1일 16시,월요일,울산광역시 동구 일산동,경상사고,0,0,1,0,차대차 - 측면직각충돌,교차로운행방법위반,건조,맑음,교차로 - 교차로안,승용,남,26세,상해없음,이륜,남,64세,경상
2012100100100299,2012년 10월 1일 17시,월요일,울산광역시 남구 야음동,경상사고,0,0,1,0,차대사람 - 기타,안전운전불이행,건조,맑음,단일로 - 기타,승용,남,33세,상해없음,보행자,남,7세,경상
2012100100100417,2012년 10월 1일 21시,월요일,울산광역시 울주군 삼남면,경상사고,0,0,1,0,차대사람 - 기타,안전운전불이행,건조,맑음,기타 - 기타,승용,남,40세,상해없음,보행자,남,40세,상해없음
2012100200100085,2012년 10월 2일 06시,화요일,울산광역시 중구 성남동,중상사고,0,1,1,0,차대차 - 측면직각충돌,신호위반,건조,맑음,교차로 - 교차로안,승용,여,46세,경상,승용,남,61세,중상
2012100200100144,2012년 10월 2일 09시,화요일,울산광역시 북구 양정동,경상사고,0,0,2,0,차대차 - 추돌 - 진행중,안전거리미확보,건조,맑음,단일로 - 기타,승용,남,50세,상해없음,승용,남,59세,경상
2012100200100180,2012년 10월 2일 10시,화요일,울산광역시 울주군 두동면,경상사고,0,0,1,0,차량단독 - 공작물충돌,안전운전불이행,건조,맑음,단일로 - 기타,승용,남,51세,경상,,,,
2012100200100299,2012년 10월 2일 14시,화요일,울산광역시 울주군 온산읍,사망사고,1,0,0,0,차대차 - 기타,안전운전불이행,건조,맑음,단일로 - 기타,원동기,남,41세,사망,화물,남,54세,상해없음
2012100200100369,2012년 10월 2일 16시,화요일,울산광역시 북구 양정동,경상사고,0,0,3,0,차대차 - 추돌 - 주정차중,안전거리미확보,건조,맑음,단일로 - 기타,승용,남,55세,상해없음,승용,남,50세,경상
2012100200100459,2012년 10월 2일 18시,화요일,울산광역시 북구 상안동,중상사고,0,1,0,0,차대사람 - 기타,안전운전불이행,건조,맑음,단일로 - 기타,승용,남,25세,상해없음,보행자,남,77세,중상
2012100200100460,2012년 10월 2일 18시,화요일,울산광역시 남구 옥동,경상사고,0,0,4,0,차대차 - 추돌 - 주정차중,안전운전불이행,건조,맑음,단일로 - 기타,승용,남,47세,상해없음,승용,남,38세,경상
2012100200100461,2012년 10월 2일 18시,화요일,울산광역시 동구 화정동,경상사고,0,0,1,0,차대사람 - 기타,안전운전불이행,건조,맑음,교차로 - 교차로부근,승용,남,39세,상해없음,보행자,여,49세,경상
2012100200100534,2012년 10월 2일 20시,화요일,울산광역시 동구 전하동,중상사고,0,1,0,0,차대차 - 기타,안전운전불이행,건조,맑음,교차로 - 교차로부근,승용,기타불명,기타불명,기타불명,이륜,남,22세,중상
2012100200100598,2012년 10월 2일 22시,화요일,울산광역시 북구 명촌동,경상사고,0,0,2,0,차대차 - 추돌 - 주정차중,안전운전불이행,건조,맑음,단일로 - 기타,승합,남,56세,상해없음,승용,남,33세,경상
2012100300100017,2012년 10월 3일 00시,수요일,울산광역시 남구 선암동,경상사고,0,0,2,0,차대차 - 추돌 - 진행중,안전운전불이행,건조,맑음,교차로 - 교차로부근,승합,남,62세,상해없음,승용,남,48세,경상
2012100300100033,2012년 10월 3일 01시,수요일,울산광역시 동구 전하동,중상사고,0,1,0,0,차대차 - 측면직각충돌,안전운전불이행,건조,맑음,단일로 - 기타,승용,남,50세,상해없음,승용,남,25세,상해없음
2012100300100092,2012년 10월 3일 06시,수요일,울산광역시 울주군 온양읍,경상사고,0,0,1,0,차량단독 - 공작물충돌,안전운전불이행,건조,맑음,단일로 - 교량,승합,남,47세,경상,,,,
2012100300100140,2012년 10월 3일 09시,수요일,울산광역시 북구 상안동,중상사고,0,1,0,0,차대차 - 정면충돌,신호위반,건조,맑음,교차로 - 교차로안,화물,남,31세,상해없음,승용,남,59세,중상
2012100300100212,2012년 10월 3일 12시,수요일,울산광역시 남구 달동,중상사고,0,1,1,0,차대차 - 정면충돌,중앙선침범,건조,맑음,단일로 - 기타,이륜,남,30세,중상,승용,남,29세,상해없음
2012100300100378,2012년 10월 3일 17시,수요일,울산광역시 북구 연암동,중상사고,0,1,3,0,차대차 - 추돌 - 진행중,안전운전불이행,건조,맑음,단일로 - 터널,승용,남,31세,상해없음,승용,남,42세,중상
2012100300100379,2012년 10월 3일 17시,수요일,울산광역시 남구 달동,중상사고,0,1,0,0,차대차 - 기타,안전운전불이행,건조,맑음,교차로 - 교차로부근,이륜,남,33세,중상,승용,남,49세,상해없음
2012100300100500,2012년 10월 3일 21시,수요일,울산광역시 동구 화정동,경상사고,0,0,1,0,차대차 - 추돌 - 진행중,안전거리미확보,건조,맑음,단일로 - 기타,이륜,남,37세,경상,승용,남,42세,상해없음
2012100300100501,2012년 10월 3일 21시,수요일,울산광역시 북구 양정동,경상사고,0,0,1,0,차대차 - 측면직각충돌,안전거리미확보,건조,맑음,단일로 - 기타,승용,남,54세,상해없음,이륜,남,16세,경상
2012100300100502,2012년 10월 3일 21시,수요일,울산광역시 동구 전하동,경상사고,0,0,1,0,차대사람 - 길가장자리구역통행중,안전운전불이행,건조,맑음,교차로 - 교차로부근,승용,남,23세,상해없음,보행자,남,43세,경상
2012100300100518,2012년 10월 3일 22시,수요일,울산광역시 중구 옥교동,중상사고,0,1,0,0,차대차 - 정면충돌,안전운전불이행,건조,맑음,단일로 - 기타,자전거,남,32세,중상,자전거,남,27세,상해없음
2012100300100536,2012년 10월 3일 23시,수요일,울산광역시 남구 무거동,중상사고,0,1,0,0,차대사람 - 기타,기타,건조,맑음,단일로 - 기타,승용,남,56세,상해없음,보행자,남,26세,중상
2012100400100015,2012년 10월 4일 00시,목요일,울산광역시 중구 우정동,중상사고,0,1,0,0,차대사람 - 횡단중,보행자보호의무위반,건조,맑음,단일로 - 횡단보도상,승용,여,49세,상해없음,보행자,남,41세,중상
2012100400100022,2012년 10월 4일 01시,목요일,울산광역시 울주군 삼남면,중상사고,0,2,2,0,차대차 - 정면충돌,안전운전불이행,건조,맑음,교차로 - 교차로부근,승용,남,27세,상해없음,승용,남,48세,경상
2012100400100088,2012년 10월 4일 07시,목요일,울산광역시 동구 화정동,경상사고,0,0,1,0,차대차 - 추돌 - 진행중,안전거리미확보,건조,맑음,교차로 - 교차로안,이륜,남,33세,경상,승용,남,27세,상해없음
2012100400100126,2012년 10월 4일 08시,목요일,울산광역시 중구 다운동,경상사고,0,0,1,0,차대차 - 추돌 - 주정차중,안전운전불이행,건조,맑음,단일로 - 기타,승용,남,54세,상해없음,승용,남,53세,기타불명
2012100400100222,2012년 10월 4일 12시,목요일,울산광역시 남구 삼산동,중상사고,0,1,0,0,차대사람 - 기타,보행자보호의무위반,건조,맑음,교차로 - 교차로안,화물,남,55세,상해없음,보행자,여,78세,중상
2012100400100223,2012년 10월 4일 12시,목요일,울산광역시 동구 일산동,경상사고,0,0,1,0,차대사람 - 기타,안전운전불이행,건조,맑음,단일로 - 기타,승용,여,54세,상해없음,보행자,여,29세,경상
2012100400100345,2012년 10월 4일 16시,목요일,울산광역시 남구 신정동,경상사고,0,0,3,0,차대차 - 기타,안전운전불이행,건조,맑음,교차로 - 교차로안,승용,남,47세,상해없음,승용,여,45세,경상
2012100400100383,2012년 10월 4일 17시,목요일,울산광역시 울주군 온산읍,경상사고,0,0,1,0,차대차 - 측면직각충돌,교차로운행방법위반,건조,맑음,교차로 - 교차로안,화물,남,29세,상해없음,원동기,남,49세,경상
2012100400100435,2012년 10월 4일 18시,목요일,울산광역시 울주군 상북면,경상사고,0,0,1,0,차대차 - 기타,중앙선침범,건조,맑음,단일로 - 기타,승용,남,78세,상해없음,승용,남,28세,상해없음
2012100400100436,2012년 10월 4일 18시,목요일,울산광역시 울주군 범서읍,중상사고,0,1,0,0,차대차 - 기타,안전운전불이행,건조,맑음,단일로 - 교량,기타불명,기타불명,기타불명,기타불명,자전거,남,64세,중상
2012100400100437,2012년 10월 4일 18시,목요일,울산광역시 울주군 범서읍,경상사고,0,0,1,0,차대차 - 측면직각충돌,교차로운행방법위반,건조,맑음,교차로 - 교차로안,승용,여,33세,상해없음,승용,남,23세,경상
2012100400100483,2012년 10월 4일 19시,목요일,울산광역시 동구 전하동,중상사고,0,1,0,0,차대차 - 측면직각충돌,교차로운행방법위반,건조,맑음,교차로 - 교차로부근,승용,여,60세,상해없음,이륜,남,60세,중상
2012100400100514,2012년 10월 4일 20시,목요일,울산광역시 울주군 삼남면,중상사고,0,2,0,1,차대차 - 기타,안전운전불이행,건조,맑음,단일로 - 기타,승용,남,60세,부상신고,승용,남,40세,중상
2012100400100534,2012년 10월 4일 21시,목요일,울산광역시 남구 무거동,중상사고,0,1,0,0,차대사람 - 횡단중,중앙선침범,건조,맑음,단일로 - 기타,승용,여,31세,상해없음,보행자,여,23세,중상
2012100500100011,2012년 10월 5일 00시,금요일,울산광역시 동구 화정동,경상사고,0,0,1,0,차대차 - 추돌 - 주정차중,안전운전불이행,건조,맑음,단일로 - 기타,이륜,남,29세,경상,승용,남,50세,상해없음
2012100500100029,2012년 10월 5일 01시,금요일,울산광역시 남구 달동,경상사고,0,0,1,0,차대차 - 추돌 - 진행중,안전운전불이행,건조,맑음,단일로 - 기타,승용,남,31세,상해없음,승용,남,30세,경상
2012100500100072,2012년 10월 5일 06시,금요일,울산광역시 울주군 온산읍,중상사고,0,1,0,0,차대사람 - 기타,보행자보호의무위반,건조,맑음,교차로 - 교차로안,승용,남,61세,상해없음,보행자,남,53세,중상
2012100500100096,2012년 10월 5일 07시,금요일,울산광역시 북구 효문동,경상사고,0,0,1,0,차대차 - 측면직각충돌,안전운전불이행,건조,맑음,단일로 - 기타,승용,여,43세,상해없음,이륜,남,46세,경상
2012100500100135,2012년 10월 5일 08시,금요일,울산광역시 남구 옥동,경상사고,0,0,1,0,차대차 - 기타,기타,건조,맑음,교차로 - 교차로부근,승용,남,55세,상해없음,이륜,남,65세,경상
2012100500100190,2012년 10월 5일 10시,금요일,울산광역시 울주군 온양읍,중상사고,0,1,0,1,차대차 - 추돌 - 진행중,중앙선침범,건조,맑음,단일로 - 기타,승용,여,34세,상해없음,원동기,남,72세,부상신고
2012100500100191,2012년 10월 5일 10시,금요일,울산광역시 울주군 온산읍,경상사고,0,0,1,0,차대차 - 측면직각충돌,안전운전불이행,건조,맑음,단일로 - 기타,화물,남,31세,상해없음,이륜,남,31세,경상
2012100500100376,2012년 10월 5일 17시,금요일,울산광역시 남구 야음동,중상사고,0,1,0,0,차대차 - 측면직각충돌,안전운전불이행,건조,맑음,단일로 - 기타,승용,남,52세,상해없음,자전거,남,24세,중상
2012100500100377,2012년 10월 5일 17시,금요일,울산광역시 남구 신정동,경상사고,0,0,1,0,차대차 - 추돌 - 진행중,안전거리미확보,건조,맑음,교차로 - 교차로안,승용,남,41세,상해없음,승용,남,43세,경상
2012100500100462,2012년 10월 5일 19시,금요일,울산광역시 동구 화정동,중상사고,0,2,0,0,차대차 - 측면직각충돌,안전운전불이행,건조,맑음,교차로 - 교차로부근,승용,여,53세,상해없음,이륜,미분류,기타불명,기타불명
2012100500100498,2012년 10월 5일 20시,금요일,울산광역시 북구 염포동,중상사고,0,1,0,0,차대차 - 측면직각충돌,중앙선침범,건조,맑음,교차로 - 교차로부근,승용,남,32세,상해없음,이륜,남,27세,중상
2012100500100556,2012년 10월 5일 22시,금요일,울산광역시 남구 달동,중상사고,0,1,0,0,차대사람 - 횡단중,안전운전불이행,건조,맑음,교차로 - 교차로부근,승용,남,45세,상해없음,보행자,남,56세,중상
2012100500100557,2012년 10월 5일 22시,금요일,울산광역시 남구 신정동,중상사고,0,1,0,0,차대차 - 추돌 - 주정차중,안전운전불이행,건조,맑음,교차로 - 교차로부근,승용,남,41세,상해없음,승용,남,50세,중상
2012100500100558,2012년 10월 5일 22시,금요일,울산광역시 울주군 온산읍,경상사고,0,0,1,0,차대사람 - 기타,안전운전불이행,건조,맑음,단일로 - 기타,승합,여,47세,기타불명,보행자,남,41세,경상
2012100600100027,2012년 10월 6일 00시,토요일,울산광역시 남구 삼산동,중상사고,0,1,1,0,차대차 - 측면직각충돌,안전거리미확보,건조,맑음,단일로 - 기타,승용,남,23세,상해없음,승용,남,40세,중상
2012100600100028,2012년 10월 6일 00시,토요일,울산광역시 남구 달동,경상사고,0,0,4,0,차대차 - 추돌 - 진행중,안전운전불이행,건조,맑음,단일로 - 기타,승용,남,40세,상해없음,승용,여,50세,경상
2012100600100029,2012년 10월 6일 00시,토요일,울산광역시 동구 서부동,경상사고,0,0,1,0,차량단독 - 기타,안전운전불이행,건조,맑음,기타 - 기타,이륜,남,52세,경상,,,,
2012100600100200,2012년 10월 6일 10시,토요일,울산광역시 울주군 웅촌면,중상사고,0,1,1,0,차대차 - 정면충돌,안전운전불이행,건조,맑음,단일로 - 기타,특수,남,49세,중상,승합,남,44세,경상
2012100600100224,2012년 10월 6일 11시,토요일,울산광역시 중구 반구동,경상사고,0,0,1,0,차대차 - 측면직각충돌,직진우회전진행방해,건조,맑음,교차로 - 교차로안,이륜,남,51세,경상,승용,여,31세,상해없음
2012100600100251,2012년 10월 6일 12시,토요일,울산광역시 동구 방어동,경상사고,0,0,1,0,차대사람 - 기타,안전운전불이행,건조,맑음,단일로 - 기타,승용,여,42세,상해없음,보행자,여,52세,경상
2012100600100288,2012년 10월 6일 13시,토요일,울산광역시 남구 신정동,중상사고,0,1,0,0,차대차 - 추돌 - 진행중,차로위반,건조,맑음,교차로 - 교차로안,승용,여,51세,상해없음,승용,여,52세,중상
2012100600100341,2012년 10월 6일 15시,토요일,울산광역시 울주군 온양읍,경상사고,0,0,2,0,차대차 - 기타,중앙선침범,건조,맑음,단일로 - 기타,화물,남,41세,상해없음,승합,여,51세,경상
2012100600100383,2012년 10월 6일 17시,토요일,울산광역시 울주군 언양읍,사망사고,2,2,0,0,차량단독 - 공작물충돌,안전운전불이행,건조,맑음,단일로 - 기타,승용,남,57세,사망,,,,
2012100600100464,2012년 10월 6일 18시,토요일,울산광역시 남구 달동,경상사고,0,0,1,0,차대차 - 추돌 - 주정차중,안전운전불이행,건조,맑음,교차로 - 교차로부근,승용,남,48세,상해없음,승용,남,31세,경상
2012100600100498,2012년 10월 6일 19시,토요일,울산광역시 중구 우정동,경상사고,0,0,1,0,차량단독 - 기타,기타,건조,맑음,교차로 - 교차로부근,승용,남,63세,상해없음,,,,
2012100600100526,2012년 10월 6일 20시,토요일,울산광역시 중구 성남동,경상사고,0,0,1,0,차대사람 - 기타,안전운전불이행,건조,맑음,교차로 - 교차로안,승용,남,27세,기타불명,보행자,남,21세,경상