사고번호,사고일시,요일,시군구,사고내용,사망자수,중상자수,경상자수,부상신고자수,사고유형,법규위반,노면상태,기상상태,도로형태,가해운전자 차종,가해운전자 성별,가해운전자 연령,가해운전자 상해정도,피해운전자 차종,피해운전자 성별,피해운전자 연령,피해운전자 상해정도
2012102400100321,2012년 10월 24일 14시,수요일,울산광역시 남구 무거동,중상사고,0,1,0,0,차대차 - 기타,안전운전불이행,건조,맑음,교차로 - 교차로안,건설기계,남,50세,상해없음,승용,여,41세,중상
2012102400100349,2012년 10월 24일 15시,수요일,울산광역시 중구 반구동,중상사고,0,1,0,0,차대사람 - 횡단중,신호위반,건조,맑음,교차로 - 교차로부근,승용,남,29세,상해없음,보행자,여,21세,중상
2012102400100350,2012년 10월 24일 15시,수요일,울산광역시 남구 달동,중상사고,0,1,0,0,차대차 - 기타,기타,건조,맑음,단일로 - 기타,승용,남,49세,상해없음,원동기,남,47세,중상
2012102400100408,2012년 10월 24일 17시,수요일,울산광역시 남구 부곡동,경상사고,0,0,1,0,차대차 - 측면직각충돌,차로위반,건조,맑음,단일로 - 기타,화물,남,45세,상해없음,승용,남,41세,경상
2012102400100494,2012년 10월 24일 19시,수요일,울산광역시 남구 무거동,경상사고,0,0,1,0,차대차 - 기타,안전운전불이행,건조,맑음,교차로 - 교차로안,자전거,남,60세,경상,이륜,남,41세,상해없음
2012102400100495,2012년 10월 24일 19시,수요일,울산광역시 남구 선암동,중상사고,0,1,0,0,차대차 - 측면직각충돌,신호위반,건조,맑음,교차로 - 교차로안,이륜,남,47세,중상,승용,남,27세,상해없음
2012102400100528,2012년 10월 24일 20시,수요일,울산광역시 동구 방어동,중상사고,0,1,1,0,차대사람 - 횡단중,보행자보호의무위반,건조,맑음,단일로 - 횡단보도상,이륜,남,53세,상해없음,보행자,남,35세,경상
2012102400100529,2012년 10월 24일 20시,수요일,울산광역시 울주군 온산읍,중상사고,0,1,0,0,차대차 - 정면충돌,중앙선침범,건조,맑음,단일로 - 기타,승용,남,34세,상해없음,승용,남,26세,중상
2012102400100595,2012년 10월 24일 22시,수요일,울산광역시 동구 일산동,중상사고,0,2,0,0,차대차 - 추돌 - 주정차중,안전거리미확보,건조,맑음,교차로 - 교차로부근,승합,남,44세,상해없음,승용,여,30세,중상
2012102500100024,2012년 10월 25일 00시,목요일,울산광역시 울주군 온산읍,중상사고,0,1,0,0,차량단독 - 공작물충돌,안전운전불이행,건조,맑음,단일로 - 기타,승용,남,26세,상해없음,,,,
2012102500100063,2012년 10월 25일 04시,목요일,울산광역시 남구 달동,중상사고,0,1,4,0,차대차 - 기타,교차로운행방법위반,건조,맑음,교차로 - 교차로안,승용,여,30세,상해없음,승용,남,57세,경상
2012102500100194,2012년 10월 25일 09시,목요일,울산광역시 울주군 범서읍,경상사고,0,0,1,0,차대차 - 추돌 - 진행중,안전거리미확보,건조,맑음,단일로 - 기타,승용,여,54세,상해없음,승용,여,36세,경상
2012102500100221,2012년 10월 25일 10시,목요일,울산광역시 동구 방어동,경상사고,0,0,1,0,차대차 - 측면직각충돌,교차로운행방법위반,건조,맑음,교차로 - 교차로안,승용,남,52세,상해없음,이륜,남,60세,경상
2012102500100378,2012년 10월 25일 16시,목요일,울산광역시 남구 신정동,중상사고,0,1,0,0,차대사람 - 길가장자리구역통행중,중앙선침범,건조,맑음,단일로 - 기타,화물,남,40세,상해없음,보행자,남,64세,중상
2012102500100505,2012년 10월 25일 19시,목요일,울산광역시 중구 복산동,중상사고,0,1,0,0,차대차 - 기타,중앙선침범,건조,맑음,교차로 - 교차로부근,승용,남,40세,상해없음,원동기,남,26세,중상
2012102500100534,2012년 10월 25일 20시,목요일,울산광역시 남구 신정동,중상사고,0,1,3,0,차대차 - 측면직각충돌,신호위반,건조,맑음,교차로 - 교차로부근,승용,남,55세,경상,승용,남,60세,중상
2012102500100599,2012년 10월 25일 22시,목요일,울산광역시 중구 성남동,경상사고,0,0,1,0,차대차 - 측면직각충돌,기타,건조,맑음,교차로 - 교차로부근,승용,남,65세,상해없음,자전거,남,30세,경상
2012102600100041,2012년 10월 26일 01시,금요일,울산광역시 중구 우정동,중상사고,0,1,0,0,차대사람 - 기타,안전운전불이행,건조,맑음,단일로 - 기타,승용,남,63세,상해없음,보행자,남,50세,중상
2012102600100069,2012년 10월 26일 03시,금요일,울산광역시 북구 염포동,중상사고,0,4,1,0,차대차 - 추돌 - 진행중,안전운전불이행,건조,맑음,단일로 - 기타,승용,남,27세,중상,화물,남,63세,상해없음
2012102600100200,2012년 10월 26일 08시,금요일,울산광역시 남구 여천동,중상사고,0,2,1,0,차대차 - 추돌 - 주정차중,안전운전불이행,건조,맑음,교차로 - 교차로부근,화물,남,42세,상해없음,화물,남,45세,중상
2012102600100233,2012년 10월 26일 09시,금요일,울산광역시 중구 우정동,부상신고사고,0,0,0,1,차대사람 - 횡단중,안전운전불이행,건조,맑음,단일로 - 기타,승용,남,64세,상해없음,보행자,여,67세,부상신고
2012102600100234,2012년 10월 26일 09시,금요일,울산광역시 중구 학산동,중상사고,0,1,0,0,차대사람 - 횡단중,보행자보호의무위반,건조,맑음,교차로 - 교차로부근,승용,여,46세,상해없음,보행자,남,53세,중상
2012102600100339,2012년 10월 26일 13시,금요일,울산광역시 울주군 온산읍,경상사고,0,0,1,0,차대차 - 측면직각충돌,신호위반,건조,맑음,교차로 - 교차로안,승용,남,41세,상해없음,승용,남,38세,경상
2012102600100348,2012년 10월 26일 14시,금요일,울산광역시 울주군 언양읍,중상사고,0,1,1,0,차대차 - 추돌 - 진행중,안전거리미확보,건조,맑음,단일로 - 기타,승합,남,33세,상해없음,승용,남,46세,중상
2012102600100393,2012년 10월 26일 15시,금요일,울산광역시 북구 호계동,경상사고,0,0,1,0,차대사람 - 횡단중,안전운전불이행,건조,맑음,단일로 - 기타,이륜,남,73세,상해없음,보행자,여,46세,경상
2012102600100521,2012년 10월 26일 18시,금요일,울산광역시 남구 신정동,사망사고,1,0,0,0,차대사람 - 횡단중,안전운전불이행,건조,맑음,단일로 - 횡단보도상,승용,남,51세,상해없음,보행자,남,71세,사망
2012102600100698,2012년 10월 26일 23시,금요일,울산광역시 북구 상안동,중상사고,0,4,0,0,차대차 - 측면직각충돌,안전운전불이행,건조,맑음,교차로 - 교차로안,승용,여,51세,상해없음,승용,남,42세,중상
2012102600100699,2012년 10월 26일 23시,금요일,울산광역시 남구 삼산동,중상사고,0,1,2,0,차대차 - 정면충돌,신호위반,건조,맑음,교차로 - 교차로안,승용,남,58세,상해없음,승용,남,27세,중상
2012102700100030,2012년 10월 27일 00시,토요일,울산광역시 북구 명촌동,경상사고,0,0,1,0,차대차 - 측면직각충돌,안전거리미확보,건조,맑음,교차로 - 교차로부근,승용,여,53세,상해없음,승용,남,20세,경상
2012102700100031,2012년 10월 27일 00시,토요일,울산광역시 남구 삼산동,경상사고,0,0,1,0,차대사람 - 기타,안전운전불이행,건조,맑음,단일로 - 기타,승용,남,51세,상해없음,보행자,여,54세,경상
2012102700100132,2012년 10월 27일 05시,토요일,울산광역시 북구 진장동,경상사고,0,0,1,1,차대차 - 추돌 - 주정차중,안전운전불이행,건조,흐림,교차로 - 교차로부근,이륜,남,18세,부상신고,승합,남,49세,상해없음
2012102700100164,2012년 10월 27일 06시,토요일,울산광역시 울주군 청량면,중상사고,0,1,0,0,차대사람 - 횡단중,신호위반,건조,맑음,교차로 - 교차로안,승용,여,57세,상해없음,보행자,남,62세,중상
2012102700100303,2012년 10월 27일 11시,토요일,울산광역시 중구 남외동,경상사고,0,0,2,0,차대차 - 추돌 - 진행중,안전거리미확보,습기,비,단일로 - 기타,승용,남,58세,상해없음,승용,여,32세,경상
2012102700100304,2012년 10월 27일 11시,토요일,울산광역시 울주군 범서읍,중상사고,0,1,3,0,차대차 - 기타,중앙선침범,습기,비,단일로 - 기타,승합,남,57세,상해없음,승용,여,55세,중상
2012102700100344,2012년 10월 27일 12시,토요일,울산광역시 남구 신정동,경상사고,0,0,2,0,차대차 - 추돌 - 주정차중,안전운전불이행,습기,비,단일로 - 기타,승용,남,55세,상해없음,승용,남,35세,경상
2012102700100382,2012년 10월 27일 13시,토요일,울산광역시 동구 화정동,경상사고,0,0,3,0,차대차 - 기타,안전거리미확보,습기,비,단일로 - 기타,승용,남,31세,경상,승용,남,50세,경상
2012102700100459,2012년 10월 27일 15시,토요일,울산광역시 중구 교동,경상사고,0,0,2,0,차대차 - 추돌 - 주정차중,안전운전불이행,습기,비,교차로 - 교차로부근,승용,남,43세,상해없음,승용,남,54세,경상
2012102700100460,2012년 10월 27일 15시,토요일,울산광역시 울주군 온양읍,경상사고,0,0,3,0,차대차 - 추돌 - 주정차중,안전운전불이행,습기,비,단일로 - 기타,승용,남,51세,상해없음,승용,남,48세,경상
2012102700100474,2012년 10월 27일 16시,토요일,울산광역시 울주군 청량면,중상사고,0,1,0,0,차량단독 - 공작물충돌,안전운전불이행,습기,비,단일로 - 기타,승용,남,57세,상해없음,,,,
2012102700100509,2012년 10월 27일 16시,토요일,울산광역시 중구 반구동,경상사고,0,0,1,0,차대차 - 측면직각충돌,안전운전불이행,습기,비,단일로 - 기타,화물,남,56세,기타불명,승용,여,21세,경상
2012102700100562,2012년 10월 27일 17시,토요일,울산광역시 동구 방어동,중상사고,0,1,0,0,차대차 - 기타,신호위반,습기,비,교차로 - 교차로안,이륜,남,63세,중상,승용,남,29세,상해없음
2012102700100630,2012년 10월 27일 18시,토요일,울산광역시 남구 삼산동,중상사고,0,3,1,0,차대차 - 추돌 - 진행중,안전거리미확보,습기,비,단일로 - 기타,승용,남,33세,상해없음,승용,남,51세,중상
2012102700100631,2012년 10월 27일 18시,토요일,울산광역시 동구 서부동,경상사고,0,0,2,0,차대차 - 추돌 - 주정차중,안전거리미확보,습기,비,교차로 - 교차로부근,승용,남,45세,상해없음,승용,남,33세,경상
2012102700100684,2012년 10월 27일 19시,토요일,울산광역시 남구 무거동,중상사고,0,1,0,0,차대차 - 기타,교차로운행방법위반,습기,비,교차로 - 교차로안,승용,남,55세,상해없음,이륜,남,21세,중상
2012102700100735,2012년 10월 27일 20시,토요일,울산광역시 울주군 온산읍,중상사고,0,1,0,0,차대사람 - 횡단중,안전운전불이행,습기,비,단일로 - 기타,화물,남,46세,상해없음,보행자,남,40세,중상
2012102700100812,2012년 10월 27일 22시,토요일,울산광역시 중구 학성동,중상사고,0,2,1,0,차대차 - 측면직각충돌,안전운전불이행,건조,맑음,교차로 - 교차로부근,승용,남,58세,상해없음,승용,여,34세,중상
2012102800100027,2012년 10월 28일 00시,일요일,울산광역시 남구 달동,경상사고,0,0,1,0,차대사람 - 차도통행중,안전운전불이행,건조,맑음,단일로 - 기타,승용,남,57세,상해없음,보행자,남,40세,경상
2012102800100028,2012년 10월 28일 00시,일요일,울산광역시 남구 달동,경상사고,0,0,1,0,차대차 - 측면직각충돌,중앙선침범,건조,흐림,교차로 - 교차로부근,승용,남,33세,상해없음,승용,남,49세,경상
2012102800100029,2012년 10월 28일 00시,일요일,울산광역시 북구 염포동,중상사고,0,2,0,0,차대차 - 기타,안전운전불이행,습기,비,단일로 - 기타,승용,남,41세,상해없음,이륜,남,16세,중상
2012102800100114,2012년 10월 28일 06시,일요일,울산광역시 남구 무거동,경상사고,0,0,2,0,차대사람 - 횡단중,안전운전불이행,건조,맑음,단일로 - 기타,승용,남,28세,상해없음,보행자,남,26세,경상
2012102800100115,2012년 10월 28일 06시,일요일,울산광역시 북구 염포동,중상사고,0,1,0,0,차대차 - 정면충돌,중앙선침범,건조,맑음,교차로 - 교차로안,승용,남,24세,상해없음,승용,남,28세,중상
2012102800100381,2012년 10월 28일 16시,일요일,울산광역시 울주군 온양읍,경상사고,0,0,3,0,차대차 - 기타,안전운전불이행,건조,맑음,교차로 - 교차로부근,승용,남,52세,상해없음,승용,여,44세,경상
2012102800100515,2012년 10월 28일 19시,일요일,울산광역시 남구 달동,중상사고,0,1,0,0,차대차 - 측면직각충돌,중앙선침범,건조,맑음,단일로 - 기타,승용,남,50세,상해없음,이륜,남,17세,중상
2012102800100540,2012년 10월 28일 20시,일요일,울산광역시 북구 진장동,경상사고,0,0,3,0,차대차 - 측면직각충돌,신호위반,건조,맑음,교차로 - 교차로안,승용,여,37세,상해없음,승용,여,39세,경상
2012102800100571,2012년 10월 28일 21시,일요일,울산광역시 중구 반구동,경상사고,0,0,1,0,차대차 - 측면직각충돌,안전운전불이행,건조,맑음,단일로 - 기타,승용,여,52세,상해없음,자전거,남,13세,경상
2012102800100590,2012년 10월 28일 22시,일요일,울산광역시 동구 서부동,경상사고,0,0,1,0,차대차 - 기타,안전운전불이행,건조,맑음,교차로 - 교차로부근,승용,남,24세,상해없음,승용,남,36세,경상
2012102800100591,2012년 10월 28일 22시,일요일,울산광역시 울주군 웅촌면,부상신고사고,0,0,0,2,차대차 - 추돌 - 주정차중,안전운전불이행,건조,맑음,교차로 - 교차로안,승용,남,22세,상해없음,승용,여,30세,부상신고
2012102900100017,2012년 10월 29일 00시,월요일,울산광역시 남구 옥동,경상사고,0,0,2,0,차대차 - 추돌 - 주정차중,안전운전불이행,건조,맑음,단일로 - 기타,승합,여,50세,상해없음,승용,남,58세,경상
2012102900100018,2012년 10월 29일 00시,월요일,울산광역시 남구 삼산동,중상사고,0,1,0,0,차대차 - 추돌 - 주정차중,안전거리미확보,건조,맑음,단일로 - 횡단보도부근,승용,남,49세,상해없음,승용,남,39세,중상
2012102900100205,2012년 10월 29일 10시,월요일,울산광역시 남구 선암동,중상사고,0,1,4,0,차대차 - 측면직각충돌,교차로운행방법위반,건조,맑음,교차로 - 교차로안,승용,여,54세,상해없음,승합,남,50세,상해없음
2012102900100254,2012년 10월 29일 12시,월요일,울산광역시 북구 효문동,사망사고,1,0,0,0,차량단독 - 전도전복,안전운전불이행,건조,맑음,단일로 - 기타,이륜,남,32세,사망,,,,
2012102900100255,2012년 10월 29일 12시,월요일,울산광역시 울주군 청량면,경상사고,0,0,1,0,차대차 - 추돌 - 진행중,중앙선침범,건조,맑음,교차로 - 교차로부근,승합,남,21세,상해없음,화물,남,41세,상해없음
2012102900100307,2012년 10월 29일 14시,월요일,울산광역시 울주군 서생면,경상사고,0,0,1,0,차대사람 - 기타,안전운전불이행,건조,맑음,단일로 - 기타,승용,남,79세,상해없음,보행자,남,18세,경상
2012102900100341,2012년 10월 29일 15시,월요일,울산광역시 울주군 언양읍,경상사고,0,0,1,0,차대차 - 측면직각충돌,안전운전불이행,건조,맑음,교차로 - 교차로부근,승용,남,51세,상해없음,승용,남,52세,경상
2012102900100432,2012년 10월 29일 17시,월요일,울산광역시 남구 신정동,중상사고,0,1,0,0,차대사람 - 횡단중,안전운전불이행,건조,맑음,단일로 - 기타,승용,남,23세,상해없음,보행자,여,71세,중상
2012102900100433,2012년 10월 29일 17시,월요일,울산광역시 동구 방어동,중상사고,0,1,0,0,차대차 - 측면직각충돌,교차로운행방법위반,건조,맑음,교차로 - 교차로부근,화물,남,51세,상해없음,원동기,남,53세,상해없음
2012102900100503,2012년 10월 29일 18시,월요일,울산광역시 동구 전하동,경상사고,0,0,2,0,차대차 - 측면직각충돌,안전거리미확보,건조,맑음,교차로 - 교차로부근,승용,남,30세,상해없음,승합,남,35세,경상
2012102900100504,2012년 10월 29일 18시,월요일,울산광역시 울주군 서생면,경상사고,0,0,2,0,차대차 - 기타,중앙선침범,건조,맑음,단일로 - 기타,화물,남,32세,상해없음,승용,여,23세,경상
2012102900100600,2012년 10월 29일 21시,월요일,울산광역시 중구 약사동,중상사고,0,1,0,0,차대사람 - 기타,안전운전불이행,건조,맑음,교차로 - 교차로부근,승용,남,31세,상해없음,보행자,남,47세,중상
2012102900100645,2012년 10월 29일 23시,월요일,울산광역시 남구 신정동,중상사고,0,1,0,0,차대사람 - 횡단중,안전운전불이행,건조,맑음,단일로 - 횡단보도부근,승용,남,62세,상해없음,보행자,여,50세,중상
2012103000100066,2012년 10월 30일 05시,화요일,울산광역시 중구 학성동,사망사고,1,1,0,0,차대사람 - 횡단중,안전운전불이행,건조,맑음,교차로 - 교차로부근,화물,여,44세,상해없음,보행자,여,66세,사망
2012103000100085,2012년 10월 30일 06시,화요일,울산광역시 남구 야음동,경상사고,0,0,1,0,차대사람 - 횡단중,신호위반,건조,맑음,교차로 - 교차로안,화물,남,66세,상해없음,보행자,남,67세,경상
2012103000100107,2012년 10월 30일 07시,화요일,울산광역시 남구 두왕동,중상사고,0,1,0,0,차대차 - 측면직각충돌,안전거리미확보,건조,맑음,단일로 - 기타,건설기계,남,42세,상해없음,이륜,남,40세,중상
2012103000100108,2012년 10월 30일 07시,화요일,울산광역시 남구 야음동,중상사고,0,2,0,0,차대사람 - 횡단중,안전운전불이행,건조,맑음,단일로 - 횡단보도상,승용,여,39세,상해없음,보행자,여,45세,중상
2012103000100109,2012년 10월 30일 07시,화요일,울산광역시 울주군 온산읍,중상사고,0,1,0,0,차대차 - 기타,안전거리미확보,건조,맑음,교차로 - 교차로부근,화물,남,55세,상해없음,승용,남,49세,중상
2012103000100140,2012년 10월 30일 08시,화요일,울산광역시 중구 다운동,경상사고,0,0,1,0,차대차 - 측면직각충돌,직진우회전진행방해,건조,맑음,교차로 - 교차로안,화물,남,63세,상해없음,승용,여,30세,경상
2012103000100176,2012년 10월 30일 09시,화요일,울산광역시 북구 신천동,부상신고사고,0,0,0,1,차량단독 - 기타,안전운전불이행,건조,맑음,교차로 - 교차로안,자전거,남,55세,부상신고,,,,
2012103000100177,2012년 10월 30일 09시,화요일,울산광역시 동구 전하동,경상사고,0,0,1,0,차대차 - 기타,신호위반,건조,맑음,교차로 - 교차로안,승용,남,57세,상해없음,이륜,남,34세,경상
2012103000100311,2012년 10월 30일 14시,화요일,울산광역시 동구 서부동,경상사고,0,0,1,0,차대차 - 추돌 - 주정차중,안전운전불이행,건조,맑음,교차로 - 교차로부근,승용,남,47세,상해없음,승용,남,62세,경상
2012103000100385,2012년 10월 30일 16시,화요일,울산광역시 중구 반구동,중상사고,0,1,0,0,차대차 - 기타,차로위반,건조,맑음,단일로 - 기타,자전거,여,64세,중상,승합,남,27세,상해없음
2012103000100421,2012년 10월 30일 17시,화요일,울산광역시 울주군 온양읍,중상사고,0,1,1,0,차대사람 - 기타,안전운전불이행,건조,맑음,단일로 - 기타,승용,남,39세,상해없음,보행자,여,59세,경상
2012103000100601,2012년 10월 30일 22시,화요일,울산광역시 동구 일산동,중상사고,0,1,1,0,차대차 - 측면직각충돌,신호위반,건조,맑음,교차로 - 교차로안,승용,여,28세,상해없음,승용,여,47세,경상
2012103100100046,2012년 10월 31일 03시,수요일,울산광역시 남구 달동,중상사고,0,1,0,0,차대사람 - 횡단중,안전운전불이행,건조,맑음,교차로 - 교차로부근,승용,남,55세,상해없음,보행자,남,42세,중상
2012103100100047,2012년 10월 31일 03시,수요일,울산광역시 남구 달동,중상사고,0,1,0,0,차대사람 - 횡단중,안전운전불이행,건조,맑음,단일로 - 횡단보도부근,승용,남,70세,상해없음,보행자,남,49세,중상
2012103100100072,2012년 10월 31일 06시,수요일,울산광역시 중구 성안동,중상사고,0,1,0,0,차대사람 - 길가장자리구역통행중,안전운전불이행,건조,맑음,단일로 - 기타,승용,남,52세,상해없음,보행자,여,32세,중상
2012103100100073,2012년 10월 31일 06시,수요일,울산광역시 북구 양정동,경상사고,0,0,2,0,차대차 - 추돌 - 진행중,안전거리미확보,건조,맑음,단일로 - 기타,화물,남,46세,상해없음,승용,남,29세,경상
2012103100100135,2012년 10월 31일 08시,수요일,울산광역시 중구 학성동,중상사고,0,1,0,0,차대차 - 측면직각충돌,안전운전불이행,건조,맑음,단일로 - 기타,승합,남,54세,상해없음,자전거,남,35세,중상
2012103100100158,2012년 10월 31일 09시,수요일,울산광역시 남구 삼산동,중상사고,0,1,0,0,차대사람 - 횡단중,보행자보호의무위반,건조,맑음,교차로 - 교차로부근,승용,여,53세,상해없음,보행자,여,36세,중상
2012103100100159,2012년 10월 31일 09시,수요일,울산광역시 남구 무거동,중상사고,0,1,1,0,차대사람 - 횡단중,보행자보호의무위반,건조,맑음,교차로 - 교차로안,화물,남,40세,상해없음,보행자,여,27세,중상
2012103100100160,2012년 10월 31일 09시,수요일,울산광역시 북구 양정동,경상사고,0,0,1,0,차대차 - 추돌 - 주정차중,안전거리미확보,건조,맑음,교차로 - 교차로부근,승용,남,52세,상해없음,승용,남,70세,경상
2012103100100259,2012년 10월 31일 13시,수요일,울산광역시 울주군 언양읍,중상사고,0,1,0,0,차대차 - 정면충돌,중앙선침범,건조,맑음,교차로 - 교차로부근,승용,여,37세,기타불명,승용,여,50세,중상
2012103100100349,2012년 10월 31일 16시,수요일,울산광역시 중구 학성동,중상사고,0,1,1,0,차대차 - 측면직각충돌,불법유턴,건조,맑음,단일로 - 기타,승용,여,32세,경상,승용,여,46세,중상
2012103100100350,2012년 10월 31일 16시,수요일,울산광역시 중구 반구동,중상사고,0,1,0,0,차대사람 - 길가장자리구역통행중,안전운전불이행,건조,맑음,단일로 - 기타,승용,남,29세,상해없음,보행자,여,42세,중상
2012103100100398,2012년 10월 31일 17시,수요일,울산광역시 동구 화정동,경상사고,0,0,1,0,차대차 - 기타,직진우회전진행방해,건조,맑음,교차로 - 교차로안,승용,여,44세,상해없음,이륜,남,34세,경상
2012103100100470,2012년 10월 31일 18시,수요일,울산광역시 중구 태화동,중상사고,0,1,1,0,차대차 - 측면직각충돌,직진우회전진행방해,건조,맑음,교차로 - 교차로안,승용,남,48세,상해없음,이륜,남,23세,중상
2012103100100471,2012년 10월 31일 18시,수요일,울산광역시 중구 성안동,사망사고,1,0,0,0,차대사람 - 기타,안전운전불이행,건조,맑음,교차로 - 교차로부근,승용,여,53세,기타불명,보행자,여,74세,사망
2012103100100472,2012년 10월 31일 18시,수요일,울산광역시 동구 방어동,중상사고,0,1,0,0,차대차 - 측면직각충돌,중앙선침범,건조,맑음,단일로 - 기타,승용,남,42세,상해없음,이륜,남,52세,중상
2012103100100557,2012년 10월 31일 20시,수요일,울산광역시 동구 화정동,중상사고,0,1,0,0,차대사람 - 횡단중,안전운전불이행,건조,맑음,단일로 - 기타,이륜,남,31세,상해없음,보행자,여,43세,중상
2012103100100595,2012년 10월 31일 21시,수요일,울산광역시 울주군 온양읍,경상사고,0,0,2,2,차대차 - 추돌 - 주정차중,안전운전불이행,건조,맑음,교차로 - 교차로안,승용,남,47세,부상신고,승용,남,30세,경상
2012110100100021,2012년 11월 1일 00시,목요일,울산광역시 중구 태화동,경상사고,0,0,3,0,차대차 - 추돌 - 주정차중,안전거리미확보,건조,맑음,교차로 - 교차로안,화물,남,47세,상해없음,승용,남,48세,경상
2012110100100084,2012년 11월 1일 05시,목요일,울산광역시 남구 삼산동,중상사고,0,1,1,0,차대차 - 측면직각충돌,신호위반,건조,맑음,교차로 - 교차로안,승용,남,67세,상해없음,승용,여,44세,경상
2012110100100126,2012년 11월 1일 07시,목요일,울산광역시 동구 방어동,경상사고,0,0,1,0,차대차 - 측면직각충돌,교차로운행방법위반,건조,맑음,교차로 - 교차로안,승용,남,26세,상해없음,이륜,남,26세,경상
2012110100100127,2012년 11월 1일 07시,목요일,울산광역시 동구 방어동,부상신고사고,0,0,0,1,차대차 - 측면직각충돌,교차로운행방법위반,건조,맑음,교차로 - 교차로안,이륜,남,42세,상해없음,이륜,남,54세,부상신고
2012110100100190,2012년 11월 1일 09시,목요일,울산광역시 남구 신정동,중상사고,0,1,0,0,차대차 - 측면직각충돌,교차로운행방법위반,건조,맑음,교차로 - 교차로안,승합,남,28세,상해없음,승용,남,55세,중상
2012110100100258,2012년 11월 1일 11시,목요일,울산광역시 남구 무거동,경상사고,0,0,1,0,차대차 - 측면직각충돌,중앙선침범,건조,맑음,단일로 - 기타,이륜,남,21세,경상,승용,남,65세,상해없음
2012110100100283,2012년 11월 1일 12시,목요일,울산광역시 중구 다운동,중상사고,0,1,0,0,차대사람 - 차도통행중,안전운전불이행,건조,맑음,단일로 - 기타,화물,남,51세,상해없음,보행자,여,40세,중상
2012110100100284,2012년 11월 1일 12시,목요일,울산광역시 동구 서부동,중상사고,0,1,0,0,차대차 - 기타,차로위반,건조,맑음,단일로 - 기타,이륜,남,33세,상해없음,이륜,남,23세,중상
2012110100100337,2012년 11월 1일 14시,목요일,울산광역시 남구 신정동,경상사고,0,0,1,0,차대차 - 측면직각충돌,안전운전불이행,건조,맑음,단일로 - 기타,자전거,남,28세,경상,승합,남,40세,상해없음
2012110100100403,2012년 11월 1일 16시,목요일,울산광역시 울주군 온양읍,중상사고,0,1,0,0,차대사람 - 길가장자리구역통행중,안전운전불이행,건조,맑음,교차로 - 교차로부근,승용,남,24세,상해없음,보행자,남,62세,중상
2012110100100443,2012년 11월 1일 17시,목요일,울산광역시 울주군 온산읍,중상사고,0,1,0,0,차대차 - 추돌 - 진행중,안전운전불이행,건조,맑음,단일로 - 기타,승용,남,52세,상해없음,원동기,남,27세,중상
2012110100100505,2012년 11월 1일 18시,목요일,울산광역시 남구 달동,중상사고,0,1,0,0,차대차 - 측면직각충돌,교차로운행방법위반,건조,맑음,교차로 - 교차로안,승용,남,59세,상해없음,승용,남,27세,중상
2012110100100506,2012년 11월 1일 18시,목요일,울산광역시 동구 일산동,중상사고,0,1,0,0,차대사람 - 보도통행중,기타,건조,맑음,기타 - 기타,이륜,남,32세,상해없음,보행자,여,17세,중상
2012110100100507,2012년 11월 1일 18시,목요일,울산광역시 동구 서부동,중상사고,0,1,1,0,차대사람 - 횡단중,안전운전불이행,건조,맑음,단일로 - 기타,이륜,남,34세,경상,보행자,여,24세,중상
2012110100100508,2012년 11월 1일 18시,목요일,울산광역시 울주군 범서읍,사망사고,1,0,0,0,차대사람 - 기타,안전운전불이행,건조,맑음,단일로 - 기타,승용,남,31세,상해없음,보행자,남,66세,사망
2012110100100554,2012년 11월 1일 19시,목요일,울산광역시 중구 복산동,경상사고,0,0,1,0,차대차 - 측면직각충돌,안전거리미확보,건조,맑음,단일로 - 기타,승용,남,60세,기타불명,승용,남,35세,경상
2012110100100555,2012년 11월 1일 19시,목요일,울산광역시 동구 동부동,경상사고,0,0,1,0,차대차 - 측면직각충돌,안전운전불이행,건조,맑음,단일로 - 기타,승용,남,27세,상해없음,이륜,남,29세,경상
2012110100100590,2012년 11월 1일 20시,목요일,울산광역시 북구 효문동,경상사고,0,0,1,0,차대차 - 측면직각충돌,직진우회전진행방해,건조,맑음,교차로 - 교차로안,승용,남,32세,상해없음,이륜,남,23세,경상
2012110100100591,2012년 11월 1일 20시,목요일,울산광역시 북구 진장동,경상사고,0,0,3,0,차대차 - 측면직각충돌,신호위반,건조,맑음,교차로 - 교차로안,승용,남,28세,상해없음,승용,남,36세,경상
2012110100100592,2012년 11월 1일 20시,목요일,울산광역시 남구 삼산동,경상사고,0,0,1,0,차대차 - 측면직각충돌,안전운전불이행,건조,맑음,단일로 - 기타,승용,남,58세,상해없음,승용,남,30세,경상
2012110100100614,2012년 11월 1일 21시,목요일,울산광역시 남구 야음동,경상사고,0,0,1,0,차대차 - 추돌 - 진행중,안전운전불이행,건조,맑음,단일로 - 기타,원동기,남,16세,경상,승용,남,49세,상해없음