사고번호,사고일시,요일,시군구,사고내용,사망자수,중상자수,경상자수,부상신고자수,사고유형,법규위반,노면상태,기상상태,도로형태,가해운전자 차종,가해운전자 성별,가해운전자 연령,가해운전자 상해정도,피해운전자 차종,피해운전자 성별,피해운전자 연령,피해운전자 상해정도
2012111800100231,2012년 11월 18일 12시,일요일,울산광역시 북구 달천동,중상사고,0,1,0,0,차대사람 - 기타,보행자보호의무위반,건조,맑음,단일로 - 횡단보도상,승용,남,45세,상해없음,보행자,남,7세,중상
2012111800100260,2012년 11월 18일 13시,일요일,울산광역시 남구 달동,중상사고,0,1,0,0,차대사람 - 보도통행중,기타,건조,맑음,교차로 - 교차로부근,승용,남,57세,상해없음,보행자,여,69세,중상
2012111800100328,2012년 11월 18일 15시,일요일,울산광역시 중구 교동,경상사고,0,0,1,0,차대차 - 기타,직진우회전진행방해,건조,맑음,교차로 - 교차로안,승용,여,61세,상해없음,승용,남,59세,상해없음
2012111800100329,2012년 11월 18일 15시,일요일,울산광역시 울주군 웅촌면,중상사고,0,1,0,0,차대차 - 추돌 - 진행중,안전거리미확보,건조,맑음,단일로 - 기타,건설기계,남,41세,상해없음,승용,여,57세,중상
2012111800100384,2012년 11월 18일 17시,일요일,울산광역시 중구 약사동,경상사고,0,0,1,0,차대차 - 기타,안전운전불이행,건조,맑음,교차로 - 교차로부근,기타불명,기타불명,기타불명,기타불명,자전거,여,23세,경상
2012111800100385,2012년 11월 18일 17시,일요일,울산광역시 남구 야음동,중상사고,0,1,0,0,차대차 - 측면직각충돌,안전운전불이행,건조,맑음,단일로 - 기타,자전거,남,13세,중상,승용,남,32세,상해없음
2012111800100428,2012년 11월 18일 18시,일요일,울산광역시 북구 상안동,중상사고,0,2,1,0,차대차 - 추돌 - 주정차중,안전운전불이행,건조,맑음,단일로 - 기타,승용,여,43세,경상,승용,남,49세,중상
2012111900100089,2012년 11월 19일 06시,월요일,울산광역시 남구 선암동,중상사고,0,1,0,0,차대차 - 측면직각충돌,신호위반,건조,맑음,교차로 - 교차로안,승용,남,52세,상해없음,이륜,남,31세,중상
2012111900100127,2012년 11월 19일 07시,월요일,울산광역시 동구 화정동,중상사고,0,1,0,0,차대사람 - 횡단중,신호위반,건조,맑음,교차로 - 교차로부근,자전거,남,49세,상해없음,보행자,여,58세,중상
2012111900100177,2012년 11월 19일 08시,월요일,울산광역시 북구 효문동,경상사고,0,0,1,0,차대차 - 기타,안전거리미확보,건조,맑음,단일로 - 기타,건설기계,남,43세,상해없음,승용,남,27세,경상
2012111900100445,2012년 11월 19일 17시,월요일,울산광역시 남구 달동,중상사고,0,1,0,0,차대사람 - 횡단중,안전운전불이행,건조,맑음,교차로 - 교차로부근,승용,남,34세,상해없음,보행자,여,10세,중상
2012111900100537,2012년 11월 19일 19시,월요일,울산광역시 남구 옥동,경상사고,0,0,1,0,차대차 - 추돌 - 주정차중,안전운전불이행,건조,맑음,단일로 - 기타,화물,남,57세,상해없음,승용,여,33세,경상
2012111900100593,2012년 11월 19일 21시,월요일,울산광역시 북구 신천동,사망사고,1,0,0,0,차대사람 - 횡단중,안전운전불이행,건조,맑음,교차로 - 교차로부근,승용,남,63세,상해없음,보행자,남,75세,사망
2012111900100594,2012년 11월 19일 21시,월요일,울산광역시 남구 신정동,중상사고,0,1,0,0,차대사람 - 기타,안전운전불이행,건조,맑음,교차로 - 교차로안,화물,여,55세,상해없음,보행자,남,37세,중상
2012111900100643,2012년 11월 19일 23시,월요일,울산광역시 남구 달동,경상사고,0,0,3,0,차대차 - 추돌 - 주정차중,안전운전불이행,건조,맑음,교차로 - 교차로부근,승용,남,44세,상해없음,승용,남,23세,경상
2012112000100027,2012년 11월 20일 01시,화요일,울산광역시 중구 우정동,경상사고,0,0,2,0,차대차 - 측면직각충돌,안전거리미확보,건조,맑음,단일로 - 기타,승용,남,46세,상해없음,승용,남,61세,경상
2012112000100055,2012년 11월 20일 05시,화요일,울산광역시 중구 우정동,경상사고,0,0,1,0,차대차 - 측면직각충돌,신호위반,건조,맑음,교차로 - 교차로안,승용,남,62세,상해없음,승용,남,55세,경상
2012112000100253,2012년 11월 20일 13시,화요일,울산광역시 울주군 상북면,중상사고,0,1,0,0,차대사람 - 기타,안전운전불이행,건조,맑음,단일로 - 기타,승합,남,44세,상해없음,보행자,여,79세,중상
2012112000100285,2012년 11월 20일 14시,화요일,울산광역시 중구 남외동,부상신고사고,0,0,0,1,차대사람 - 횡단중,보행자보호의무위반,건조,맑음,교차로 - 교차로안,자전거,남,17세,상해없음,보행자,여,8세,부상신고
2012112000100350,2012년 11월 20일 16시,화요일,울산광역시 북구 호계동,중상사고,0,2,0,0,차대차 - 측면직각충돌,안전운전불이행,건조,맑음,교차로 - 교차로안,건설기계,남,43세,상해없음,화물,남,45세,중상
2012112000100392,2012년 11월 20일 17시,화요일,울산광역시 중구 서동,경상사고,0,0,1,0,차대사람 - 기타,안전운전불이행,건조,맑음,단일로 - 기타,이륜,남,20세,상해없음,보행자,여,22세,경상
2012112000100393,2012년 11월 20일 17시,화요일,울산광역시 울주군 청량면,중상사고,0,1,0,0,차대차 - 측면직각충돌,안전운전불이행,건조,맑음,단일로 - 기타,승용,남,44세,중상,화물,남,55세,상해없음
2012112000100444,2012년 11월 20일 18시,화요일,울산광역시 남구 옥동,경상사고,0,0,2,0,차대차 - 추돌 - 주정차중,안전거리미확보,건조,맑음,교차로 - 교차로안,승용,남,50세,상해없음,승용,남,47세,경상
2012112000100595,2012년 11월 20일 23시,화요일,울산광역시 북구 염포동,중상사고,0,1,0,0,차대차 - 추돌 - 주정차중,안전운전불이행,건조,맑음,단일로 - 기타,승용,남,34세,상해없음,승용,남,32세,중상
2012112000100596,2012년 11월 20일 23시,화요일,울산광역시 울주군 범서읍,중상사고,0,3,0,0,차대차 - 정면충돌,중앙선침범,건조,맑음,단일로 - 기타,승용,남,37세,중상,승용,남,31세,중상
2012112100100028,2012년 11월 21일 01시,수요일,울산광역시 북구 염포동,중상사고,0,1,0,0,차량단독 - 공작물충돌,안전운전불이행,건조,맑음,단일로 - 기타,승용,남,25세,중상,,,,
2012112100100143,2012년 11월 21일 08시,수요일,울산광역시 남구 신정동,경상사고,0,0,1,0,차대차 - 측면직각충돌,교차로운행방법위반,건조,맑음,교차로 - 교차로안,원동기,남,56세,경상,승용,여,45세,상해없음
2012112100100144,2012년 11월 21일 08시,수요일,울산광역시 남구 선암동,경상사고,0,0,1,0,차대차 - 측면직각충돌,신호위반,건조,맑음,교차로 - 교차로안,화물,남,59세,상해없음,승용,남,66세,경상
2012112100100306,2012년 11월 21일 15시,수요일,울산광역시 중구 반구동,경상사고,0,0,1,0,차대차 - 기타,안전운전불이행,건조,맑음,단일로 - 기타,승합,남,50세,상해없음,승합,남,41세,상해없음
2012112100100387,2012년 11월 21일 17시,수요일,울산광역시 남구 무거동,경상사고,0,0,1,0,차대사람 - 횡단중,안전운전불이행,건조,맑음,단일로 - 기타,승용,여,41세,상해없음,보행자,남,59세,경상
2012112100100388,2012년 11월 21일 17시,수요일,울산광역시 남구 여천동,경상사고,0,0,1,0,차대차 - 기타,안전거리미확보,건조,맑음,단일로 - 기타,승용,남,58세,상해없음,이륜,남,64세,경상
2012112100100484,2012년 11월 21일 19시,수요일,울산광역시 중구 태화동,경상사고,0,0,1,0,차대차 - 추돌 - 주정차중,안전운전불이행,건조,맑음,교차로 - 교차로부근,승용,남,49세,상해없음,승용,남,58세,경상
2012112100100485,2012년 11월 21일 19시,수요일,울산광역시 남구 달동,경상사고,0,0,1,0,차대차 - 추돌 - 진행중,안전거리미확보,건조,맑음,교차로 - 교차로부근,승용,남,47세,상해없음,승용,남,39세,경상
2012112100100519,2012년 11월 21일 20시,수요일,울산광역시 남구 무거동,중상사고,0,1,0,0,차대차 - 측면직각충돌,교차로운행방법위반,건조,맑음,교차로 - 교차로안,승용,여,47세,상해없음,자전거,남,34세,중상
2012112100100520,2012년 11월 21일 20시,수요일,울산광역시 동구 서부동,중상사고,0,1,0,0,차대차 - 측면직각충돌,교차로운행방법위반,건조,맑음,교차로 - 교차로안,승용,남,30세,상해없음,이륜,남,38세,중상
2012112100100551,2012년 11월 21일 21시,수요일,울산광역시 북구 매곡동,중상사고,0,1,0,0,차대차 - 기타,신호위반,건조,맑음,교차로 - 교차로안,이륜,남,49세,상해없음,자전거,남,11세,중상
2012112100100552,2012년 11월 21일 21시,수요일,울산광역시 남구 성암동,중상사고,0,2,0,0,차대차 - 측면직각충돌,안전운전불이행,건조,맑음,단일로 - 기타,이륜,남,35세,중상,이륜,남,44세,중상
2012112100100553,2012년 11월 21일 21시,수요일,울산광역시 울주군 언양읍,경상사고,0,0,1,1,차대차 - 추돌 - 진행중,안전운전불이행,건조,맑음,단일로 - 기타,이륜,남,18세,경상,승용,남,33세,상해없음
2012112100100581,2012년 11월 21일 22시,수요일,울산광역시 남구 무거동,중상사고,0,1,0,0,차대차 - 정면충돌,신호위반,건조,맑음,교차로 - 교차로안,승용,여,48세,중상,승용,남,47세,상해없음
2012112200100021,2012년 11월 22일 00시,목요일,울산광역시 울주군 온산읍,경상사고,0,0,1,0,차대차 - 추돌 - 주정차중,안전운전불이행,건조,맑음,단일로 - 기타,승용,남,31세,상해없음,승용,남,31세,경상
2012112200100054,2012년 11월 22일 04시,목요일,울산광역시 중구 반구동,경상사고,0,0,2,0,차대차 - 측면직각충돌,직진우회전진행방해,건조,맑음,교차로 - 교차로안,승용,남,63세,상해없음,승용,여,29세,경상
2012112200100055,2012년 11월 22일 04시,목요일,울산광역시 중구 태화동,중상사고,0,1,0,0,차대사람 - 횡단중,과속,건조,맑음,단일로 - 기타,승용,남,45세,상해없음,보행자,남,58세,중상
2012112200100057,2012년 11월 22일 05시,목요일,울산광역시 울주군 두동면,경상사고,0,0,1,0,차대차 - 추돌 - 진행중,안전운전불이행,건조,맑음,단일로 - 기타,화물,남,54세,상해없음,화물,남,49세,경상
2012112200100065,2012년 11월 22일 05시,목요일,울산광역시 중구 학성동,중상사고,0,1,0,0,차대사람 - 횡단중,안전운전불이행,건조,맑음,교차로 - 교차로부근,화물,남,31세,상해없음,보행자,남,68세,중상
2012112200100117,2012년 11월 22일 07시,목요일,울산광역시 울주군 온산읍,중상사고,0,1,0,0,차대차 - 추돌 - 진행중,안전운전불이행,건조,맑음,단일로 - 기타,이륜,남,48세,중상,화물,남,33세,상해없음
2012112200100199,2012년 11월 22일 09시,목요일,울산광역시 남구 신정동,중상사고,0,2,5,0,차대차 - 추돌 - 진행중,안전운전불이행,건조,맑음,단일로 - 횡단보도상,승합,남,51세,상해없음,건설기계,남,54세,중상
2012112200100261,2012년 11월 22일 12시,목요일,울산광역시 남구 달동,경상사고,0,0,1,0,차대사람 - 기타,안전운전불이행,건조,맑음,단일로 - 기타,화물,기타불명,기타불명,기타불명,보행자,남,21세,경상
2012112200100283,2012년 11월 22일 13시,목요일,울산광역시 남구 신정동,중상사고,0,1,0,0,차대차 - 측면직각충돌,안전운전불이행,건조,맑음,단일로 - 횡단보도부근,이륜,남,37세,중상,승용,여,40세,상해없음
2012112200100438,2012년 11월 22일 18시,목요일,울산광역시 울주군 온산읍,사망사고,1,0,0,0,차대사람 - 기타,안전운전불이행,건조,맑음,교차로 - 교차로부근,이륜,남,64세,상해없음,보행자,남,48세,사망
2012112200100470,2012년 11월 22일 19시,목요일,울산광역시 북구 호계동,경상사고,0,0,1,0,차대차 - 측면직각충돌,안전거리미확보,건조,맑음,단일로 - 기타,승용,여,55세,상해없음,승용,여,43세,경상
2012112200100504,2012년 11월 22일 20시,목요일,울산광역시 울주군 웅촌면,경상사고,0,0,2,0,차대차 - 추돌 - 주정차중,안전운전불이행,건조,맑음,교차로 - 교차로부근,승용,남,35세,상해없음,승용,남,52세,경상
2012112200100536,2012년 11월 22일 21시,목요일,울산광역시 남구 신정동,경상사고,0,0,1,0,차대사람 - 기타,안전운전불이행,건조,맑음,단일로 - 기타,승합,남,39세,상해없음,보행자,여,44세,경상
2012112200100575,2012년 11월 22일 22시,목요일,울산광역시 북구 달천동,경상사고,0,0,3,0,차대차 - 측면직각충돌,신호위반,건조,맑음,교차로 - 교차로안,승용,남,45세,상해없음,승용,남,43세,경상
2012112200100576,2012년 11월 22일 22시,목요일,울산광역시 동구 화정동,경상사고,0,0,1,0,차대사람 - 기타,안전운전불이행,건조,맑음,교차로 - 교차로부근,승용,남,23세,상해없음,보행자,남,34세,경상
2012112300100019,2012년 11월 23일 00시,금요일,울산광역시 북구 화봉동,중상사고,0,1,1,0,차대차 - 측면직각충돌,안전거리미확보,건조,맑음,단일로 - 기타,승용,남,48세,상해없음,승용,남,39세,경상
2012112300100020,2012년 11월 23일 00시,금요일,울산광역시 울주군 청량면,중상사고,0,1,0,0,차량단독 - 공작물충돌,안전운전불이행,건조,맑음,단일로 - 기타,승용,남,37세,중상,,,,
2012112300100142,2012년 11월 23일 07시,금요일,울산광역시 북구 효문동,중상사고,0,1,0,0,차대차 - 측면직각충돌,신호위반,건조,맑음,교차로 - 교차로안,승용,남,70세,상해없음,승용,남,29세,중상
2012112300100180,2012년 11월 23일 08시,금요일,울산광역시 중구 학산동,경상사고,0,0,1,0,차대차 - 추돌 - 진행중,안전거리미확보,건조,맑음,교차로 - 교차로부근,화물,남,43세,상해없음,승용,남,51세,경상
2012112300100181,2012년 11월 23일 08시,금요일,울산광역시 남구 신정동,중상사고,0,1,0,0,차대차 - 추돌 - 주정차중,안전운전불이행,건조,맑음,교차로 - 교차로부근,승용,남,57세,상해없음,승용,여,35세,중상
2012112300100198,2012년 11월 23일 09시,금요일,울산광역시 중구 학성동,경상사고,0,0,2,0,차대차 - 측면직각충돌,신호위반,건조,맑음,교차로 - 교차로안,승합,남,46세,상해없음,승용,남,69세,경상
2012112300100248,2012년 11월 23일 11시,금요일,울산광역시 중구 교동,경상사고,0,0,1,0,차대사람 - 횡단중,신호위반,건조,맑음,단일로 - 횡단보도상,기타불명,기타불명,기타불명,기타불명,보행자,여,16세,경상
2012112300100278,2012년 11월 23일 12시,금요일,울산광역시 울주군 온산읍,경상사고,0,0,1,0,차대차 - 측면직각충돌,안전거리미확보,건조,맑음,단일로 - 기타,승용,남,56세,상해없음,화물,남,49세,경상
2012112300100279,2012년 11월 23일 12시,금요일,울산광역시 울주군 온산읍,중상사고,0,1,0,0,차대사람 - 횡단중,안전운전불이행,건조,맑음,단일로 - 기타,승용,남,32세,상해없음,보행자,남,45세,중상
2012112300100305,2012년 11월 23일 13시,금요일,울산광역시 울주군 온산읍,경상사고,0,0,1,0,차대차 - 추돌 - 진행중,안전운전불이행,건조,맑음,단일로 - 기타,화물,여,19세,상해없음,화물,남,26세,경상
2012112300100306,2012년 11월 23일 13시,금요일,울산광역시 울주군 청량면,경상사고,0,0,1,0,차대차 - 측면직각충돌,안전운전불이행,건조,맑음,교차로 - 교차로안,화물,남,54세,상해없음,승용,남,31세,경상
2012112300100368,2012년 11월 23일 15시,금요일,울산광역시 북구 효문동,경상사고,0,0,1,0,차대차 - 측면직각충돌,과속,건조,맑음,교차로 - 교차로안,화물,남,36세,상해없음,승용,남,62세,경상
2012112300100402,2012년 11월 23일 16시,금요일,울산광역시 남구 신정동,경상사고,0,0,1,0,차대차 - 측면직각충돌,안전운전불이행,건조,맑음,단일로 - 기타,승용,남,21세,상해없음,원동기,남,45세,경상
2012112300100403,2012년 11월 23일 16시,금요일,울산광역시 울주군 삼남면,경상사고,0,0,1,0,차대차 - 측면직각충돌,신호위반,건조,맑음,교차로 - 교차로안,승용,남,59세,상해없음,이륜,남,23세,경상
2012112300100437,2012년 11월 23일 17시,금요일,울산광역시 울주군 상북면,중상사고,0,3,2,0,차대차 - 기타,교차로운행방법위반,건조,맑음,교차로 - 교차로안,승합,남,25세,상해없음,승용,남,46세,중상
2012112300100554,2012년 11월 23일 19시,금요일,울산광역시 남구 삼산동,경상사고,0,0,1,0,차대사람 - 횡단중,보행자보호의무위반,건조,맑음,단일로 - 횡단보도상,화물,남,41세,상해없음,보행자,여,29세,경상
2012112300100555,2012년 11월 23일 19시,금요일,울산광역시 북구 양정동,경상사고,0,0,1,0,차대차 - 측면직각충돌,중앙선침범,건조,맑음,단일로 - 기타,이륜,남,59세,상해없음,이륜,남,28세,경상
2012112300100600,2012년 11월 23일 20시,금요일,울산광역시 동구 방어동,중상사고,0,1,0,0,차대차 - 측면직각충돌,안전운전불이행,건조,맑음,교차로 - 교차로안,승용,여,42세,상해없음,이륜,남,18세,중상
2012112400100023,2012년 11월 24일 00시,토요일,울산광역시 남구 달동,경상사고,0,0,1,0,차대차 - 측면직각충돌,교차로운행방법위반,건조,맑음,교차로 - 교차로안,승용,남,26세,상해없음,승용,남,45세,경상
2012112400100024,2012년 11월 24일 00시,토요일,울산광역시 남구 신정동,경상사고,0,0,1,0,차대차 - 추돌 - 주정차중,안전운전불이행,건조,맑음,단일로 - 기타,승용,남,34세,경상,특수,남,28세,기타불명
2012112400100155,2012년 11월 24일 07시,토요일,울산광역시 북구 중산동,경상사고,0,0,1,0,차대차 - 추돌 - 진행중,안전운전불이행,건조,맑음,단일로 - 기타,승용,여,50세,상해없음,승용,남,51세,경상
2012112400100333,2012년 11월 24일 13시,토요일,울산광역시 남구 달동,경상사고,0,0,1,0,차대차 - 추돌 - 주정차중,안전거리미확보,건조,맑음,교차로 - 교차로부근,승용,남,56세,상해없음,승용,미분류,기타불명,기타불명
2012112400100334,2012년 11월 24일 13시,토요일,울산광역시 동구 전하동,경상사고,0,0,1,0,차대차 - 측면직각충돌,교차로운행방법위반,건조,맑음,교차로 - 교차로안,승용,남,52세,상해없음,이륜,남,23세,경상
2012112400100366,2012년 11월 24일 14시,토요일,울산광역시 북구 명촌동,경상사고,0,0,3,0,차대차 - 추돌 - 진행중,안전운전불이행,건조,맑음,단일로 - 기타,승용,여,33세,상해없음,승용,남,52세,경상
2012112400100405,2012년 11월 24일 15시,토요일,울산광역시 북구 신천동,사망사고,1,0,0,0,차대사람 - 횡단중,안전운전불이행,건조,맑음,교차로 - 교차로안,화물,남,59세,상해없음,보행자,남,8세,사망
2012112400100406,2012년 11월 24일 15시,토요일,울산광역시 중구 태화동,경상사고,0,0,6,0,차대차 - 추돌 - 주정차중,안전운전불이행,건조,맑음,단일로 - 기타,건설기계,남,42세,상해없음,승용,남,41세,경상
2012112400100546,2012년 11월 24일 19시,토요일,울산광역시 북구 송정동,중상사고,0,1,0,0,차대차 - 추돌 - 진행중,안전거리미확보,건조,맑음,단일로 - 기타,화물,남,43세,상해없음,승용,여,43세,중상
2012112400100577,2012년 11월 24일 20시,토요일,울산광역시 남구 달동,중상사고,0,2,5,1,차대차 - 추돌 - 주정차중,중앙선침범,건조,맑음,교차로 - 교차로부근,승용,여,32세,부상신고,승용,여,25세,경상
2012112500100029,2012년 11월 25일 00시,일요일,울산광역시 남구 신정동,중상사고,0,2,1,0,차대차 - 추돌 - 주정차중,안전운전불이행,건조,맑음,단일로 - 기타,승용,여,34세,상해없음,승용,남,60세,경상
2012112500100051,2012년 11월 25일 01시,일요일,울산광역시 동구 서부동,중상사고,0,1,1,0,차대차 - 추돌 - 진행중,안전거리미확보,건조,맑음,교차로 - 교차로부근,이륜,남,25세,경상,원동기,남,29세,상해없음
2012112500100067,2012년 11월 25일 02시,일요일,울산광역시 남구 달동,부상신고사고,0,0,0,1,차대사람 - 기타,안전운전불이행,건조,맑음,단일로 - 기타,승용,기타불명,기타불명,기타불명,보행자,남,30세,부상신고
2012112500100068,2012년 11월 25일 02시,일요일,울산광역시 남구 두왕동,경상사고,0,0,1,0,차대차 - 기타,중앙선침범,건조,맑음,교차로 - 교차로부근,승용,남,24세,상해없음,승용,남,36세,경상
2012112500100069,2012년 11월 25일 02시,일요일,울산광역시 울주군 온양읍,경상사고,0,0,5,1,차대차 - 추돌 - 주정차중,안전운전불이행,건조,맑음,단일로 - 기타,승용,남,49세,부상신고,승용,남,37세,경상
2012112500100082,2012년 11월 25일 03시,일요일,울산광역시 남구 달동,중상사고,0,2,2,1,차대차 - 추돌 - 주정차중,안전거리미확보,건조,맑음,단일로 - 기타,승용,남,29세,부상신고,승용,남,29세,경상
2012112500100111,2012년 11월 25일 06시,일요일,울산광역시 동구 일산동,중상사고,0,1,3,0,차대차 - 추돌 - 주정차중,안전운전불이행,건조,맑음,단일로 - 기타,승용,남,24세,중상,승합,남,44세,경상
2012112500100135,2012년 11월 25일 08시,일요일,울산광역시 남구 삼산동,경상사고,0,0,1,0,차대차 - 추돌 - 주정차중,안전운전불이행,건조,맑음,단일로 - 기타,승용,남,31세,상해없음,승용,남,36세,경상
2012112500100178,2012년 11월 25일 10시,일요일,울산광역시 울주군 언양읍,중상사고,0,1,0,0,차대차 - 측면직각충돌,신호위반,건조,맑음,교차로 - 교차로안,이륜,남,83세,중상,승용,남,66세,상해없음
2012112500100247,2012년 11월 25일 13시,일요일,울산광역시 북구 호계동,경상사고,0,0,1,0,차대차 - 측면직각충돌,직진우회전진행방해,건조,맑음,교차로 - 교차로안,승용,남,53세,상해없음,승용,남,31세,경상
2012112500100361,2012년 11월 25일 17시,일요일,울산광역시 중구 약사동,중상사고,0,1,2,0,차대차 - 추돌 - 주정차중,안전운전불이행,건조,맑음,교차로 - 교차로안,승용,남,54세,상해없음,승용,남,36세,경상
2012112500100418,2012년 11월 25일 19시,일요일,울산광역시 울주군 범서읍,중상사고,0,1,0,0,차대차 - 정면충돌,중앙선침범,건조,맑음,단일로 - 기타,승용,여,51세,기타불명,승용,남,43세,중상
2012112500100419,2012년 11월 25일 19시,일요일,울산광역시 울주군 삼남면,경상사고,0,0,4,1,차대차 - 추돌 - 진행중,안전운전불이행,건조,맑음,단일로 - 기타,승합,남,58세,기타불명,승용,남,42세,경상
2012112500100420,2012년 11월 25일 19시,일요일,울산광역시 울주군 언양읍,중상사고,0,1,0,0,차대사람 - 횡단중,보행자보호의무위반,건조,맑음,단일로 - 기타,승용,여,32세,상해없음,보행자,남,45세,중상
2012112500100462,2012년 11월 25일 20시,일요일,울산광역시 동구 방어동,중상사고,0,1,0,0,차대차 - 측면직각충돌,안전거리미확보,건조,맑음,단일로 - 기타,승용,남,52세,상해없음,이륜,남,37세,중상
2012112500100502,2012년 11월 25일 21시,일요일,울산광역시 남구 야음동,경상사고,0,0,1,0,차대차 - 기타,중앙선침범,건조,맑음,단일로 - 기타,자전거,여,60세,기타불명,이륜,남,17세,경상
2012112500100503,2012년 11월 25일 21시,일요일,울산광역시 울주군 삼남면,경상사고,0,0,3,0,차대차 - 측면직각충돌,교차로운행방법위반,건조,맑음,교차로 - 교차로안,승합,남,61세,경상,승용,남,48세,경상
2012112500100546,2012년 11월 25일 23시,일요일,울산광역시 울주군 삼남면,중상사고,0,1,3,0,차대차 - 정면충돌,안전운전불이행,습기,비,단일로 - 기타,승용,남,35세,상해없음,승합,남,47세,경상
2012112500100568,2012년 11월 25일 23시,일요일,울산광역시 중구 태화동,경상사고,0,0,1,0,차대사람 - 횡단중,안전운전불이행,습기,비,단일로 - 기타,승용,여,47세,상해없음,보행자,남,63세,경상
2012112600100041,2012년 11월 26일 02시,월요일,울산광역시 남구 신정동,중상사고,0,1,0,0,차량단독 - 공작물충돌,안전운전불이행,습기,비,교차로 - 교차로부근,승용,남,57세,상해없음,,,,
2012112600100086,2012년 11월 26일 06시,월요일,울산광역시 중구 서동,사망사고,1,0,0,0,차대차 - 기타,안전운전불이행,습기,비,교차로 - 교차로부근,화물,남,61세,상해없음,승합,남,34세,상해없음
2012112600100087,2012년 11월 26일 06시,월요일,울산광역시 북구 진장동,경상사고,0,0,2,0,차대차 - 기타,안전거리미확보,습기,비,단일로 - 기타,승용,남,40세,상해없음,승용,여,32세,경상
2012112600100088,2012년 11월 26일 06시,월요일,울산광역시 북구 신천동,중상사고,0,1,0,0,차대사람 - 기타,안전운전불이행,습기,비,단일로 - 횡단보도부근,승용,남,63세,상해없음,보행자,여,51세,중상
2012112600100154,2012년 11월 26일 08시,월요일,울산광역시 북구 신천동,경상사고,0,0,2,0,차대차 - 추돌 - 진행중,안전거리미확보,건조,흐림,단일로 - 기타,화물,남,35세,경상,화물,남,52세,경상
2012112600100183,2012년 11월 26일 09시,월요일,울산광역시 중구 학성동,경상사고,0,0,1,0,차대사람 - 기타,안전운전불이행,건조,맑음,단일로 - 기타,승용,남,49세,상해없음,보행자,남,41세,경상
2012112600100319,2012년 11월 26일 14시,월요일,울산광역시 남구 신정동,경상사고,0,0,1,0,차대차 - 측면직각충돌,안전거리미확보,건조,맑음,교차로 - 교차로부근,승용,남,61세,상해없음,승용,여,60세,경상
2012112600100497,2012년 11월 26일 18시,월요일,울산광역시 동구 화정동,중상사고,0,1,0,0,차대차 - 추돌 - 진행중,안전운전불이행,건조,맑음,단일로 - 기타,승합,남,54세,상해없음,이륜,남,35세,중상
2012112600100564,2012년 11월 26일 20시,월요일,울산광역시 북구 정자동,경상사고,0,0,1,0,차대사람 - 횡단중,안전운전불이행,건조,맑음,단일로 - 기타,승용,남,59세,상해없음,보행자,남,42세,경상
2012112600100595,2012년 11월 26일 21시,월요일,울산광역시 동구 방어동,중상사고,0,1,0,0,차대차 - 추돌 - 진행중,안전거리미확보,건조,맑음,교차로 - 교차로부근,승용,남,31세,상해없음,이륜,남,32세,중상
2012112600100636,2012년 11월 26일 22시,월요일,울산광역시 울주군 온산읍,경상사고,0,0,1,0,차대차 - 측면직각충돌,안전운전불이행,건조,맑음,교차로 - 교차로안,승용,남,34세,상해없음,승용,남,27세,경상
2012112700100069,2012년 11월 27일 05시,화요일,울산광역시 동구 방어동,경상사고,0,0,1,0,차대차 - 측면직각충돌,중앙선침범,건조,맑음,교차로 - 교차로부근,승용,기타불명,기타불명,기타불명,승합,남,39세,경상
2012112700100122,2012년 11월 27일 07시,화요일,울산광역시 중구 학성동,중상사고,0,1,0,0,차대차 - 측면직각충돌,안전운전불이행,건조,맑음,교차로 - 교차로안,화물,남,31세,기타불명,승용,여,51세,중상
2012112700100123,2012년 11월 27일 07시,화요일,울산광역시 남구 옥동,중상사고,0,1,0,0,차대차 - 추돌 - 진행중,안전운전불이행,건조,맑음,단일로 - 기타,화물,남,28세,상해없음,화물,남,40세,중상
2012112700100124,2012년 11월 27일 07시,화요일,울산광역시 울주군 온산읍,중상사고,0,2,0,0,차대차 - 측면직각충돌,교차로운행방법위반,건조,맑음,교차로 - 교차로안,승용,남,34세,중상,승용,여,29세,중상
2012112700100171,2012년 11월 27일 08시,화요일,울산광역시 남구 달동,중상사고,0,1,0,0,차대사람 - 보도통행중,신호위반,건조,맑음,교차로 - 교차로부근,건설기계,남,37세,상해없음,보행자,여,58세,중상
2012112700100194,2012년 11월 27일 09시,화요일,울산광역시 울주군 웅촌면,부상신고사고,0,0,0,1,차대사람 - 길가장자리구역통행중,안전운전불이행,건조,맑음,단일로 - 기타,승용,여,44세,기타불명,보행자,여,19세,부상신고
2012112700100285,2012년 11월 27일 12시,화요일,울산광역시 남구 삼산동,중상사고,0,1,0,0,차대사람 - 기타,기타,건조,맑음,단일로 - 기타,승합,남,57세,상해없음,보행자,여,77세,중상