사고번호,사고일시,요일,시군구,사고내용,사망자수,중상자수,경상자수,부상신고자수,사고유형,법규위반,노면상태,기상상태,도로형태,가해운전자 차종,가해운전자 성별,가해운전자 연령,가해운전자 상해정도,피해운전자 차종,피해운전자 성별,피해운전자 연령,피해운전자 상해정도
2012112700100307,2012년 11월 27일 13시,화요일,울산광역시 동구 화정동,경상사고,0,0,1,0,차대사람 - 기타,안전운전불이행,건조,맑음,단일로 - 기타,승용,남,56세,상해없음,보행자,남,5세,경상
2012112700100398,2012년 11월 27일 16시,화요일,울산광역시 울주군 온산읍,중상사고,0,1,0,0,차대차 - 기타,교차로운행방법위반,건조,맑음,교차로 - 교차로안,화물,남,47세,상해없음,자전거,남,9세,중상
2012112700100445,2012년 11월 27일 17시,화요일,울산광역시 남구 신정동,경상사고,0,0,1,0,차대사람 - 차도통행중,안전운전불이행,건조,맑음,단일로 - 기타,승용,여,56세,상해없음,보행자,남,20세,경상
2012112700100533,2012년 11월 27일 19시,화요일,울산광역시 중구 남외동,경상사고,0,0,1,0,차대차 - 측면직각충돌,중앙선침범,건조,맑음,단일로 - 기타,승용,여,56세,상해없음,승용,여,28세,경상
2012112700100534,2012년 11월 27일 19시,화요일,울산광역시 중구 서동,중상사고,0,1,0,0,차대차 - 추돌 - 주정차중,안전운전불이행,건조,맑음,교차로 - 교차로부근,이륜,남,53세,중상,승용,남,52세,상해없음
2012112700100535,2012년 11월 27일 19시,화요일,울산광역시 남구 삼산동,경상사고,0,0,1,0,차대사람 - 횡단중,안전운전불이행,건조,맑음,단일로 - 기타,승용,기타불명,기타불명,기타불명,보행자,남,18세,경상
2012112700100536,2012년 11월 27일 19시,화요일,울산광역시 북구 염포동,경상사고,0,0,2,0,차대차 - 추돌 - 주정차중,안전운전불이행,건조,맑음,단일로 - 기타,승용,남,43세,상해없음,승용,여,27세,경상
2012112700100572,2012년 11월 27일 20시,화요일,울산광역시 남구 삼산동,중상사고,0,1,0,0,차대사람 - 차도통행중,안전운전불이행,건조,맑음,교차로 - 교차로부근,승용,여,42세,상해없음,보행자,남,13세,중상
2012112700100573,2012년 11월 27일 20시,화요일,울산광역시 남구 무거동,중상사고,0,2,0,0,차대차 - 추돌 - 주정차중,안전운전불이행,건조,맑음,단일로 - 기타,승용,남,54세,상해없음,승용,남,50세,중상
2012112700100596,2012년 11월 27일 21시,화요일,울산광역시 남구 신정동,경상사고,0,0,1,0,차대사람 - 횡단중,안전운전불이행,건조,맑음,단일로 - 기타,승용,기타불명,기타불명,기타불명,보행자,여,81세,경상
2012112800100013,2012년 11월 28일 00시,수요일,울산광역시 북구 화봉동,경상사고,0,0,1,0,차대차 - 측면직각충돌,중앙선침범,건조,맑음,교차로 - 교차로부근,승용,남,28세,상해없음,승용,남,60세,경상
2012112800100026,2012년 11월 28일 01시,수요일,울산광역시 중구 북정동,경상사고,0,0,2,0,차대차 - 측면직각충돌,신호위반,건조,맑음,교차로 - 교차로안,승용,남,36세,상해없음,승용,남,62세,경상
2012112800100027,2012년 11월 28일 01시,수요일,울산광역시 중구 반구동,경상사고,0,0,1,0,차대차 - 추돌 - 주정차중,안전운전불이행,건조,맑음,단일로 - 기타,승용,남,49세,상해없음,승용,남,58세,경상
2012112800100064,2012년 11월 28일 05시,수요일,울산광역시 북구 연암동,경상사고,0,0,1,0,차대차 - 측면직각충돌,안전운전불이행,건조,맑음,단일로 - 기타,승용,남,45세,상해없음,이륜,남,16세,경상
2012112800100177,2012년 11월 28일 09시,수요일,울산광역시 중구 우정동,부상신고사고,0,0,0,1,차대사람 - 차도통행중,안전운전불이행,건조,맑음,교차로 - 교차로안,승용,여,26세,상해없음,보행자,여,52세,부상신고
2012112800100274,2012년 11월 28일 13시,수요일,울산광역시 동구 동부동,중상사고,0,1,0,0,차대사람 - 기타,안전운전불이행,건조,맑음,교차로 - 교차로안,승용,여,39세,상해없음,보행자,여,74세,중상
2012112800100303,2012년 11월 28일 14시,수요일,울산광역시 남구 상개동,경상사고,0,0,1,0,차대사람 - 횡단중,안전운전불이행,건조,맑음,교차로 - 교차로부근,화물,남,47세,상해없음,보행자,남,76세,경상
2012112800100414,2012년 11월 28일 17시,수요일,울산광역시 울주군 언양읍,경상사고,0,0,1,0,차대차 - 측면직각충돌,직진우회전진행방해,건조,맑음,교차로 - 교차로안,승용,여,42세,상해없음,승용,남,64세,경상
2012112800100415,2012년 11월 28일 17시,수요일,울산광역시 울주군 온산읍,경상사고,0,0,1,0,차대차 - 기타,안전운전불이행,건조,맑음,단일로 - 기타,승용,남,53세,상해없음,농기계,남,49세,경상
2012112800100469,2012년 11월 28일 18시,수요일,울산광역시 북구 진장동,중상사고,0,1,2,0,차대차 - 추돌 - 주정차중,안전운전불이행,건조,맑음,단일로 - 기타,승용,여,32세,기타불명,승용,남,56세,경상
2012112800100470,2012년 11월 28일 18시,수요일,울산광역시 북구 화봉동,중상사고,0,1,2,0,차대차 - 측면직각충돌,중앙선침범,건조,맑음,교차로 - 교차로부근,승용,여,41세,경상,이륜,남,16세,중상
2012112800100471,2012년 11월 28일 18시,수요일,울산광역시 울주군 온양읍,중상사고,0,1,0,0,차대차 - 기타,신호위반,건조,맑음,교차로 - 교차로부근,승용,남,21세,상해없음,승용,남,33세,중상
2012112800100511,2012년 11월 28일 19시,수요일,울산광역시 중구 다운동,중상사고,0,1,0,0,차대차 - 측면직각충돌,안전운전불이행,건조,맑음,교차로 - 교차로안,승용,남,49세,상해없음,원동기,남,16세,중상
2012112800100512,2012년 11월 28일 19시,수요일,울산광역시 중구 옥교동,경상사고,0,0,1,0,차대차 - 추돌 - 진행중,안전거리미확보,건조,맑음,단일로 - 기타,승용,남,46세,상해없음,승용,남,54세,경상
2012112800100513,2012년 11월 28일 19시,수요일,울산광역시 북구 효문동,부상신고사고,0,0,0,1,차대차 - 정면충돌,안전운전불이행,건조,맑음,단일로 - 기타,승용,남,43세,상해없음,이륜,남,59세,부상신고
2012112800100514,2012년 11월 28일 19시,수요일,울산광역시 남구 신정동,경상사고,0,0,2,0,차대차 - 추돌 - 주정차중,안전운전불이행,건조,맑음,단일로 - 기타,승용,남,42세,상해없음,화물,남,40세,경상
2012112800100515,2012년 11월 28일 19시,수요일,울산광역시 울주군 온양읍,중상사고,0,1,0,0,차대사람 - 횡단중,보행자보호의무위반,건조,맑음,교차로 - 교차로안,승용,남,43세,상해없음,보행자,남,51세,중상
2012112800100575,2012년 11월 28일 21시,수요일,울산광역시 동구 화정동,경상사고,0,0,1,0,차대차 - 측면직각충돌,안전운전불이행,건조,맑음,단일로 - 기타,이륜,남,58세,상해없음,이륜,남,17세,경상
2012112800100602,2012년 11월 28일 22시,수요일,울산광역시 중구 태화동,중상사고,0,1,0,0,차대차 - 추돌 - 주정차중,안전운전불이행,건조,맑음,단일로 - 기타,승용,남,34세,상해없음,승용,남,29세,중상
2012112800100632,2012년 11월 28일 23시,수요일,울산광역시 남구 달동,경상사고,0,0,1,0,차대차 - 추돌 - 주정차중,안전운전불이행,건조,맑음,단일로 - 기타,승용,남,38세,상해없음,승용,남,50세,상해없음
2012112900100049,2012년 11월 29일 02시,목요일,울산광역시 남구 삼산동,중상사고,0,1,1,0,차대사람 - 횡단중,안전운전불이행,건조,맑음,교차로 - 교차로부근,화물,남,69세,상해없음,보행자,남,41세,중상
2012112900100093,2012년 11월 29일 06시,목요일,울산광역시 남구 신정동,중상사고,0,1,1,0,차대차 - 측면직각충돌,신호위반,건조,맑음,교차로 - 교차로안,승용,여,49세,중상,승용,남,62세,경상
2012112900100124,2012년 11월 29일 07시,목요일,울산광역시 남구 삼산동,중상사고,0,1,0,0,차대차 - 기타,신호위반,건조,맑음,교차로 - 교차로안,승용,남,54세,상해없음,이륜,남,51세,중상
2012112900100125,2012년 11월 29일 07시,목요일,울산광역시 북구 염포동,경상사고,0,0,1,0,차대차 - 추돌 - 주정차중,기타,건조,맑음,교차로 - 교차로부근,승용,남,50세,상해없음,이륜,남,53세,경상
2012112900100170,2012년 11월 29일 09시,목요일,울산광역시 남구 무거동,중상사고,0,1,0,0,차대차 - 추돌 - 진행중,안전거리미확보,건조,맑음,단일로 - 기타,승용,남,64세,상해없음,승용,남,56세,중상
2012112900100171,2012년 11월 29일 09시,목요일,울산광역시 울주군 두서면,중상사고,0,2,0,0,차대차 - 추돌 - 진행중,안전운전불이행,건조,맑음,교차로 - 교차로부근,승용,남,50세,기타불명,승용,남,37세,중상
2012112900100177,2012년 11월 29일 10시,목요일,울산광역시 울주군 삼남면,중상사고,0,1,1,0,차대차 - 추돌 - 진행중,안전거리미확보,건조,맑음,단일로 - 기타,화물,남,21세,상해없음,화물,남,49세,경상
2012112900100198,2012년 11월 29일 10시,목요일,울산광역시 남구 달동,부상신고사고,0,0,0,1,차대차 - 측면직각충돌,교차로운행방법위반,건조,맑음,교차로 - 교차로안,승용,남,57세,상해없음,이륜,남,22세,부상신고
2012112900100280,2012년 11월 29일 13시,목요일,울산광역시 남구 달동,중상사고,0,1,0,0,차대사람 - 차도통행중,안전운전불이행,건조,맑음,교차로 - 교차로안,화물,남,63세,상해없음,보행자,여,57세,중상
2012112900100519,2012년 11월 29일 20시,목요일,울산광역시 남구 달동,경상사고,0,0,1,0,차대차 - 정면충돌,교차로운행방법위반,건조,맑음,교차로 - 교차로안,승용,여,34세,상해없음,이륜,남,25세,경상
2012112900100520,2012년 11월 29일 20시,목요일,울산광역시 울주군 온산읍,부상신고사고,0,0,0,1,차대차 - 추돌 - 진행중,안전운전불이행,건조,맑음,교차로 - 교차로안,원동기,남,15세,부상신고,승용,여,41세,상해없음
2012112900100591,2012년 11월 29일 22시,목요일,울산광역시 남구 신정동,중상사고,0,1,1,0,차대차 - 추돌 - 진행중,안전운전불이행,건조,맑음,단일로 - 기타,승용,여,60세,상해없음,승용,남,47세,경상
2012112900100623,2012년 11월 29일 23시,목요일,울산광역시 북구 신천동,경상사고,0,0,1,0,차대차 - 추돌 - 진행중,안전운전불이행,건조,맑음,교차로 - 교차로안,승용,남,24세,상해없음,화물,남,46세,경상
2012112900100624,2012년 11월 29일 23시,목요일,울산광역시 북구 창평동,중상사고,0,1,0,0,차대차 - 추돌 - 주정차중,안전운전불이행,건조,맑음,단일로 - 기타,승용,남,33세,상해없음,승용,남,42세,중상
2012113000100020,2012년 11월 30일 00시,금요일,울산광역시 남구 무거동,중상사고,0,1,0,0,차대차 - 추돌 - 진행중,안전운전불이행,건조,맑음,교차로 - 교차로부근,승용,남,64세,상해없음,승용,여,41세,중상
2012113000100434,2012년 11월 30일 18시,금요일,울산광역시 북구 화봉동,중상사고,0,1,0,0,차대사람 - 횡단중,안전운전불이행,건조,맑음,교차로 - 교차로부근,승용,여,25세,상해없음,보행자,여,31세,중상
2012113000100435,2012년 11월 30일 18시,금요일,울산광역시 북구 염포동,중상사고,0,1,0,0,차대차 - 기타,안전운전불이행,건조,맑음,단일로 - 기타,이륜,남,55세,중상,승용,남,27세,상해없음
2012113000100514,2012년 11월 30일 20시,금요일,울산광역시 북구 명촌동,경상사고,0,0,1,0,차대차 - 측면직각충돌,안전거리미확보,건조,맑음,교차로 - 교차로부근,승용,남,63세,상해없음,이륜,남,17세,경상
2012113000100515,2012년 11월 30일 20시,금요일,울산광역시 중구 반구동,경상사고,0,0,1,0,차대차 - 측면직각충돌,안전거리미확보,건조,맑음,단일로 - 기타,승합,남,43세,상해없음,이륜,남,45세,경상
2012113000100555,2012년 11월 30일 21시,금요일,울산광역시 중구 학성동,중상사고,0,1,0,0,차대사람 - 기타,안전운전불이행,건조,맑음,단일로 - 기타,승용,남,63세,상해없음,보행자,남,45세,중상
2012113000100599,2012년 11월 30일 22시,금요일,울산광역시 동구 서부동,경상사고,0,0,1,0,차대차 - 추돌 - 주정차중,안전운전불이행,건조,맑음,단일로 - 기타,승용,남,24세,상해없음,승용,남,50세,경상
2012113000100639,2012년 11월 30일 23시,금요일,울산광역시 남구 달동,중상사고,0,1,0,0,차대사람 - 차도통행중,안전운전불이행,건조,맑음,단일로 - 기타,승합,남,63세,상해없음,보행자,남,44세,중상
2012120100100031,2012년 12월 1일 00시,토요일,울산광역시 남구 무거동,중상사고,0,2,0,0,차대차 - 정면충돌,중앙선침범,건조,맑음,단일로 - 기타,승용,남,55세,상해없음,승용,남,34세,중상
2012120100100032,2012년 12월 1일 00시,토요일,울산광역시 울주군 범서읍,경상사고,0,0,1,0,차대사람 - 기타,안전운전불이행,건조,맑음,단일로 - 기타,승용,남,29세,상해없음,보행자,남,37세,경상
2012120100100064,2012년 12월 1일 01시,토요일,울산광역시 중구 학성동,경상사고,0,0,1,0,차량단독 - 공작물충돌,안전운전불이행,건조,맑음,교차로 - 교차로안,승용,남,34세,상해없음,,,,
2012120100100065,2012년 12월 1일 01시,토요일,울산광역시 남구 신정동,경상사고,0,0,1,0,차대차 - 추돌 - 진행중,안전운전불이행,건조,맑음,교차로 - 교차로부근,승용,남,27세,상해없음,승용,남,56세,경상
2012120100100066,2012년 12월 1일 01시,토요일,울산광역시 동구 서부동,중상사고,0,2,1,0,차량단독 - 기타,안전운전불이행,건조,맑음,단일로 - 기타,승용,남,22세,경상,,,,
2012120100100164,2012년 12월 1일 07시,토요일,울산광역시 북구 염포동,중상사고,0,1,1,0,차대차 - 정면충돌,중앙선침범,건조,맑음,단일로 - 기타,승용,남,28세,상해없음,이륜,남,39세,중상
2012120100100165,2012년 12월 1일 07시,토요일,울산광역시 울주군 온산읍,경상사고,0,0,1,0,차대차 - 측면직각충돌,신호위반,건조,맑음,교차로 - 교차로안,화물,남,63세,상해없음,화물,남,41세,상해없음
2012120100100215,2012년 12월 1일 09시,토요일,울산광역시 남구 신정동,경상사고,0,0,1,0,차대차 - 기타,차로위반,건조,맑음,단일로 - 기타,승용,남,56세,상해없음,원동기,남,43세,경상
2012120100100276,2012년 12월 1일 11시,토요일,울산광역시 동구 서부동,경상사고,0,0,3,0,차대차 - 추돌 - 주정차중,안전거리미확보,건조,맑음,단일로 - 기타,화물,여,33세,상해없음,화물,남,41세,경상
2012120100100311,2012년 12월 1일 12시,토요일,울산광역시 남구 삼산동,경상사고,0,0,2,0,차대차 - 측면직각충돌,신호위반,건조,맑음,교차로 - 교차로안,승용,남,56세,상해없음,승용,남,43세,경상
2012120100100329,2012년 12월 1일 13시,토요일,울산광역시 북구 신천동,경상사고,0,0,1,0,차대차 - 측면직각충돌,안전운전불이행,건조,맑음,교차로 - 교차로안,승용,남,50세,상해없음,이륜,남,17세,경상
2012120100100359,2012년 12월 1일 14시,토요일,울산광역시 동구 전하동,중상사고,0,1,0,0,차대차 - 측면직각충돌,직진우회전진행방해,건조,맑음,교차로 - 교차로안,화물,남,61세,상해없음,이륜,남,62세,중상
2012120100100401,2012년 12월 1일 15시,토요일,울산광역시 울주군 범서읍,경상사고,0,0,1,0,차대차 - 추돌 - 주정차중,안전운전불이행,건조,맑음,단일로 - 기타,승용,남,49세,상해없음,승용,여,73세,경상
2012120100100544,2012년 12월 1일 18시,토요일,울산광역시 중구 학성동,중상사고,0,1,0,0,차대사람 - 기타,안전운전불이행,건조,맑음,단일로 - 기타,승용,남,41세,상해없음,보행자,남,64세,중상
2012120100100573,2012년 12월 1일 19시,토요일,울산광역시 울주군 온양읍,중상사고,0,1,0,0,차대차 - 추돌 - 주정차중,안전운전불이행,습기,비,기타 - 기타,화물,남,41세,중상,승용,여,58세,기타불명
2012120100100606,2012년 12월 1일 20시,토요일,울산광역시 북구 염포동,경상사고,0,0,1,0,차대차 - 기타,중앙선침범,습기,흐림,단일로 - 기타,승용,남,50세,상해없음,이륜,남,36세,경상
2012120100100607,2012년 12월 1일 20시,토요일,울산광역시 동구 화정동,경상사고,0,0,1,0,차대차 - 측면직각충돌,교차로운행방법위반,건조,맑음,교차로 - 교차로안,승용,여,39세,상해없음,이륜,남,16세,경상
2012120100100668,2012년 12월 1일 22시,토요일,울산광역시 울주군 온산읍,경상사고,0,0,1,0,차대차 - 측면직각충돌,안전운전불이행,건조,맑음,교차로 - 교차로안,승용,남,40세,기타불명,이륜,남,56세,경상
2012120200100026,2012년 12월 2일 00시,일요일,울산광역시 울주군 언양읍,중상사고,0,1,0,0,차량단독 - 공작물충돌,안전운전불이행,건조,맑음,단일로 - 교량,승용,남,69세,중상,,,,
2012120200100068,2012년 12월 2일 02시,일요일,울산광역시 울주군 웅촌면,중상사고,0,1,0,0,차대차 - 추돌 - 진행중,안전운전불이행,건조,맑음,교차로 - 교차로부근,화물,남,44세,중상,화물,남,55세,상해없음
2012120200100103,2012년 12월 2일 04시,일요일,울산광역시 북구 연암동,경상사고,0,0,1,0,차대차 - 측면직각충돌,안전운전불이행,습기,비,단일로 - 기타,승용,남,22세,경상,승용,남,28세,기타불명
2012120200100213,2012년 12월 2일 12시,일요일,울산광역시 울주군 온양읍,경상사고,0,0,3,0,차대차 - 추돌 - 진행중,안전거리미확보,습기,흐림,단일로 - 기타,승용,남,27세,상해없음,승용,남,36세,경상
2012120200100278,2012년 12월 2일 15시,일요일,울산광역시 울주군 온산읍,중상사고,0,1,0,0,차대차 - 기타,신호위반,건조,맑음,교차로 - 교차로안,화물,남,25세,상해없음,승용,여,47세,중상
2012120200100453,2012년 12월 2일 21시,일요일,울산광역시 북구 효문동,경상사고,0,0,1,0,차대차 - 측면직각충돌,신호위반,건조,맑음,교차로 - 교차로안,승용,남,59세,상해없음,승용,남,49세,경상
2012120200100454,2012년 12월 2일 21시,일요일,울산광역시 중구 태화동,중상사고,0,1,13,0,차대차 - 측면직각충돌,중앙선침범,건조,맑음,단일로 - 기타,승용,여,29세,중상,승합,남,54세,경상
2012120300100023,2012년 12월 3일 02시,월요일,울산광역시 중구 반구동,경상사고,0,0,1,0,차대차 - 추돌 - 진행중,안전운전불이행,건조,맑음,단일로 - 기타,승용,여,24세,상해없음,승용,남,28세,경상
2012120300100036,2012년 12월 3일 04시,월요일,울산광역시 남구 야음동,중상사고,0,1,0,0,차대사람 - 횡단중,중앙선침범,건조,맑음,단일로 - 기타,승용,남,57세,상해없음,보행자,남,53세,중상
2012120300100122,2012년 12월 3일 08시,월요일,울산광역시 남구 달동,경상사고,0,0,1,0,차대사람 - 차도통행중,안전운전불이행,건조,맑음,단일로 - 기타,승용,남,45세,상해없음,보행자,여,66세,경상
2012120300100123,2012년 12월 3일 08시,월요일,울산광역시 울주군 범서읍,경상사고,0,0,1,0,차대차 - 추돌 - 진행중,안전운전불이행,건조,맑음,단일로 - 기타,승용,남,44세,상해없음,승용,여,51세,상해없음
2012120300100357,2012년 12월 3일 16시,월요일,울산광역시 울주군 청량면,중상사고,0,2,0,0,차대차 - 정면충돌,중앙선침범,건조,맑음,단일로 - 기타,승용,남,45세,상해없음,화물,남,66세,중상
2012120300100394,2012년 12월 3일 17시,월요일,울산광역시 중구 다운동,경상사고,0,0,1,0,차대사람 - 횡단중,안전운전불이행,건조,맑음,단일로 - 횡단보도부근,기타불명,기타불명,기타불명,기타불명,보행자,여,14세,경상
2012120300100446,2012년 12월 3일 18시,월요일,울산광역시 동구 전하동,중상사고,0,1,1,0,차대차 - 추돌 - 진행중,안전운전불이행,건조,맑음,단일로 - 기타,이륜,남,31세,경상,이륜,남,61세,중상
2012120300100479,2012년 12월 3일 19시,월요일,울산광역시 동구 화정동,경상사고,0,0,2,0,차대차 - 추돌 - 진행중,교차로운행방법위반,건조,맑음,교차로 - 교차로안,이륜,남,22세,경상,이륜,남,49세,경상
2012120300100516,2012년 12월 3일 20시,월요일,울산광역시 중구 반구동,경상사고,0,0,1,1,차대사람 - 횡단중,안전운전불이행,건조,맑음,단일로 - 기타,이륜,남,16세,부상신고,보행자,남,54세,경상
2012120300100557,2012년 12월 3일 21시,월요일,울산광역시 북구 상안동,중상사고,0,1,1,0,차대차 - 측면직각충돌,교차로운행방법위반,건조,맑음,교차로 - 교차로안,승용,여,28세,상해없음,이륜,남,27세,경상
2012120300100558,2012년 12월 3일 21시,월요일,울산광역시 남구 달동,경상사고,0,0,1,0,차대차 - 추돌 - 주정차중,안전운전불이행,건조,맑음,교차로 - 교차로부근,승용,남,43세,상해없음,승용,남,55세,경상
2012120300100559,2012년 12월 3일 21시,월요일,울산광역시 울주군 상북면,경상사고,0,0,4,1,차대차 - 기타,교차로운행방법위반,건조,맑음,교차로 - 교차로안,승용,여,53세,부상신고,승용,여,30세,경상
2012120300100560,2012년 12월 3일 21시,월요일,울산광역시 울주군 온산읍,중상사고,0,1,0,0,차대차 - 기타,안전운전불이행,건조,맑음,단일로 - 기타,승용,남,26세,기타불명,원동기,남,40세,중상
2012120300100591,2012년 12월 3일 22시,월요일,울산광역시 남구 무거동,경상사고,0,0,2,0,차대차 - 기타,안전운전불이행,건조,맑음,교차로 - 교차로부근,승용,남,38세,상해없음,승용,여,52세,경상
2012120300100627,2012년 12월 3일 23시,월요일,울산광역시 중구 우정동,부상신고사고,0,0,0,1,차대차 - 측면직각충돌,직진우회전진행방해,건조,맑음,교차로 - 교차로안,원동기,남,19세,부상신고,승용,남,43세,상해없음
2012120400100039,2012년 12월 4일 01시,화요일,울산광역시 남구 여천동,경상사고,0,0,1,0,차대차 - 기타,불법유턴,건조,맑음,단일로 - 기타,승용,남,28세,상해없음,승용,남,56세,경상
2012120400100090,2012년 12월 4일 06시,화요일,울산광역시 울주군 언양읍,중상사고,0,1,0,0,차대사람 - 횡단중,보행자보호의무위반,건조,맑음,교차로 - 교차로부근,승용,남,54세,상해없음,보행자,남,74세,중상
2012120400100164,2012년 12월 4일 08시,화요일,울산광역시 남구 삼산동,중상사고,0,1,1,0,차대차 - 추돌 - 주정차중,안전운전불이행,건조,맑음,교차로 - 교차로부근,이륜,남,33세,경상,이륜,남,24세,중상
2012120400100222,2012년 12월 4일 10시,화요일,울산광역시 동구 서부동,중상사고,0,1,2,0,차대차 - 추돌 - 주정차중,안전거리미확보,건조,맑음,단일로 - 기타,승용,남,46세,상해없음,승용,여,30세,중상
2012120400100334,2012년 12월 4일 14시,화요일,울산광역시 남구 달동,부상신고사고,0,0,0,1,차대차 - 추돌 - 진행중,안전운전불이행,건조,맑음,단일로 - 기타,이륜,남,31세,부상신고,승용,남,44세,상해없음
2012120400100403,2012년 12월 4일 16시,화요일,울산광역시 울주군 두서면,중상사고,0,1,0,0,차대사람 - 기타,안전운전불이행,건조,맑음,단일로 - 기타,승용,남,47세,상해없음,보행자,남,5세,중상
2012120400100455,2012년 12월 4일 17시,화요일,울산광역시 동구 전하동,경상사고,0,0,1,0,차대차 - 측면직각충돌,교차로운행방법위반,건조,맑음,교차로 - 교차로안,승용,남,62세,상해없음,이륜,여,32세,경상
2012120400100456,2012년 12월 4일 17시,화요일,울산광역시 울주군 청량면,중상사고,0,2,0,1,차대차 - 측면직각충돌,안전운전불이행,건조,맑음,단일로 - 기타,승용,남,83세,상해없음,승용,남,48세,기타불명
2012120400100600,2012년 12월 4일 21시,화요일,울산광역시 동구 전하동,중상사고,0,1,0,0,차대차 - 기타,안전운전불이행,건조,맑음,단일로 - 기타,승용,남,52세,상해없음,원동기,남,27세,중상
2012120400100638,2012년 12월 4일 22시,화요일,울산광역시 중구 다운동,경상사고,0,0,2,0,차대차 - 기타,안전운전불이행,건조,맑음,단일로 - 기타,승용,남,43세,상해없음,승용,여,50세,경상
2012120400100666,2012년 12월 4일 23시,화요일,울산광역시 중구 우정동,경상사고,0,0,1,0,차대사람 - 횡단중,안전운전불이행,건조,맑음,교차로 - 교차로부근,승용,남,50세,상해없음,보행자,남,28세,경상
2012120400100667,2012년 12월 4일 23시,화요일,울산광역시 남구 신정동,경상사고,0,0,2,0,차대차 - 추돌 - 진행중,안전운전불이행,건조,맑음,단일로 - 기타,승용,여,41세,상해없음,승용,남,51세,경상
2012120500100061,2012년 12월 5일 05시,수요일,울산광역시 남구 야음동,중상사고,0,1,0,0,차대차 - 기타,신호위반,건조,맑음,교차로 - 교차로안,승용,기타불명,기타불명,기타불명,원동기,남,63세,중상
2012120500100302,2012년 12월 5일 13시,수요일,울산광역시 울주군 온산읍,경상사고,0,0,1,0,차대차 - 추돌 - 주정차중,안전운전불이행,건조,맑음,단일로 - 기타,승용,남,58세,경상,화물,남,39세,상해없음
2012120500100439,2012년 12월 5일 17시,수요일,울산광역시 중구 남외동,중상사고,0,1,2,0,차대차 - 추돌 - 주정차중,안전운전불이행,건조,맑음,교차로 - 교차로부근,승용,남,61세,상해없음,승용,남,51세,상해없음
2012120500100490,2012년 12월 5일 18시,수요일,울산광역시 중구 학산동,경상사고,0,0,1,0,차대차 - 측면직각충돌,신호위반,습기,비,교차로 - 교차로안,승용,남,28세,경상,화물,남,45세,상해없음
2012120500100491,2012년 12월 5일 18시,수요일,울산광역시 남구 삼산동,중상사고,0,1,0,0,차대차 - 측면직각충돌,신호위반,습기,비,교차로 - 교차로부근,승용,남,35세,상해없음,원동기,남,46세,중상
2012120500100492,2012년 12월 5일 18시,수요일,울산광역시 동구 일산동,중상사고,0,1,0,0,차대사람 - 횡단중,안전운전불이행,건조,맑음,교차로 - 교차로안,이륜,남,51세,상해없음,보행자,여,53세,중상
2012120500100493,2012년 12월 5일 18시,수요일,울산광역시 울주군 온산읍,중상사고,0,1,0,0,차대사람 - 횡단중,보행자보호의무위반,건조,맑음,교차로 - 교차로안,승용,남,57세,상해없음,보행자,여,55세,중상
2012120500100535,2012년 12월 5일 19시,수요일,울산광역시 중구 학산동,부상신고사고,0,0,0,1,차대사람 - 기타,보행자보호의무위반,습기,비,단일로 - 기타,기타불명,기타불명,기타불명,기타불명,보행자,여,18세,부상신고
2012120500100536,2012년 12월 5일 19시,수요일,울산광역시 중구 반구동,중상사고,0,1,0,0,차대차 - 측면직각충돌,불법유턴,습기,흐림,단일로 - 기타,자전거,남,69세,중상,승용,남,44세,상해없음
2012120500100537,2012년 12월 5일 19시,수요일,울산광역시 남구 무거동,중상사고,0,2,3,0,차대차 - 측면직각충돌,교차로운행방법위반,건조,흐림,교차로 - 교차로안,승용,여,65세,중상,승합,남,32세,경상
2012120500100562,2012년 12월 5일 20시,수요일,울산광역시 울주군 온산읍,경상사고,0,0,2,0,차대차 - 측면직각충돌,직진우회전진행방해,건조,맑음,교차로 - 교차로안,승용,여,51세,상해없음,승용,남,57세,경상
2012120500100589,2012년 12월 5일 21시,수요일,울산광역시 동구 방어동,중상사고,0,2,0,0,차대차 - 추돌 - 주정차중,안전운전불이행,건조,맑음,교차로 - 교차로부근,승용,여,32세,상해없음,승용,여,38세,중상
2012120500100590,2012년 12월 5일 21시,수요일,울산광역시 동구 서부동,경상사고,0,0,3,0,차대차 - 추돌 - 주정차중,안전운전불이행,건조,맑음,단일로 - 횡단보도부근,승용,남,56세,상해없음,승용,남,28세,경상
2012120500100629,2012년 12월 5일 22시,수요일,울산광역시 남구 달동,경상사고,0,0,1,0,차대차 - 추돌 - 진행중,안전거리미확보,건조,맑음,교차로 - 교차로부근,승용,남,38세,상해없음,승용,남,38세,상해없음
2012120500100630,2012년 12월 5일 22시,수요일,울산광역시 울주군 청량면,경상사고,0,0,1,0,차대차 - 측면직각충돌,신호위반,건조,맑음,교차로 - 교차로안,승용,남,59세,경상,화물,남,45세,기타불명
2012120600100023,2012년 12월 6일 00시,목요일,울산광역시 중구 성남동,중상사고,0,1,0,0,차대사람 - 길가장자리구역통행중,안전운전불이행,건조,흐림,단일로 - 기타,기타불명,기타불명,기타불명,기타불명,보행자,남,19세,중상