사고번호,사고일시,요일,시군구,사고내용,사망자수,중상자수,경상자수,부상신고자수,사고유형,법규위반,노면상태,기상상태,도로형태,가해운전자 차종,가해운전자 성별,가해운전자 연령,가해운전자 상해정도,피해운전자 차종,피해운전자 성별,피해운전자 연령,피해운전자 상해정도
2012121400100742,2012년 12월 14일 19시,금요일,울산광역시 중구 남외동,경상사고,0,0,1,0,차대사람 - 길가장자리구역통행중,안전운전불이행,습기,비,단일로 - 기타,승용,남,43세,상해없음,보행자,남,17세,경상
2012121400100743,2012년 12월 14일 19시,금요일,울산광역시 동구 방어동,중상사고,0,1,0,0,차대차 - 기타,신호위반,습기,비,교차로 - 교차로안,이륜,남,58세,상해없음,이륜,남,29세,중상
2012121400100779,2012년 12월 14일 20시,금요일,울산광역시 중구 약사동,부상신고사고,0,0,0,1,차대차 - 추돌 - 진행중,중앙선침범,건조,맑음,단일로 - 기타,승용,남,23세,상해없음,승용,여,28세,부상신고
2012121400100780,2012년 12월 14일 20시,금요일,울산광역시 울주군 온양읍,중상사고,0,1,0,0,차대차 - 정면충돌,중앙선침범,건조,흐림,단일로 - 기타,승용,남,39세,상해없음,화물,남,51세,중상
2012121400100823,2012년 12월 14일 21시,금요일,울산광역시 북구 효문동,중상사고,0,1,1,0,차대차 - 추돌 - 주정차중,안전운전불이행,습기,비,교차로 - 교차로부근,화물,남,65세,경상,승용,여,32세,중상
2012121400100859,2012년 12월 14일 22시,금요일,울산광역시 남구 달동,중상사고,0,1,1,0,차대차 - 추돌 - 주정차중,안전운전불이행,습기,흐림,교차로 - 교차로부근,승용,남,55세,상해없음,승용,남,53세,중상
2012121400100860,2012년 12월 14일 22시,금요일,울산광역시 울주군 온산읍,중상사고,0,2,0,0,차대차 - 추돌 - 주정차중,안전거리미확보,습기,비,교차로 - 교차로부근,승용,남,57세,상해없음,승용,남,22세,중상
2012121500100046,2012년 12월 15일 00시,토요일,울산광역시 남구 달동,중상사고,0,2,0,0,차대차 - 추돌 - 주정차중,안전운전불이행,습기,비,교차로 - 교차로부근,승용,남,42세,상해없음,승용,남,62세,중상
2012121500100105,2012년 12월 15일 02시,토요일,울산광역시 남구 달동,경상사고,0,0,1,0,차대사람 - 보도통행중,보행자보호의무위반,습기,흐림,교차로 - 교차로부근,화물,남,46세,상해없음,보행자,남,46세,경상
2012121500100136,2012년 12월 15일 04시,토요일,울산광역시 남구 야음동,경상사고,0,0,1,0,차대차 - 추돌 - 주정차중,안전운전불이행,건조,흐림,단일로 - 기타,승용,남,32세,상해없음,승용,남,56세,경상
2012121500100191,2012년 12월 15일 07시,토요일,울산광역시 울주군 온양읍,경상사고,0,0,2,0,차대차 - 추돌 - 진행중,차로위반,습기,흐림,단일로 - 기타,승용,남,72세,경상,승용,남,53세,경상
2012121500100244,2012년 12월 15일 10시,토요일,울산광역시 울주군 온산읍,경상사고,0,0,1,0,차대사람 - 차도통행중,안전운전불이행,건조,맑음,교차로 - 교차로안,승용,남,39세,상해없음,보행자,여,41세,경상
2012121500100267,2012년 12월 15일 11시,토요일,울산광역시 중구 복산동,경상사고,0,0,3,0,차대차 - 측면직각충돌,안전거리미확보,건조,맑음,단일로 - 기타,화물,남,69세,상해없음,승용,남,51세,경상
2012121500100268,2012년 12월 15일 11시,토요일,울산광역시 울주군 언양읍,경상사고,0,0,2,0,차대차 - 기타,안전운전불이행,건조,흐림,단일로 - 기타,승용,남,72세,상해없음,승용,남,56세,기타불명
2012121500100403,2012년 12월 15일 17시,토요일,울산광역시 남구 신정동,경상사고,0,0,4,0,차대차 - 측면직각충돌,교차로운행방법위반,건조,맑음,교차로 - 교차로안,승용,남,45세,상해없음,승용,남,51세,경상
2012121500100505,2012년 12월 15일 20시,토요일,울산광역시 남구 야음동,사망사고,1,0,0,0,차대차 - 추돌 - 주정차중,교차로운행방법위반,건조,맑음,교차로 - 교차로부근,승용,남,43세,상해없음,자전거,남,43세,사망
2012121500100506,2012년 12월 15일 20시,토요일,울산광역시 동구 방어동,경상사고,0,0,1,0,차대사람 - 기타,안전운전불이행,건조,맑음,단일로 - 기타,승용,남,31세,상해없음,보행자,남,30세,경상
2012121500100570,2012년 12월 15일 22시,토요일,울산광역시 남구 무거동,경상사고,0,0,1,0,차대사람 - 횡단중,보행자보호의무위반,습기,흐림,교차로 - 교차로부근,승용,여,51세,상해없음,보행자,남,42세,경상
2012121500100616,2012년 12월 15일 23시,토요일,울산광역시 동구 전하동,중상사고,0,1,0,0,차대차 - 측면직각충돌,교차로운행방법위반,건조,맑음,교차로 - 교차로안,승용,남,56세,상해없음,이륜,남,16세,중상
2012121500100617,2012년 12월 15일 23시,토요일,울산광역시 동구 방어동,중상사고,0,1,0,0,차대사람 - 기타,안전운전불이행,건조,맑음,단일로 - 기타,승용,남,61세,상해없음,보행자,남,44세,중상
2012121600100116,2012년 12월 16일 04시,일요일,울산광역시 남구 삼산동,중상사고,0,1,0,0,차대차 - 추돌 - 주정차중,안전운전불이행,건조,맑음,단일로 - 기타,승용,남,21세,상해없음,화물,남,67세,상해없음
2012121600100137,2012년 12월 16일 05시,일요일,울산광역시 중구 태화동,경상사고,0,0,1,0,차대사람 - 횡단중,신호위반,건조,맑음,단일로 - 횡단보도상,승용,여,43세,상해없음,보행자,여,62세,경상
2012121600100162,2012년 12월 16일 06시,일요일,울산광역시 남구 여천동,경상사고,0,0,2,0,차대차 - 측면직각충돌,안전운전불이행,건조,맑음,단일로 - 기타,승용,남,49세,상해없음,승용,남,33세,경상
2012121600100163,2012년 12월 16일 06시,일요일,울산광역시 남구 삼산동,중상사고,0,1,1,0,차대차 - 추돌 - 주정차중,안전거리미확보,건조,맑음,단일로 - 기타,이륜,남,17세,중상,승용,남,30세,경상
2012121600100233,2012년 12월 16일 09시,일요일,울산광역시 울주군 언양읍,경상사고,0,0,2,0,차대차 - 기타,안전운전불이행,건조,맑음,단일로 - 기타,승용,남,46세,상해없음,화물,남,57세,경상
2012121600100383,2012년 12월 16일 16시,일요일,울산광역시 동구 전하동,경상사고,0,0,1,0,차대차 - 측면직각충돌,안전운전불이행,건조,맑음,교차로 - 교차로안,승용,여,32세,상해없음,이륜,남,27세,경상
2012121600100438,2012년 12월 16일 18시,일요일,울산광역시 중구 복산동,중상사고,0,2,1,0,차대차 - 추돌 - 주정차중,안전거리미확보,건조,맑음,교차로 - 교차로부근,승용,남,60세,상해없음,승용,남,52세,중상
2012121600100439,2012년 12월 16일 18시,일요일,울산광역시 남구 달동,경상사고,0,0,1,0,차대차 - 추돌 - 진행중,안전거리미확보,건조,맑음,교차로 - 교차로부근,승용,여,55세,상해없음,승용,남,58세,경상
2012121600100440,2012년 12월 16일 18시,일요일,울산광역시 울주군 범서읍,중상사고,0,2,1,0,차대차 - 측면직각충돌,교차로운행방법위반,건조,맑음,교차로 - 교차로안,이륜,남,16세,중상,승용,남,47세,상해없음
2012121600100502,2012년 12월 16일 21시,일요일,울산광역시 동구 전하동,중상사고,0,1,0,0,차대차 - 측면직각충돌,교차로운행방법위반,건조,맑음,교차로 - 교차로안,승용,남,48세,상해없음,이륜,남,18세,중상
2012121700100029,2012년 12월 17일 02시,월요일,울산광역시 동구 방어동,경상사고,0,0,1,0,차량단독 - 전도전복,안전운전불이행,건조,맑음,단일로 - 기타,승용,남,22세,상해없음,,,,
2012121700100070,2012년 12월 17일 06시,월요일,울산광역시 남구 달동,경상사고,0,0,3,0,차대차 - 추돌 - 주정차중,중앙선침범,건조,맑음,교차로 - 교차로부근,승용,남,23세,상해없음,화물,남,46세,경상
2012121700100135,2012년 12월 17일 08시,월요일,울산광역시 북구 양정동,경상사고,0,0,3,0,차대차 - 추돌 - 주정차중,안전거리미확보,건조,맑음,단일로 - 기타,승용,남,60세,상해없음,승용,여,42세,경상
2012121700100155,2012년 12월 17일 09시,월요일,울산광역시 울주군 언양읍,경상사고,0,0,2,0,차대차 - 기타,안전운전불이행,건조,맑음,단일로 - 기타,승용,남,29세,경상,화물,남,43세,경상
2012121700100172,2012년 12월 17일 10시,월요일,울산광역시 동구 전하동,경상사고,0,0,1,0,차대차 - 기타,중앙선침범,건조,맑음,단일로 - 기타,승용,여,39세,상해없음,승용,남,47세,경상
2012121700100214,2012년 12월 17일 12시,월요일,울산광역시 중구 다운동,경상사고,0,0,1,0,차대사람 - 기타,안전운전불이행,건조,맑음,단일로 - 기타,승용,남,69세,상해없음,보행자,여,50세,경상
2012121700100248,2012년 12월 17일 14시,월요일,울산광역시 울주군 웅촌면,경상사고,0,0,1,0,차대차 - 추돌 - 주정차중,안전거리미확보,건조,맑음,교차로 - 교차로부근,건설기계,남,50세,상해없음,승용,여,53세,경상
2012121700100357,2012년 12월 17일 18시,월요일,울산광역시 중구 복산동,경상사고,0,0,1,0,차대사람 - 횡단중,안전운전불이행,건조,맑음,단일로 - 횡단보도상,승용,남,65세,상해없음,보행자,여,50세,경상
2012121700100358,2012년 12월 17일 18시,월요일,울산광역시 남구 달동,중상사고,0,1,0,0,차대사람 - 차도통행중,중앙선침범,건조,맑음,교차로 - 교차로부근,승용,남,33세,상해없음,보행자,남,60세,중상
2012121700100501,2012년 12월 17일 23시,월요일,울산광역시 울주군 삼남면,경상사고,0,0,5,0,차대차 - 추돌 - 주정차중,안전운전불이행,건조,맑음,교차로 - 교차로부근,승용,남,21세,상해없음,승용,남,34세,경상
2012121800100023,2012년 12월 18일 00시,화요일,울산광역시 남구 달동,중상사고,0,1,0,0,차대차 - 기타,안전거리미확보,건조,맑음,교차로 - 교차로부근,화물,남,55세,상해없음,승용,남,27세,중상
2012121800100024,2012년 12월 18일 00시,화요일,울산광역시 남구 옥동,중상사고,0,1,0,0,차대차 - 기타,안전운전불이행,건조,맑음,교차로 - 교차로부근,승용,남,28세,중상,승용,남,23세,상해없음
2012121800100025,2012년 12월 18일 00시,화요일,울산광역시 남구 무거동,중상사고,0,2,0,0,차대차 - 추돌 - 주정차중,안전운전불이행,건조,맑음,단일로 - 기타,화물,기타불명,기타불명,기타불명,승용,남,24세,중상
2012121800100052,2012년 12월 18일 04시,화요일,울산광역시 북구 명촌동,중상사고,0,2,1,0,차대차 - 측면직각충돌,안전운전불이행,건조,맑음,교차로 - 교차로부근,승용,여,23세,중상,승용,여,28세,중상
2012121800100075,2012년 12월 18일 06시,화요일,울산광역시 북구 양정동,사망사고,1,1,0,0,차대사람 - 횡단중,신호위반,건조,맑음,단일로 - 횡단보도상,이륜,남,59세,중상,보행자,여,71세,사망
2012121800100076,2012년 12월 18일 06시,화요일,울산광역시 울주군 웅촌면,중상사고,0,1,0,0,차대사람 - 기타,안전운전불이행,건조,맑음,단일로 - 기타,승용,남,49세,상해없음,보행자,남,66세,중상
2012121800100097,2012년 12월 18일 07시,화요일,울산광역시 남구 달동,경상사고,0,0,1,0,차대차 - 정면충돌,중앙선침범,건조,맑음,단일로 - 기타,승용,여,52세,상해없음,화물,여,52세,경상
2012121800100156,2012년 12월 18일 10시,화요일,울산광역시 울주군 온산읍,경상사고,0,0,2,0,차대차 - 측면직각충돌,안전운전불이행,건조,맑음,교차로 - 교차로안,승용,여,26세,경상,승용,남,53세,경상
2012121800100178,2012년 12월 18일 11시,화요일,울산광역시 북구 양정동,경상사고,0,0,1,0,차대차 - 측면직각충돌,신호위반,건조,맑음,교차로 - 교차로안,승용,남,21세,상해없음,승용,남,26세,경상
2012121800100199,2012년 12월 18일 12시,화요일,울산광역시 중구 북정동,중상사고,0,1,0,0,차대사람 - 횡단중,신호위반,건조,맑음,단일로 - 횡단보도상,승용,남,56세,상해없음,보행자,여,18세,중상
2012121800100219,2012년 12월 18일 13시,화요일,울산광역시 남구 무거동,중상사고,0,1,0,0,차대사람 - 횡단중,안전운전불이행,건조,맑음,단일로 - 횡단보도부근,승용,남,35세,상해없음,보행자,여,15세,중상
2012121800100247,2012년 12월 18일 14시,화요일,울산광역시 북구 호계동,중상사고,0,1,0,0,차대사람 - 길가장자리구역통행중,안전운전불이행,건조,맑음,단일로 - 기타,화물,남,38세,상해없음,보행자,남,77세,중상
2012121800100272,2012년 12월 18일 15시,화요일,울산광역시 울주군 온양읍,중상사고,0,1,0,2,차대차 - 추돌 - 진행중,교차로운행방법위반,건조,맑음,교차로 - 교차로안,승용,남,47세,상해없음,승용,남,46세,중상
2012121800100273,2012년 12월 18일 15시,화요일,울산광역시 울주군 청량면,경상사고,0,0,1,0,차대차 - 추돌 - 진행중,신호위반,건조,맑음,교차로 - 교차로안,승용,남,40세,상해없음,승용,남,72세,경상
2012121800100296,2012년 12월 18일 16시,화요일,울산광역시 중구 서동,중상사고,0,1,0,0,차대사람 - 기타,기타,건조,맑음,단일로 - 기타,화물,남,49세,상해없음,보행자,여,11세,중상
2012121800100374,2012년 12월 18일 18시,화요일,울산광역시 북구 달천동,경상사고,0,0,1,0,차대차 - 측면직각충돌,직진우회전진행방해,건조,맑음,교차로 - 교차로안,승용,남,39세,상해없음,원동기,남,18세,경상
2012121800100375,2012년 12월 18일 18시,화요일,울산광역시 남구 신정동,중상사고,0,1,0,0,차대사람 - 횡단중,보행자보호의무위반,건조,맑음,단일로 - 횡단보도상,승용,여,57세,상해없음,보행자,남,64세,중상
2012121800100405,2012년 12월 18일 19시,화요일,울산광역시 울주군 서생면,부상신고사고,0,0,0,1,차대사람 - 기타,안전운전불이행,기타,맑음,단일로 - 기타,기타불명,기타불명,기타불명,기타불명,보행자,남,61세,부상신고
2012121800100427,2012년 12월 18일 20시,화요일,울산광역시 남구 달동,경상사고,0,0,4,0,차대차 - 기타,중앙선침범,건조,맑음,단일로 - 기타,승용,남,27세,상해없음,승합,남,43세,경상
2012121800100428,2012년 12월 18일 20시,화요일,울산광역시 북구 염포동,경상사고,0,0,2,0,차대차 - 기타,안전거리미확보,건조,맑음,교차로 - 교차로안,이륜,남,17세,경상,승용,남,40세,상해없음
2012121800100466,2012년 12월 18일 21시,화요일,울산광역시 북구 효문동,중상사고,0,1,2,1,차대차 - 측면직각충돌,신호위반,건조,맑음,교차로 - 교차로안,승용,여,39세,부상신고,승용,남,44세,중상
2012121800100467,2012년 12월 18일 21시,화요일,울산광역시 남구 야음동,경상사고,0,0,1,0,차대차 - 측면직각충돌,신호위반,건조,맑음,교차로 - 교차로안,자전거,남,37세,경상,승용,남,41세,상해없음
2012121800100468,2012년 12월 18일 21시,화요일,울산광역시 남구 달동,경상사고,0,0,2,0,차대차 - 기타,안전운전불이행,건조,맑음,교차로 - 교차로부근,승용,남,41세,상해없음,승용,남,28세,경상
2012121800100498,2012년 12월 18일 22시,화요일,울산광역시 남구 신정동,경상사고,0,0,2,0,차대차 - 측면직각충돌,교차로운행방법위반,건조,맑음,교차로 - 교차로안,승용,여,58세,상해없음,승용,남,62세,경상
2012121800100499,2012년 12월 18일 22시,화요일,울산광역시 울주군 온산읍,중상사고,0,1,0,0,차대차 - 기타,교차로운행방법위반,건조,맑음,교차로 - 교차로안,승용,남,31세,상해없음,자전거,여,24세,중상
2012121900100023,2012년 12월 19일 00시,수요일,울산광역시 북구 화봉동,경상사고,0,0,2,0,차대차 - 추돌 - 진행중,안전운전불이행,건조,맑음,교차로 - 교차로부근,승용,남,42세,상해없음,승용,남,37세,상해없음
2012121900100059,2012년 12월 19일 02시,수요일,울산광역시 중구 남외동,경상사고,0,0,1,0,차대차 - 추돌 - 진행중,안전운전불이행,건조,맑음,교차로 - 교차로안,승용,남,40세,상해없음,승용,남,42세,경상
2012121900100060,2012년 12월 19일 02시,수요일,울산광역시 남구 신정동,중상사고,0,2,0,0,차대차 - 기타,안전운전불이행,건조,맑음,교차로 - 교차로안,화물,남,26세,상해없음,승용,남,39세,중상
2012121900100083,2012년 12월 19일 04시,수요일,울산광역시 울주군 언양읍,중상사고,0,1,0,0,차대차 - 기타,안전운전불이행,건조,맑음,교차로 - 교차로안,승용,남,25세,상해없음,이륜,여,58세,중상
2012121900100092,2012년 12월 19일 05시,수요일,울산광역시 남구 삼산동,경상사고,0,0,2,0,차대차 - 추돌 - 진행중,안전운전불이행,건조,맑음,교차로 - 교차로부근,승용,남,25세,상해없음,승용,남,51세,경상
2012121900100104,2012년 12월 19일 06시,수요일,울산광역시 동구 방어동,중상사고,0,1,0,0,차대차 - 측면직각충돌,신호위반,건조,맑음,교차로 - 교차로안,승용,남,61세,상해없음,이륜,남,40세,중상
2012121900100129,2012년 12월 19일 08시,수요일,울산광역시 남구 여천동,경상사고,0,0,1,0,차대차 - 측면직각충돌,안전운전불이행,건조,맑음,단일로 - 기타,화물,기타불명,기타불명,기타불명,자전거,남,18세,경상
2012121900100141,2012년 12월 19일 09시,수요일,울산광역시 중구 우정동,경상사고,0,0,1,0,차대사람 - 기타,안전운전불이행,건조,맑음,교차로 - 교차로안,승용,남,34세,상해없음,보행자,남,50세,경상
2012121900100168,2012년 12월 19일 10시,수요일,울산광역시 북구 양정동,경상사고,0,0,3,0,차대차 - 추돌 - 진행중,안전거리미확보,건조,맑음,단일로 - 기타,승합,남,34세,상해없음,승용,남,31세,경상
2012121900100182,2012년 12월 19일 11시,수요일,울산광역시 북구 효문동,중상사고,0,1,1,0,차대차 - 추돌 - 주정차중,안전거리미확보,건조,맑음,교차로 - 교차로부근,승용,남,27세,상해없음,승용,남,66세,상해없음
2012121900100183,2012년 12월 19일 11시,수요일,울산광역시 중구 옥교동,중상사고,0,1,0,0,차대사람 - 횡단중,안전운전불이행,건조,맑음,교차로 - 교차로안,기타불명,기타불명,기타불명,기타불명,보행자,여,93세,중상
2012121900100211,2012년 12월 19일 12시,수요일,울산광역시 남구 달동,경상사고,0,0,1,0,차대사람 - 기타,안전운전불이행,건조,맑음,단일로 - 기타,승용,남,55세,상해없음,보행자,여,20세,경상
2012121900100232,2012년 12월 19일 13시,수요일,울산광역시 남구 삼산동,중상사고,0,1,0,0,차대차 - 측면직각충돌,차로위반,건조,맑음,단일로 - 기타,승용,남,35세,상해없음,이륜,남,24세,중상
2012121900100233,2012년 12월 19일 13시,수요일,울산광역시 동구 동부동,경상사고,0,0,1,0,차대차 - 추돌 - 진행중,안전거리미확보,건조,맑음,교차로 - 교차로부근,이륜,남,17세,경상,승용,남,45세,상해없음
2012121900100339,2012년 12월 19일 17시,수요일,울산광역시 중구 우정동,경상사고,0,0,1,0,차대차 - 추돌 - 주정차중,안전운전불이행,건조,맑음,단일로 - 기타,승용,남,42세,상해없음,승용,남,41세,경상
2012121900100368,2012년 12월 19일 18시,수요일,울산광역시 중구 반구동,경상사고,0,0,1,0,차대차 - 측면직각충돌,안전운전불이행,건조,맑음,단일로 - 기타,승용,남,54세,상해없음,승용,남,57세,상해없음
2012121900100369,2012년 12월 19일 18시,수요일,울산광역시 남구 삼산동,중상사고,0,1,0,0,차대차 - 측면직각충돌,교차로운행방법위반,건조,맑음,교차로 - 교차로안,승용,남,41세,상해없음,이륜,남,43세,중상
2012121900100441,2012년 12월 19일 21시,수요일,울산광역시 남구 달동,경상사고,0,0,5,0,차대차 - 추돌 - 주정차중,안전운전불이행,건조,맑음,단일로 - 기타,승용,남,38세,상해없음,승용,남,20세,경상
2012121900100468,2012년 12월 19일 22시,수요일,울산광역시 동구 방어동,경상사고,0,0,1,0,차대차 - 정면충돌,안전운전불이행,건조,맑음,단일로 - 기타,이륜,남,38세,상해없음,이륜,남,32세,경상
2012122000100012,2012년 12월 20일 00시,목요일,울산광역시 울주군 범서읍,중상사고,0,1,0,0,차량단독 - 공작물충돌,안전운전불이행,건조,맑음,단일로 - 기타,승용,남,37세,중상,,,,
2012122000100025,2012년 12월 20일 01시,목요일,울산광역시 남구 삼산동,경상사고,0,0,1,0,차대차 - 측면직각충돌,안전운전불이행,건조,맑음,단일로 - 교량,승용,남,41세,경상,승용,남,43세,상해없음
2012122000100026,2012년 12월 20일 01시,목요일,울산광역시 울주군 범서읍,중상사고,0,1,0,0,차대차 - 추돌 - 주정차중,안전거리미확보,건조,맑음,교차로 - 교차로부근,승용,남,54세,상해없음,승용,남,51세,중상
2012122000100070,2012년 12월 20일 06시,목요일,울산광역시 중구 태화동,중상사고,0,1,0,0,차대차 - 측면직각충돌,직진우회전진행방해,건조,맑음,교차로 - 교차로안,승용,남,38세,상해없음,이륜,남,62세,중상
2012122000100099,2012년 12월 20일 07시,목요일,울산광역시 울주군 온산읍,경상사고,0,0,1,0,차대차 - 추돌 - 진행중,안전운전불이행,건조,맑음,단일로 - 기타,승용,남,65세,상해없음,원동기,남,60세,경상
2012122000100123,2012년 12월 20일 08시,목요일,울산광역시 동구 동부동,중상사고,0,1,0,0,차대사람 - 횡단중,신호위반,건조,맑음,교차로 - 교차로안,승용,남,48세,상해없음,보행자,여,8세,중상
2012122000100147,2012년 12월 20일 09시,목요일,울산광역시 동구 서부동,경상사고,0,0,1,0,차대차 - 추돌 - 진행중,안전거리미확보,건조,맑음,교차로 - 교차로안,승합,남,47세,상해없음,이륜,남,26세,경상
2012122000100222,2012년 12월 20일 13시,목요일,울산광역시 남구 삼산동,중상사고,0,1,0,0,차대차 - 기타,신호위반,건조,맑음,교차로 - 교차로안,승용,여,43세,상해없음,원동기,남,41세,중상
2012122000100322,2012년 12월 20일 17시,목요일,울산광역시 동구 일산동,부상신고사고,0,0,0,1,차대차 - 측면직각충돌,교차로운행방법위반,건조,맑음,교차로 - 교차로안,이륜,기타불명,기타불명,기타불명,이륜,남,17세,부상신고
2012122000100323,2012년 12월 20일 17시,목요일,울산광역시 동구 화정동,경상사고,0,0,1,0,차대차 - 측면직각충돌,교차로운행방법위반,건조,맑음,교차로 - 교차로안,승용,남,55세,상해없음,화물,남,25세,상해없음
2012122000100447,2012년 12월 20일 21시,목요일,울산광역시 중구 반구동,경상사고,0,0,1,0,차대차 - 추돌 - 진행중,안전거리미확보,건조,맑음,교차로 - 교차로부근,승용,남,55세,상해없음,승용,여,38세,경상
2012122000100502,2012년 12월 20일 23시,목요일,울산광역시 동구 방어동,경상사고,0,0,1,0,차대차 - 추돌 - 진행중,안전운전불이행,건조,맑음,단일로 - 기타,화물,남,44세,상해없음,승용,여,34세,경상
2012122100100048,2012년 12월 21일 02시,금요일,울산광역시 남구 삼산동,중상사고,0,1,1,0,차대차 - 측면직각충돌,신호위반,건조,맑음,교차로 - 교차로안,승용,남,52세,상해없음,승용,남,30세,중상
2012122100100073,2012년 12월 21일 05시,금요일,울산광역시 남구 무거동,경상사고,0,0,2,0,차대차 - 측면직각충돌,차로위반,건조,맑음,교차로 - 교차로부근,화물,남,38세,상해없음,승용,남,57세,경상
2012122100100098,2012년 12월 21일 07시,금요일,울산광역시 울주군 범서읍,중상사고,0,1,2,0,차대차 - 추돌 - 주정차중,안전거리미확보,결빙,비,단일로 - 기타,화물,남,22세,상해없음,승용,남,50세,중상
2012122100100099,2012년 12월 21일 07시,금요일,울산광역시 울주군 두서면,중상사고,0,3,1,0,차대차 - 측면직각충돌,안전운전불이행,결빙,눈,단일로 - 기타,화물,남,37세,상해없음,화물,남,56세,중상
2012122100100125,2012년 12월 21일 07시,금요일,울산광역시 동구 방어동,경상사고,0,0,1,0,차대차 - 기타,중앙선침범,건조,맑음,단일로 - 기타,기타불명,기타불명,기타불명,기타불명,이륜,남,39세,경상
2012122100100126,2012년 12월 21일 07시,금요일,울산광역시 울주군 청량면,중상사고,0,1,1,0,차대차 - 기타,중앙선침범,결빙,비,단일로 - 기타,승용,여,36세,중상,승합,남,48세,상해없음
2012122100100127,2012년 12월 21일 07시,금요일,울산광역시 울주군 언양읍,경상사고,0,0,2,0,차대차 - 기타,안전운전불이행,결빙,비,단일로 - 기타,승용,남,44세,상해없음,승용,여,54세,경상
2012122100100128,2012년 12월 21일 07시,금요일,울산광역시 울주군 언양읍,경상사고,0,0,3,0,차대차 - 기타,안전거리미확보,결빙,비,단일로 - 기타,승용,남,48세,상해없음,승용,남,34세,경상
2012122100100129,2012년 12월 21일 07시,금요일,울산광역시 울주군 삼동면,경상사고,0,0,2,0,차대차 - 정면충돌,중앙선침범,결빙,비,단일로 - 교량,승용,남,59세,경상,승용,남,32세,경상
2012122100100180,2012년 12월 21일 08시,금요일,울산광역시 울주군 삼동면,중상사고,0,1,0,0,차대차 - 기타,중앙선침범,결빙,비,단일로 - 기타,화물,남,55세,상해없음,화물,남,57세,중상
2012122100100181,2012년 12월 21일 08시,금요일,울산광역시 울주군 언양읍,중상사고,0,1,0,1,차대차 - 기타,안전운전불이행,결빙,흐림,단일로 - 기타,승용,남,36세,상해없음,승용,여,57세,부상신고
2012122100100182,2012년 12월 21일 08시,금요일,울산광역시 울주군 범서읍,경상사고,0,0,1,0,차대차 - 추돌 - 진행중,안전운전불이행,결빙,흐림,교차로 - 교차로부근,승용,남,35세,상해없음,승용,여,42세,경상
2012122100100217,2012년 12월 21일 09시,금요일,울산광역시 남구 신정동,경상사고,0,0,3,0,차대차 - 측면직각충돌,직진우회전진행방해,습기,비,교차로 - 교차로안,승용,여,44세,경상,승용,남,47세,경상
2012122100100393,2012년 12월 21일 14시,금요일,울산광역시 남구 신정동,경상사고,0,0,1,0,차대차 - 기타,안전운전불이행,건조,맑음,교차로 - 교차로부근,승용,남,48세,상해없음,승용,남,57세,경상
2012122100100434,2012년 12월 21일 16시,금요일,울산광역시 남구 삼산동,경상사고,0,0,1,0,차대차 - 추돌 - 주정차중,안전거리미확보,습기,비,교차로 - 교차로부근,승용,여,43세,상해없음,승용,여,64세,경상
2012122100100464,2012년 12월 21일 17시,금요일,울산광역시 북구 효문동,경상사고,0,0,3,0,차대차 - 측면직각충돌,신호위반,습기,비,교차로 - 교차로안,승용,남,44세,상해없음,승용,여,35세,경상
2012122100100465,2012년 12월 21일 17시,금요일,울산광역시 북구 명촌동,경상사고,0,0,2,0,차대차 - 측면직각충돌,안전거리미확보,습기,비,단일로 - 교량,승용,남,33세,상해없음,승용,남,35세,경상
2012122100100497,2012년 12월 21일 18시,금요일,울산광역시 울주군 온산읍,경상사고,0,0,1,0,차대사람 - 기타,안전운전불이행,습기,비,단일로 - 기타,승용,남,28세,상해없음,보행자,남,45세,경상
2012122100100533,2012년 12월 21일 19시,금요일,울산광역시 북구 연암동,경상사고,0,0,1,0,차대차 - 기타,안전운전불이행,습기,비,단일로 - 기타,승용,남,32세,상해없음,이륜,남,50세,경상
2012122100100562,2012년 12월 21일 20시,금요일,울산광역시 북구 명촌동,경상사고,0,0,1,0,차대사람 - 보도통행중,신호위반,습기,비,교차로 - 교차로안,승용,여,37세,상해없음,보행자,남,46세,경상
2012122100100601,2012년 12월 21일 21시,금요일,울산광역시 북구 명촌동,중상사고,0,1,1,0,차대차 - 추돌 - 주정차중,안전운전불이행,습기,비,단일로 - 기타,승용,남,64세,상해없음,승용,남,33세,중상
2012122100100633,2012년 12월 21일 22시,금요일,울산광역시 북구 신천동,중상사고,0,1,0,0,차대차 - 측면직각충돌,안전운전불이행,습기,비,교차로 - 교차로부근,이륜,남,16세,중상,승용,남,59세,상해없음
2012122100100634,2012년 12월 21일 22시,금요일,울산광역시 울주군 청량면,중상사고,0,1,0,0,차대사람 - 횡단중,안전운전불이행,건조,흐림,단일로 - 횡단보도상,승용,남,32세,상해없음,보행자,남,38세,중상