사고번호,사고일시,요일,시군구,사고내용,사망자수,중상자수,경상자수,부상신고자수,사고유형,법규위반,노면상태,기상상태,도로형태,가해운전자 차종,가해운전자 성별,가해운전자 연령,가해운전자 상해정도,피해운전자 차종,피해운전자 성별,피해운전자 연령,피해운전자 상해정도
2012122100100677,2012년 12월 21일 23시,금요일,울산광역시 중구 남외동,중상사고,0,1,0,0,차대차 - 기타,신호위반,습기,비,교차로 - 교차로부근,승용,남,36세,상해없음,이륜,남,16세,중상
2012122100100678,2012년 12월 21일 23시,금요일,울산광역시 북구 중산동,중상사고,0,3,0,0,차대차 - 추돌 - 주정차중,안전운전불이행,습기,비,교차로 - 교차로부근,화물,남,45세,상해없음,승용,남,42세,중상
2012122200100059,2012년 12월 22일 01시,토요일,울산광역시 북구 진장동,경상사고,0,0,2,0,차대차 - 추돌 - 주정차중,안전거리미확보,건조,흐림,단일로 - 기타,승용,남,30세,상해없음,승용,여,26세,경상
2012122200100060,2012년 12월 22일 01시,토요일,울산광역시 남구 삼산동,경상사고,0,0,1,0,차대사람 - 차도통행중,안전운전불이행,건조,흐림,단일로 - 기타,승용,남,39세,상해없음,보행자,여,43세,경상
2012122200100138,2012년 12월 22일 06시,토요일,울산광역시 남구 삼산동,중상사고,0,1,0,0,차대차 - 추돌 - 주정차중,안전운전불이행,건조,맑음,교차로 - 교차로부근,승용,남,26세,상해없음,승용,남,53세,중상
2012122200100248,2012년 12월 22일 12시,토요일,울산광역시 북구 염포동,경상사고,0,0,3,0,차대차 - 기타,안전운전불이행,건조,맑음,교차로 - 교차로안,승합,남,77세,상해없음,승합,남,36세,상해없음
2012122200100353,2012년 12월 22일 17시,토요일,울산광역시 동구 일산동,경상사고,0,0,1,0,차대차 - 기타,교차로운행방법위반,건조,맑음,교차로 - 교차로안,승용,여,53세,상해없음,이륜,남,46세,경상
2012122200100382,2012년 12월 22일 18시,토요일,울산광역시 동구 방어동,경상사고,0,0,1,0,차대차 - 추돌 - 주정차중,안전운전불이행,건조,맑음,단일로 - 기타,승용,남,55세,상해없음,승용,남,36세,상해없음
2012122200100411,2012년 12월 22일 19시,토요일,울산광역시 남구 무거동,경상사고,0,0,2,0,차대차 - 추돌 - 진행중,안전운전불이행,건조,맑음,단일로 - 기타,승용,남,56세,상해없음,승용,여,31세,경상
2012122200100442,2012년 12월 22일 20시,토요일,울산광역시 동구 전하동,부상신고사고,0,0,0,1,차대차 - 기타,안전운전불이행,건조,맑음,단일로 - 기타,승용,남,45세,상해없음,이륜,남,19세,부상신고
2012122200100500,2012년 12월 22일 22시,토요일,울산광역시 북구 중산동,경상사고,0,0,2,0,차대차 - 추돌 - 주정차중,안전운전불이행,건조,맑음,교차로 - 교차로부근,승용,남,44세,상해없음,승용,남,34세,경상
2012122200100501,2012년 12월 22일 22시,토요일,울산광역시 동구 일산동,중상사고,0,1,0,0,차대사람 - 기타,안전운전불이행,건조,맑음,단일로 - 기타,승용,남,36세,상해없음,보행자,여,54세,중상
2012122200100521,2012년 12월 22일 23시,토요일,울산광역시 울주군 온양읍,중상사고,0,1,0,0,차대차 - 추돌 - 진행중,안전거리미확보,건조,맑음,교차로 - 교차로부근,원동기,남,16세,상해없음,원동기,남,64세,중상
2012122300100175,2012년 12월 23일 11시,일요일,울산광역시 중구 학성동,경상사고,0,0,1,0,차대차 - 측면직각충돌,안전운전불이행,건조,맑음,교차로 - 교차로안,승용,남,66세,상해없음,이륜,남,23세,경상
2012122300100299,2012년 12월 23일 17시,일요일,울산광역시 북구 매곡동,경상사고,0,0,1,0,차대차 - 측면직각충돌,안전운전불이행,건조,맑음,단일로 - 기타,이륜,남,16세,경상,승용,남,47세,상해없음
2012122300100397,2012년 12월 23일 21시,일요일,울산광역시 동구 주전동,경상사고,0,0,2,0,차대차 - 추돌 - 진행중,안전거리미확보,건조,맑음,단일로 - 기타,승용,남,53세,상해없음,화물,남,29세,경상
2012122400100014,2012년 12월 24일 01시,월요일,울산광역시 북구 호계동,경상사고,0,0,1,1,차대차 - 추돌 - 주정차중,안전운전불이행,건조,맑음,단일로 - 기타,승용,남,29세,부상신고,승용,남,44세,기타불명
2012122400100015,2012년 12월 24일 01시,월요일,울산광역시 남구 삼산동,경상사고,0,0,1,0,차대차 - 기타,안전운전불이행,건조,맑음,단일로 - 기타,승용,남,24세,상해없음,승용,남,52세,경상
2012122400100032,2012년 12월 24일 04시,월요일,울산광역시 남구 삼산동,경상사고,0,0,1,0,차대차 - 측면직각충돌,교차로운행방법위반,건조,맑음,교차로 - 교차로안,이륜,남,23세,경상,승용,남,24세,상해없음
2012122400100141,2012년 12월 24일 10시,월요일,울산광역시 중구 반구동,중상사고,0,1,0,0,차대차 - 기타,안전운전불이행,건조,맑음,단일로 - 기타,승용,남,40세,상해없음,자전거,여,60세,중상
2012122400100142,2012년 12월 24일 10시,월요일,울산광역시 동구 화정동,중상사고,0,1,0,0,차대사람 - 기타,안전운전불이행,건조,맑음,단일로 - 기타,승용,여,41세,상해없음,보행자,여,58세,중상
2012122400100169,2012년 12월 24일 11시,월요일,울산광역시 북구 화봉동,중상사고,0,1,1,0,차대차 - 추돌 - 진행중,안전거리미확보,건조,맑음,단일로 - 기타,승용,남,36세,상해없음,승용,여,44세,중상
2012122400100219,2012년 12월 24일 13시,월요일,울산광역시 울주군 삼남면,경상사고,0,0,1,0,차대사람 - 기타,기타,건조,맑음,단일로 - 기타,승용,남,56세,상해없음,보행자,남,35세,경상
2012122400100250,2012년 12월 24일 14시,월요일,울산광역시 남구 신정동,중상사고,0,1,0,0,차대사람 - 횡단중,신호위반,건조,맑음,단일로 - 기타,승용,남,52세,상해없음,보행자,여,66세,중상
2012122400100251,2012년 12월 24일 14시,월요일,울산광역시 남구 달동,부상신고사고,0,0,0,1,차대차 - 측면직각충돌,안전운전불이행,건조,맑음,교차로 - 교차로부근,이륜,남,44세,부상신고,승용,남,40세,상해없음
2012122400100445,2012년 12월 24일 19시,월요일,울산광역시 남구 황성동,중상사고,0,1,0,0,차대사람 - 길가장자리구역통행중,안전운전불이행,건조,맑음,단일로 - 기타,승용,남,27세,상해없음,보행자,남,37세,중상
2012122400100487,2012년 12월 24일 20시,월요일,울산광역시 북구 화봉동,중상사고,0,3,3,0,차대차 - 측면직각충돌,안전거리미확보,건조,맑음,교차로 - 교차로부근,승용,여,29세,중상,승용,남,56세,경상
2012122400100488,2012년 12월 24일 20시,월요일,울산광역시 남구 달동,경상사고,0,0,1,0,차대차 - 기타,기타,건조,맑음,단일로 - 기타,승용,남,64세,상해없음,원동기,남,16세,경상
2012122400100542,2012년 12월 24일 22시,월요일,울산광역시 남구 신정동,중상사고,0,1,0,0,차대사람 - 횡단중,안전운전불이행,건조,맑음,단일로 - 횡단보도상,승합,남,44세,기타불명,보행자,남,61세,중상
2012122400100543,2012년 12월 24일 22시,월요일,울산광역시 동구 전하동,중상사고,0,1,1,0,차대차 - 추돌 - 주정차중,안전운전불이행,건조,맑음,단일로 - 기타,승용,남,54세,상해없음,승용,남,26세,중상
2012122400100568,2012년 12월 24일 23시,월요일,울산광역시 남구 삼산동,중상사고,0,1,0,0,차대사람 - 횡단중,안전운전불이행,건조,맑음,교차로 - 교차로부근,승용,남,47세,상해없음,보행자,남,46세,중상
2012122500100039,2012년 12월 25일 01시,화요일,울산광역시 남구 삼산동,중상사고,0,1,0,0,차대사람 - 기타,안전운전불이행,건조,맑음,단일로 - 기타,승용,여,38세,상해없음,보행자,남,45세,중상
2012122500100057,2012년 12월 25일 02시,화요일,울산광역시 울주군 언양읍,부상신고사고,0,0,0,1,차량단독 - 기타,안전운전불이행,건조,맑음,교차로 - 교차로부근,원동기,남,34세,부상신고,,,,
2012122500100086,2012년 12월 25일 04시,화요일,울산광역시 울주군 웅촌면,중상사고,0,1,0,0,차량단독 - 공작물충돌,안전운전불이행,건조,맑음,단일로 - 기타,화물,남,40세,중상,,,,
2012122500100103,2012년 12월 25일 05시,화요일,울산광역시 북구 염포동,중상사고,0,1,0,0,차대사람 - 횡단중,신호위반,건조,맑음,단일로 - 횡단보도상,승용,남,36세,상해없음,보행자,여,48세,중상
2012122500100128,2012년 12월 25일 07시,화요일,울산광역시 북구 호계동,경상사고,0,0,1,0,차대차 - 추돌 - 주정차중,안전운전불이행,건조,맑음,단일로 - 기타,승용,남,41세,상해없음,승용,남,35세,경상
2012122500100172,2012년 12월 25일 10시,화요일,울산광역시 울주군 범서읍,경상사고,0,0,2,0,차대차 - 추돌 - 주정차중,안전거리미확보,건조,맑음,교차로 - 교차로부근,승용,남,37세,상해없음,승용,남,29세,경상
2012122500100213,2012년 12월 25일 13시,화요일,울산광역시 울주군 온산읍,경상사고,0,0,2,0,차대차 - 측면직각충돌,신호위반,건조,맑음,교차로 - 교차로안,승용,남,33세,상해없음,승용,남,37세,경상
2012122500100236,2012년 12월 25일 14시,화요일,울산광역시 동구 방어동,중상사고,0,1,0,0,차대사람 - 횡단중,보행자보호의무위반,건조,맑음,단일로 - 기타,승용,남,24세,상해없음,보행자,남,69세,중상
2012122500100252,2012년 12월 25일 15시,화요일,울산광역시 중구 다운동,중상사고,0,1,0,0,차대차 - 측면직각충돌,안전운전불이행,건조,맑음,교차로 - 교차로안,승용,여,43세,상해없음,승용,남,35세,상해없음
2012122500100314,2012년 12월 25일 17시,화요일,울산광역시 북구 신천동,경상사고,0,0,1,0,차대차 - 측면직각충돌,신호위반,건조,맑음,교차로 - 교차로안,승용,여,57세,상해없음,자전거,남,43세,경상
2012122500100364,2012년 12월 25일 19시,화요일,울산광역시 울주군 온산읍,경상사고,0,0,1,0,차대차 - 기타,교차로운행방법위반,건조,맑음,교차로 - 교차로안,이륜,남,29세,상해없음,이륜,남,51세,경상
2012122500100412,2012년 12월 25일 21시,화요일,울산광역시 동구 방어동,경상사고,0,0,1,0,차대사람 - 길가장자리구역통행중,안전운전불이행,건조,맑음,단일로 - 기타,승용,남,30세,상해없음,보행자,남,43세,경상
2012122600100018,2012년 12월 26일 01시,수요일,울산광역시 남구 달동,경상사고,0,0,1,0,차대차 - 측면직각충돌,안전운전불이행,건조,맑음,단일로 - 기타,승용,여,46세,상해없음,이륜,남,26세,경상
2012122600100070,2012년 12월 26일 06시,수요일,울산광역시 울주군 청량면,중상사고,0,1,0,0,차대차 - 측면직각충돌,직진우회전진행방해,건조,맑음,교차로 - 교차로안,건설기계,남,48세,상해없음,승용,남,60세,중상
2012122600100100,2012년 12월 26일 07시,수요일,울산광역시 동구 화정동,경상사고,0,0,1,0,차대차 - 기타,안전운전불이행,건조,맑음,단일로 - 기타,이륜,남,35세,경상,승용,여,59세,상해없음
2012122600100138,2012년 12월 26일 08시,수요일,울산광역시 중구 반구동,중상사고,0,1,0,0,차대차 - 기타,안전운전불이행,건조,맑음,단일로 - 기타,화물,남,34세,상해없음,자전거,여,13세,중상
2012122600100168,2012년 12월 26일 09시,수요일,울산광역시 중구 약사동,경상사고,0,0,1,0,차대차 - 측면직각충돌,안전운전불이행,건조,맑음,교차로 - 교차로부근,승용,여,41세,상해없음,자전거,남,68세,경상
2012122600100317,2012년 12월 26일 14시,수요일,울산광역시 남구 야음동,중상사고,0,1,0,0,차대차 - 기타,불법유턴,건조,맑음,교차로 - 교차로부근,자전거,남,10세,중상,승합,남,57세,상해없음
2012122600100428,2012년 12월 26일 17시,수요일,울산광역시 북구 화봉동,중상사고,0,1,0,0,차대사람 - 기타,안전운전불이행,건조,맑음,단일로 - 기타,승용,남,43세,상해없음,보행자,여,62세,중상
2012122600100483,2012년 12월 26일 18시,수요일,울산광역시 동구 서부동,중상사고,0,1,0,0,차대차 - 측면직각충돌,신호위반,건조,맑음,단일로 - 기타,이륜,남,47세,상해없음,자전거,남,25세,중상
2012122600100509,2012년 12월 26일 19시,수요일,울산광역시 동구 일산동,경상사고,0,0,1,0,차대차 - 기타,기타,건조,맑음,단일로 - 기타,승용,남,50세,상해없음,이륜,남,30세,경상
2012122600100510,2012년 12월 26일 19시,수요일,울산광역시 동구 화정동,부상신고사고,0,0,0,1,차대차 - 측면직각충돌,차로위반,건조,맑음,단일로 - 기타,승용,여,46세,상해없음,이륜,남,17세,부상신고
2012122600100511,2012년 12월 26일 19시,수요일,울산광역시 울주군 웅촌면,중상사고,0,2,0,0,차대차 - 추돌 - 진행중,안전운전불이행,결빙,흐림,교차로 - 교차로부근,승합,남,56세,상해없음,승용,남,32세,중상
2012122600100577,2012년 12월 26일 21시,수요일,울산광역시 북구 진장동,경상사고,0,0,1,0,차대차 - 기타,안전운전불이행,건조,맑음,교차로 - 교차로부근,승용,남,47세,상해없음,승용,여,55세,상해없음
2012122600100661,2012년 12월 26일 23시,수요일,울산광역시 동구 서부동,경상사고,0,0,1,0,차대차 - 기타,기타,건조,맑음,단일로 - 기타,승용,남,62세,상해없음,이륜,남,17세,경상
2012122700100031,2012년 12월 27일 00시,목요일,울산광역시 북구 신천동,경상사고,0,0,1,0,차대차 - 추돌 - 주정차중,안전운전불이행,건조,맑음,교차로 - 교차로부근,승용,남,60세,상해없음,승용,남,35세,경상
2012122700100032,2012년 12월 27일 00시,목요일,울산광역시 울주군 범서읍,경상사고,0,0,1,0,차대차 - 추돌 - 주정차중,안전운전불이행,건조,맑음,교차로 - 교차로부근,승용,남,52세,상해없음,승용,남,50세,경상
2012122700100058,2012년 12월 27일 02시,목요일,울산광역시 울주군 언양읍,경상사고,0,0,1,0,차대차 - 기타,안전운전불이행,건조,맑음,단일로 - 기타,승용,남,44세,상해없음,화물,남,30세,경상
2012122700100087,2012년 12월 27일 04시,목요일,울산광역시 남구 달동,경상사고,0,0,1,0,차대차 - 정면충돌,안전운전불이행,건조,맑음,단일로 - 기타,승용,남,18세,기타불명,승용,남,25세,경상
2012122700100111,2012년 12월 27일 06시,목요일,울산광역시 울주군 범서읍,경상사고,0,0,1,0,차대사람 - 횡단중,안전운전불이행,건조,맑음,단일로 - 횡단보도부근,승용,남,64세,상해없음,보행자,여,29세,경상
2012122700100132,2012년 12월 27일 07시,목요일,울산광역시 남구 삼산동,경상사고,0,0,1,0,차대차 - 측면직각충돌,교차로운행방법위반,건조,맑음,교차로 - 교차로안,승용,여,34세,상해없음,이륜,남,36세,경상
2012122700100133,2012년 12월 27일 07시,목요일,울산광역시 남구 달동,중상사고,0,1,1,0,차대차 - 추돌 - 진행중,안전거리미확보,건조,맑음,교차로 - 교차로부근,승용,남,48세,상해없음,승용,남,25세,중상
2012122700100199,2012년 12월 27일 10시,목요일,울산광역시 울주군 언양읍,경상사고,0,0,1,0,차대차 - 기타,중앙선침범,건조,맑음,단일로 - 기타,승용,여,52세,상해없음,원동기,남,49세,경상
2012122700100228,2012년 12월 27일 11시,목요일,울산광역시 동구 일산동,경상사고,0,0,1,0,차대차 - 측면직각충돌,직진우회전진행방해,건조,맑음,교차로 - 교차로안,이륜,남,39세,경상,승용,여,35세,상해없음
2012122700100256,2012년 12월 27일 12시,목요일,울산광역시 울주군 온산읍,경상사고,0,0,1,0,차대차 - 기타,교차로운행방법위반,건조,맑음,교차로 - 교차로안,승용,남,52세,상해없음,화물,남,44세,상해없음
2012122700100288,2012년 12월 27일 13시,목요일,울산광역시 북구 호계동,중상사고,0,1,0,0,차대사람 - 횡단중,안전운전불이행,건조,맑음,단일로 - 기타,화물,남,65세,상해없음,보행자,남,56세,중상
2012122700100289,2012년 12월 27일 13시,목요일,울산광역시 남구 무거동,중상사고,0,1,0,0,차대차 - 측면직각충돌,교차로운행방법위반,건조,맑음,교차로 - 교차로안,승용,여,43세,상해없음,승용,여,34세,중상
2012122700100316,2012년 12월 27일 14시,목요일,울산광역시 남구 달동,경상사고,0,0,1,0,차대차 - 측면직각충돌,중앙선침범,건조,맑음,단일로 - 기타,승용,남,63세,상해없음,이륜,남,33세,경상
2012122700100367,2012년 12월 27일 16시,목요일,울산광역시 동구 전하동,중상사고,0,1,0,0,차대차 - 측면직각충돌,안전운전불이행,건조,맑음,교차로 - 교차로안,승용,여,26세,상해없음,이륜,여,40세,중상
2012122700100453,2012년 12월 27일 18시,목요일,울산광역시 울주군 두동면,부상신고사고,0,0,0,1,차대차 - 기타,안전운전불이행,결빙,맑음,단일로 - 기타,승용,남,41세,상해없음,승용,남,32세,상해없음
2012122700100515,2012년 12월 27일 20시,목요일,울산광역시 북구 명촌동,중상사고,0,1,2,0,차대차 - 추돌 - 주정차중,안전운전불이행,건조,맑음,교차로 - 교차로부근,승용,남,33세,중상,승용,남,68세,경상
2012122700100593,2012년 12월 27일 22시,목요일,울산광역시 남구 신정동,경상사고,0,0,1,0,차대차 - 측면직각충돌,안전운전불이행,건조,맑음,교차로 - 교차로안,승용,기타불명,기타불명,기타불명,승합,여,25세,상해없음
2012122800100133,2012년 12월 28일 06시,금요일,울산광역시 울주군 청량면,중상사고,0,1,0,0,차대차 - 측면직각충돌,안전운전불이행,결빙,눈,단일로 - 기타,승용,남,43세,중상,승용,남,63세,기타불명
2012122800100163,2012년 12월 28일 07시,금요일,울산광역시 동구 방어동,중상사고,0,1,0,0,차대사람 - 횡단중,안전운전불이행,습기,비,단일로 - 기타,이륜,남,26세,상해없음,보행자,여,62세,중상
2012122800100240,2012년 12월 28일 10시,금요일,울산광역시 북구 연암동,경상사고,0,0,1,0,차대사람 - 기타,안전운전불이행,적설,눈,단일로 - 기타,승용,남,59세,상해없음,보행자,여,13세,경상
2012122800100261,2012년 12월 28일 11시,금요일,울산광역시 울주군 범서읍,중상사고,0,1,0,0,차량단독 - 공작물충돌,안전운전불이행,적설,눈,단일로 - 기타,승용,남,58세,상해없음,,,,
2012122800100555,2012년 12월 28일 22시,금요일,울산광역시 울주군 언양읍,경상사고,0,0,2,0,차대차 - 기타,안전거리미확보,결빙,흐림,단일로 - 교량,화물,남,52세,상해없음,승합,남,52세,상해없음
2012122800100589,2012년 12월 28일 23시,금요일,울산광역시 울주군 청량면,사망사고,1,0,0,0,차대차 - 기타,중앙선침범,결빙,흐림,단일로 - 기타,승용,남,60세,사망,화물,남,44세,상해없음
2012122800100590,2012년 12월 28일 23시,금요일,울산광역시 울주군 온산읍,중상사고,0,1,1,0,차대차 - 기타,안전운전불이행,적설,눈,교차로 - 교차로안,승용,남,29세,상해없음,승용,남,28세,경상
2012122800100591,2012년 12월 28일 23시,금요일,울산광역시 울주군 범서읍,경상사고,0,0,1,0,차량단독 - 공작물충돌,안전운전불이행,결빙,흐림,단일로 - 기타,승용,남,41세,상해없음,,,,
2012122900100050,2012년 12월 29일 01시,토요일,울산광역시 남구 무거동,경상사고,0,0,1,0,차대차 - 기타,안전운전불이행,결빙,흐림,단일로 - 기타,승용,남,27세,상해없음,승용,남,42세,경상
2012122900100071,2012년 12월 29일 02시,토요일,울산광역시 동구 전하동,중상사고,0,2,1,0,차대차 - 측면직각충돌,교차로운행방법위반,건조,맑음,교차로 - 교차로안,승용,남,48세,상해없음,승용,남,41세,경상
2012122900100072,2012년 12월 29일 02시,토요일,울산광역시 동구 서부동,경상사고,0,0,1,0,차대차 - 추돌 - 주정차중,안전운전불이행,건조,맑음,교차로 - 교차로부근,이륜,남,15세,상해없음,승용,여,31세,기타불명
2012122900100095,2012년 12월 29일 03시,토요일,울산광역시 중구 반구동,중상사고,0,1,0,0,차대차 - 추돌 - 주정차중,안전운전불이행,기타,흐림,단일로 - 교량,승용,여,47세,상해없음,이륜,남,34세,중상
2012122900100136,2012년 12월 29일 05시,토요일,울산광역시 남구 무거동,경상사고,0,0,1,0,차량단독 - 기타,안전운전불이행,적설,눈,교차로 - 교차로부근,승용,여,45세,상해없음,,,,
2012122900100160,2012년 12월 29일 06시,토요일,울산광역시 남구 달동,중상사고,0,1,0,0,차대사람 - 횡단중,안전운전불이행,건조,맑음,단일로 - 기타,승용,남,65세,상해없음,보행자,남,46세,중상
2012122900100161,2012년 12월 29일 06시,토요일,울산광역시 울주군 온양읍,중상사고,0,1,0,0,차대차 - 기타,중앙선침범,결빙,맑음,단일로 - 기타,화물,남,59세,상해없음,승용,남,55세,중상
2012122900100177,2012년 12월 29일 07시,토요일,울산광역시 중구 반구동,중상사고,0,3,1,0,차대차 - 정면충돌,중앙선침범,결빙,흐림,단일로 - 교량,화물,남,54세,상해없음,승용,남,52세,경상
2012122900100307,2012년 12월 29일 13시,토요일,울산광역시 동구 방어동,경상사고,0,0,1,0,차대사람 - 길가장자리구역통행중,안전운전불이행,건조,맑음,단일로 - 기타,승용,남,62세,상해없음,보행자,여,3세,경상
2012122900100328,2012년 12월 29일 14시,토요일,울산광역시 울주군 언양읍,중상사고,0,2,3,0,차대사람 - 길가장자리구역통행중,안전운전불이행,건조,맑음,단일로 - 기타,승용,남,47세,상해없음,보행자,여,68세,중상
2012122900100406,2012년 12월 29일 18시,토요일,울산광역시 중구 남외동,경상사고,0,0,1,0,차대사람 - 길가장자리구역통행중,안전운전불이행,건조,흐림,단일로 - 기타,승용,남,64세,상해없음,보행자,여,37세,경상
2012122900100468,2012년 12월 29일 20시,토요일,울산광역시 중구 옥교동,경상사고,0,0,1,0,차대사람 - 길가장자리구역통행중,안전운전불이행,건조,흐림,단일로 - 기타,승용,남,53세,상해없음,보행자,남,25세,경상
2012122900100538,2012년 12월 29일 22시,토요일,울산광역시 남구 삼산동,중상사고,0,1,0,0,차대사람 - 횡단중,안전운전불이행,건조,흐림,단일로 - 기타,승용,남,24세,상해없음,보행자,남,31세,중상
2012123000100045,2012년 12월 30일 00시,일요일,울산광역시 중구 옥교동,경상사고,0,0,2,0,차대차 - 정면충돌,중앙선침범,습기,비,교차로 - 교차로부근,승용,남,50세,상해없음,승용,남,41세,경상
2012123000100106,2012년 12월 30일 01시,일요일,울산광역시 북구 송정동,중상사고,0,4,1,0,차대차 - 추돌 - 주정차중,안전거리미확보,습기,비,단일로 - 기타,승용,남,31세,상해없음,승합,여,44세,중상
2012123000100107,2012년 12월 30일 01시,일요일,울산광역시 남구 신정동,중상사고,0,1,0,0,차대사람 - 횡단중,안전운전불이행,습기,흐림,단일로 - 기타,승용,남,42세,상해없음,보행자,남,46세,중상
2012123000100108,2012년 12월 30일 01시,일요일,울산광역시 남구 무거동,중상사고,0,1,0,0,차대차 - 측면직각충돌,안전운전불이행,습기,흐림,교차로 - 교차로부근,승용,남,55세,상해없음,승용,남,44세,상해없음
2012123000100137,2012년 12월 30일 02시,일요일,울산광역시 울주군 온산읍,부상신고사고,0,0,0,1,차대차 - 추돌 - 진행중,안전운전불이행,습기,비,단일로 - 기타,승용,여,35세,상해없음,승용,남,48세,부상신고
2012123000100183,2012년 12월 30일 05시,일요일,울산광역시 울주군 삼남면,중상사고,0,1,1,0,차대차 - 추돌 - 진행중,안전거리미확보,건조,맑음,단일로 - 기타,승용,남,50세,상해없음,승용,남,37세,중상
2012123000100431,2012년 12월 30일 16시,일요일,울산광역시 북구 신천동,사망사고,1,0,1,0,차대차 - 추돌 - 주정차중,안전운전불이행,건조,맑음,교차로 - 교차로부근,화물,남,51세,사망,화물,남,35세,경상
2012123000100457,2012년 12월 30일 17시,일요일,울산광역시 동구 화정동,중상사고,0,1,0,0,차대차 - 측면직각충돌,교차로운행방법위반,건조,맑음,교차로 - 교차로안,승용,남,67세,상해없음,이륜,남,59세,중상
2012123000100511,2012년 12월 30일 19시,일요일,울산광역시 남구 신정동,중상사고,0,1,3,0,차대차 - 정면충돌,신호위반,건조,맑음,교차로 - 교차로안,승용,남,46세,상해없음,승용,남,55세,중상
2012123000100533,2012년 12월 30일 20시,일요일,울산광역시 남구 삼산동,중상사고,0,1,1,0,차대사람 - 횡단중,안전운전불이행,건조,맑음,교차로 - 교차로안,승용,여,51세,상해없음,보행자,여,43세,중상
2012123000100551,2012년 12월 30일 21시,일요일,울산광역시 동구 방어동,경상사고,0,0,2,0,차대차 - 측면직각충돌,안전운전불이행,건조,맑음,단일로 - 기타,승용,남,37세,상해없음,승용,남,23세,경상
2012123000100552,2012년 12월 30일 21시,일요일,울산광역시 북구 양정동,중상사고,0,1,1,0,차대차 - 측면직각충돌,안전운전불이행,건조,맑음,교차로 - 교차로부근,승용,남,45세,상해없음,승용,남,45세,경상
2012123000100564,2012년 12월 30일 22시,일요일,울산광역시 남구 삼산동,중상사고,0,3,0,0,차대차 - 추돌 - 주정차중,안전운전불이행,건조,맑음,단일로 - 기타,승용,남,43세,중상,화물,남,49세,기타불명
2012123100100102,2012년 12월 31일 07시,월요일,울산광역시 중구 교동,경상사고,0,0,1,0,차대차 - 측면직각충돌,중앙선침범,건조,맑음,단일로 - 기타,승용,남,57세,상해없음,원동기,남,45세,경상
2012123100100103,2012년 12월 31일 07시,월요일,울산광역시 동구 일산동,중상사고,0,1,0,0,차대차 - 정면충돌,안전운전불이행,건조,맑음,교차로 - 교차로안,승용,남,26세,상해없음,이륜,남,32세,중상
2012123100100231,2012년 12월 31일 12시,월요일,울산광역시 울주군 두서면,중상사고,0,1,0,1,차대차 - 측면직각충돌,안전거리미확보,건조,맑음,교차로 - 교차로부근,승용,여,51세,상해없음,화물,남,59세,중상
2012123100100268,2012년 12월 31일 13시,월요일,울산광역시 동구 전하동,경상사고,0,0,1,0,차대차 - 측면직각충돌,교차로운행방법위반,건조,맑음,교차로 - 교차로안,승용,남,59세,상해없음,이륜,남,28세,경상
2012123100100306,2012년 12월 31일 14시,월요일,울산광역시 남구 옥동,중상사고,0,1,0,0,차대차 - 측면직각충돌,교차로운행방법위반,건조,맑음,교차로 - 교차로안,승용,여,45세,상해없음,이륜,남,52세,중상
2012123100100336,2012년 12월 31일 15시,월요일,울산광역시 동구 일산동,중상사고,0,1,0,0,차대차 - 측면직각충돌,신호위반,건조,맑음,교차로 - 교차로안,승용,여,55세,상해없음,이륜,남,45세,중상
2012123100100368,2012년 12월 31일 16시,월요일,울산광역시 동구 방어동,경상사고,0,0,1,0,차대사람 - 횡단중,안전운전불이행,건조,맑음,교차로 - 교차로부근,승합,남,54세,상해없음,보행자,남,54세,경상
2012123100100388,2012년 12월 31일 17시,월요일,울산광역시 북구 명촌동,경상사고,0,0,2,0,차대차 - 추돌 - 주정차중,안전운전불이행,건조,맑음,단일로 - 기타,승용,남,54세,상해없음,화물,남,63세,상해없음
2012123100100389,2012년 12월 31일 17시,월요일,울산광역시 남구 무거동,경상사고,0,0,5,0,차대차 - 기타,신호위반,건조,맑음,교차로 - 교차로안,승용,남,55세,상해없음,승합,남,53세,경상
2012123100100435,2012년 12월 31일 18시,월요일,울산광역시 동구 일산동,경상사고,0,0,1,0,차대차 - 기타,안전운전불이행,건조,맑음,교차로 - 교차로안,이륜,남,53세,경상,승용,남,51세,상해없음
2012123100100436,2012년 12월 31일 18시,월요일,울산광역시 동구 방어동,경상사고,0,0,2,0,차대차 - 추돌 - 진행중,안전운전불이행,건조,맑음,교차로 - 교차로부근,승용,남,53세,상해없음,승용,남,32세,경상
2012123100100467,2012년 12월 31일 19시,월요일,울산광역시 동구 서부동,경상사고,0,0,2,0,차대차 - 측면직각충돌,안전거리미확보,건조,맑음,단일로 - 기타,승용,남,50세,상해없음,승용,남,33세,경상
2012123100100526,2012년 12월 31일 21시,월요일,울산광역시 울주군 웅촌면,경상사고,0,0,2,0,차대차 - 추돌 - 주정차중,안전운전불이행,건조,맑음,교차로 - 교차로부근,승용,남,58세,상해없음,승용,남,37세,경상